checkpoint,model,mode,fold,rmse,mae,r2,n_features_retained,fit_seconds,best_params
OHMIC,elasticnet,full,0,1.6930153022907741,1.3975753817003127,0.42585602092870956,16,2.6074302196502686,"{""model__alpha"": 0.021544346900318832, ""model__l1_ratio"": 0.8}"
OHMIC,elasticnet,full,1,2.0572906263380046,1.6016943538716397,0.36656545157998155,16,0.18710875511169434,"{""model__alpha"": 0.021544346900318832, ""model__l1_ratio"": 0.2}"
OHMIC,elasticnet,full,2,1.622818295387444,1.3281725635718393,0.34358211410395356,16,0.19126653671264648,"{""model__alpha"": 0.021544346900318832, ""model__l1_ratio"": 0.8}"
OHMIC,elasticnet,full,3,1.8540810176546096,1.4821318316610528,0.43706284907640625,16,0.187819242477417,"{""model__alpha"": 0.021544346900318832, ""model__l1_ratio"": 0.2}"
OHMIC,elasticnet,full,4,1.7022192881843898,1.4116779660475154,0.2521719273662433,16,0.1842174530029297,"{""model__alpha"": 0.05994842503189409, ""model__l1_ratio"": 0.2}"
OHMIC,elasticnet,selected,0,1.6977563561486984,1.3962937815202514,0.4226358977779917,15,0.4293515682220459,"{""model__alpha"": 0.05994842503189409, ""model__l1_ratio"": 0.2}"
OHMIC,elasticnet,selected,1,2.0360423082992223,1.593547533156788,0.3795824868030968,15,0.22838115692138672,"{""model__alpha"": 0.021544346900318832, ""model__l1_ratio"": 0.2}"
OHMIC,elasticnet,selected,2,1.6224480469257605,1.3293580442680872,0.34388160541293544,15,0.20301318168640137,"{""model__alpha"": 0.021544346900318832, ""model__l1_ratio"": 0.2}"
OHMIC,elasticnet,selected,3,1.8482767941844507,1.484828732225366,0.4405818956058589,15,0.20267343521118164,"{""model__alpha"": 0.021544346900318832, ""model__l1_ratio"": 0.5}"
OHMIC,elasticnet,selected,4,1.7043993886027484,1.4144440113220889,0.25025515397941933,15,0.19564604759216309,"{""model__alpha"": 0.05994842503189409, ""model__l1_ratio"": 0.2}"
OHMIC,random_forest,full,0,0.6091932338720278,0.40798179123536005,0.925662287996749,16,3.5239956378936768,"{""model__max_depth"": null, ""model__min_samples_leaf"": 1.0, ""model__n_estimators"": 500.0}"
OHMIC,random_forest,full,1,0.7474247038779895,0.5000799789020904,0.9163924786917756,16,3.4348838329315186,"{""model__max_depth"": null, ""model__min_samples_leaf"": 1.0, ""model__n_estimators"": 300.0}"
OHMIC,random_forest,full,2,0.5611947714387144,0.3933831933988551,0.9215003269574238,16,3.582850933074951,"{""model__max_depth"": null, ""model__min_samples_leaf"": 1.0, ""model__n_estimators"": 500.0}"
OHMIC,random_forest,full,3,0.5898167901351559,0.3869133733183326,0.9430312410841912,16,3.382918357849121,"{""model__max_depth"": null, ""model__min_samples_leaf"": 1.0, ""model__n_estimators"": 300.0}"
OHMIC,random_forest,full,4,0.5211485744355323,0.3834911510651102,0.9299038996242455,16,3.1579105854034424,"{""model__max_depth"": null, ""model__min_samples_leaf"": 1.0, ""model__n_estimators"": 300.0}"
OHMIC,random_forest,selected,0,0.6104477460664947,0.4083444673601002,0.925355805312035,15,3.330615997314453,"{""model__max_depth"": null, ""model__min_samples_leaf"": 1.0, ""model__n_estimators"": 500.0}"
OHMIC,random_forest,selected,1,0.7481862484981348,0.5028735967570847,0.9162220179227617,15,3.1003265380859375,"{""model__max_depth"": null, ""model__min_samples_leaf"": 1.0, ""model__n_estimators"": 300.0}"
OHMIC,random_forest,selected,2,0.5643236833841269,0.3982802328987754,0.9206225451464496,15,3.6005024909973145,"{""model__max_depth"": null, ""model__min_samples_leaf"": 1.0, ""model__n_estimators"": 500.0}"
OHMIC,random_forest,selected,3,0.6071504731582482,0.40348529332250493,0.9396336147127913,15,3.468977928161621,"{""model__max_depth"": null, ""model__min_samples_leaf"": 1.0, ""model__n_estimators"": 300.0}"
OHMIC,random_forest,selected,4,0.5208158164427086,0.38244679272039644,0.9299933850116676,15,3.147106170654297,"{""model__max_depth"": null, ""model__min_samples_leaf"": 1.0, ""model__n_estimators"": 300.0}"
OHMIC,lightgbm,full,0,0.5522105315478152,0.38328198805684616,0.9389186794111087,16,5.068574905395508,"{""model__learning_rate"": 0.06, ""model__n_estimators"": 600.0, ""model__num_leaves"": 31.0}"
OHMIC,lightgbm,full,1,0.8393216415204963,0.4846209922251136,0.8945692502858569,16,5.2944183349609375,"{""model__learning_rate"": 0.06, ""model__n_estimators"": 600.0, ""model__num_leaves"": 31.0}"
OHMIC,lightgbm,full,2,0.5808115427666808,0.4063922037952404,0.9159164395798844,16,6.48028302192688,"{""model__learning_rate"": 0.06, ""model__n_estimators"": 600.0, ""model__num_leaves"": 15.0}"
OHMIC,lightgbm,full,3,0.5595420565745185,0.3908776395884723,0.9487294513179767,16,6.221505165100098,"{""model__learning_rate"": 0.06, ""model__n_estimators"": 600.0, ""model__num_leaves"": 15.0}"
OHMIC,lightgbm,full,4,0.47114723890205007,0.36786469145100253,0.942709310356011,16,5.913980484008789,"{""model__learning_rate"": 0.06, ""model__n_estimators"": 600.0, ""model__num_leaves"": 15.0}"
OHMIC,lightgbm,selected,0,0.5474986454879401,0.37314000231196276,0.9399566180442447,15,6.178666591644287,"{""model__learning_rate"": 0.03, ""model__n_estimators"": 600.0, ""model__num_leaves"": 31.0}"
OHMIC,lightgbm,selected,1,0.8491400353845828,0.5096202146699905,0.8920881626197958,15,6.084327459335327,"{""model__learning_rate"": 0.06, ""model__n_estimators"": 600.0, ""model__num_leaves"": 31.0}"
OHMIC,lightgbm,selected,2,0.5647388064659646,0.4074099889148421,0.9205057202306082,15,6.107603549957275,"{""model__learning_rate"": 0.06, ""model__n_estimators"": 600.0, ""model__num_leaves"": 15.0}"
OHMIC,lightgbm,selected,3,0.5449966965961838,0.37989387131134933,0.9513603730446505,15,6.106537818908691,"{""model__learning_rate"": 0.06, ""model__n_estimators"": 600.0, ""model__num_leaves"": 31.0}"
OHMIC,lightgbm,selected,4,0.49232567653345,0.38508387226058216,0.9374430275403228,15,6.0568156242370605,"{""model__learning_rate"": 0.06, ""model__n_estimators"": 600.0, ""model__num_leaves"": 15.0}"
FIC,elasticnet,full,0,1.1194176401450497,0.8553577806304264,0.7489944405776964,109,0.5054798126220703,"{""model__alpha"": 0.0027825594022071257, ""model__l1_ratio"": 0.8}"
FIC,elasticnet,full,1,1.3132147610930636,1.0566735676150503,0.7419035901028207,109,0.505537748336792,"{""model__alpha"": 0.0027825594022071257, ""model__l1_ratio"": 0.8}"
FIC,elasticnet,full,2,1.1552461185684941,0.9378769465512247,0.6673483731665736,109,0.48786330223083496,"{""model__alpha"": 0.007742636826811269, ""model__l1_ratio"": 0.5}"
FIC,elasticnet,full,3,1.2016124684858622,0.9440915350639503,0.7635543394373773,109,0.4768097400665283,"{""model__alpha"": 0.0027825594022071257, ""model__l1_ratio"": 0.8}"
FIC,elasticnet,full,4,1.201786869881396,0.9853938558593943,0.6272431276176998,109,0.46518993377685547,"{""model__alpha"": 0.0027825594022071257, ""model__l1_ratio"": 0.2}"
FIC,elasticnet,selected,0,1.4138756571953126,1.1031816999149553,0.5995747251259447,84,0.6167271137237549,"{""model__alpha"": 0.021544346900318832, ""model__l1_ratio"": 0.2}"
FIC,elasticnet,selected,1,1.6813454517265716,1.3410996935715247,0.5769181848988165,84,0.6174900531768799,"{""model__alpha"": 0.021544346900318832, ""model__l1_ratio"": 0.2}"
FIC,elasticnet,selected,2,1.4026071513300356,1.1089327665539954,0.5096426229030131,84,0.6004211902618408,"{""model__alpha"": 0.007742636826811269, ""model__l1_ratio"": 0.5}"
FIC,elasticnet,selected,3,1.5108534179629802,1.1861082552435052,0.6261932335505351,84,0.6006412506103516,"{""model__alpha"": 0.021544346900318832, ""model__l1_ratio"": 0.2}"
FIC,elasticnet,selected,4,1.3881215489526328,1.100642311391155,0.5026916607801357,84,0.6078519821166992,"{""model__alpha"": 0.007742636826811269, ""model__l1_ratio"": 0.8}"
FIC,random_forest,full,0,0.3845525668246064,0.2653457511355967,0.9703782660522299,109,17.847221612930298,"{""model__max_depth"": null, ""model__min_samples_leaf"": 1.0, ""model__n_estimators"": 300.0}"
FIC,random_forest,full,1,0.4689850682506905,0.33099457547890526,0.967082375754222,109,17.559041023254395,"{""model__max_depth"": null, ""model__min_samples_leaf"": 1.0, ""model__n_estimators"": 300.0}"
FIC,random_forest,full,2,0.39035833144729565,0.28331950452466315,0.9620189014807443,109,18.88348388671875,"{""model__max_depth"": null, ""model__min_samples_leaf"": 1.0, ""model__n_estimators"": 500.0}"
FIC,random_forest,full,3,0.4607324966308153,0.3083804440431576,0.965238365721951,109,18.888932943344116,"{""model__max_depth"": null, ""model__min_samples_leaf"": 1.0, ""model__n_estimators"": 500.0}"
FIC,random_forest,full,4,0.42049165181265324,0.3044885637244329,0.9543663186506788,109,16.866350650787354,"{""model__max_depth"": null, ""model__min_samples_leaf"": 1.0, ""model__n_estimators"": 300.0}"
FIC,random_forest,selected,0,0.4626358637236934,0.3319066212262441,0.9571276153331201,84,13.615052461624146,"{""model__max_depth"": null, ""model__min_samples_leaf"": 1.0, ""model__n_estimators"": 500.0}"
FIC,random_forest,selected,1,0.5437949706137211,0.36831618403595645,0.9557431168053129,84,13.232768058776855,"{""model__max_depth"": null, ""model__min_samples_leaf"": 1.0, ""model__n_estimators"": 500.0}"
FIC,random_forest,selected,2,0.44147338312478,0.3042402649467802,0.9514208775905267,84,13.443153142929077,"{""model__max_depth"": null, ""model__min_samples_leaf"": 1.0, ""model__n_estimators"": 300.0}"
FIC,random_forest,selected,3,0.5115546589283192,0.33766009057414187,0.9571464717618994,84,13.880196332931519,"{""model__max_depth"": null, ""model__min_samples_leaf"": 1.0, ""model__n_estimators"": 500.0}"
FIC,random_forest,selected,4,0.4275032959124259,0.2973754255817982,0.9528317586348409,84,22.43305277824402,"{""model__max_depth"": null, ""model__min_samples_leaf"": 1.0, ""model__n_estimators"": 300.0}"
FIC,lightgbm,full,0,0.36462077871540993,0.25144005932360536,0.9733693432835637,109,13.6095871925354,"{""model__learning_rate"": 0.06, ""model__n_estimators"": 600.0, ""model__num_leaves"": 15.0}"
FIC,lightgbm,full,1,0.35083753774819415,0.2608235215140268,0.9815786030548008,109,9.646644830703735,"{""model__learning_rate"": 0.06, ""model__n_estimators"": 600.0, ""model__num_leaves"": 15.0}"
FIC,lightgbm,full,2,0.42964367218283195,0.27041694625035023,0.9539894467585277,109,10.422718048095703,"{""model__learning_rate"": 0.03, ""model__n_estimators"": 600.0, ""model__num_leaves"": 15.0}"
FIC,lightgbm,full,3,0.3735728199791783,0.2582561452720749,0.9771464833847237,109,9.042969703674316,"{""model__learning_rate"": 0.06, ""model__n_estimators"": 600.0, ""model__num_leaves"": 15.0}"
FIC,lightgbm,full,4,0.3409241520922772,0.2370275898552902,0.9700024153472512,109,9.162319660186768,"{""model__learning_rate"": 0.03, ""model__n_estimators"": 600.0, ""model__num_leaves"": 15.0}"
FIC,lightgbm,selected,0,0.39035614115424205,0.2804153239234987,0.9694774312829351,84,8.20040488243103,"{""model__learning_rate"": 0.06, ""model__n_estimators"": 600.0, ""model__num_leaves"": 15.0}"
FIC,lightgbm,selected,1,0.3957290838996216,0.2918351361771376,0.9765627640909796,84,8.419209957122803,"{""model__learning_rate"": 0.06, ""model__n_estimators"": 600.0, ""model__num_leaves"": 15.0}"
FIC,lightgbm,selected,2,0.4766647974461876,0.336897526769595,0.9433673642086369,84,8.10100269317627,"{""model__learning_rate"": 0.06, ""model__n_estimators"": 600.0, ""model__num_leaves"": 15.0}"
FIC,lightgbm,selected,3,0.3737311187706852,0.2642425736118961,0.9771271112551031,84,8.887139081954956,"{""model__learning_rate"": 0.06, ""model__n_estimators"": 600.0, ""model__num_leaves"": 15.0}"
FIC,lightgbm,selected,4,0.3803135238084875,0.2778364588835936,0.9626703182371871,84,8.48239254951477,"{""model__learning_rate"": 0.03, ""model__n_estimators"": 600.0, ""model__num_leaves"": 15.0}"
SIN,elasticnet,full,0,0.6414260869280513,0.5110313050640511,0.9175876524378253,195,1.6295998096466064,"{""model__alpha"": 0.0027825594022071257, ""model__l1_ratio"": 0.5}"
SIN,elasticnet,full,1,0.7100203359386861,0.5784799486444714,0.924551253739968,195,1.869981050491333,"{""model__alpha"": 0.0027825594022071257, ""model__l1_ratio"": 0.2}"
SIN,elasticnet,full,2,0.713695378164095,0.5634649365868463,0.8730401547915239,195,1.4533309936523438,"{""model__alpha"": 0.0027825594022071257, ""model__l1_ratio"": 0.5}"
SIN,elasticnet,full,3,0.6298976912685654,0.5060742093532009,0.9350255624430538,195,1.4991085529327393,"{""model__alpha"": 0.0027825594022071257, ""model__l1_ratio"": 0.2}"
SIN,elasticnet,full,4,0.6863360119637931,0.5428902869165194,0.8784249874092269,195,1.4501454830169678,"{""model__alpha"": 0.0027825594022071257, ""model__l1_ratio"": 0.2}"
SIN,elasticnet,selected,0,0.8474742414102696,0.6749583321439345,0.8561360230671415,142,1.0799784660339355,"{""model__alpha"": 0.007742636826811269, ""model__l1_ratio"": 0.5}"
SIN,elasticnet,selected,1,0.9735412995002433,0.7828868827161128,0.85815330808964,144,1.0005879402160645,"{""model__alpha"": 0.007742636826811269, ""model__l1_ratio"": 0.2}"
SIN,elasticnet,selected,2,0.9392668523519515,0.7538160249791072,0.7801033528829124,141,0.9766592979431152,"{""model__alpha"": 0.0027825594022071257, ""model__l1_ratio"": 0.8}"
SIN,elasticnet,selected,3,0.8232820987488438,0.6477590627372429,0.8890059137381465,141,0.9797024726867676,"{""model__alpha"": 0.007742636826811269, ""model__l1_ratio"": 0.2}"
SIN,elasticnet,selected,4,0.8855460748526235,0.6879796335379953,0.7976081247768553,142,0.9652345180511475,"{""model__alpha"": 0.0027825594022071257, ""model__l1_ratio"": 0.8}"
SIN,random_forest,full,0,0.36805724444204485,0.2572173924647457,0.9728650023364457,195,29.964070081710815,"{""model__max_depth"": null, ""model__min_samples_leaf"": 1.0, ""model__n_estimators"": 500.0}"
SIN,random_forest,full,1,0.456561266993293,0.32701190151251935,0.9688033053879874,195,27.976759433746338,"{""model__max_depth"": null, ""model__min_samples_leaf"": 1.0, ""model__n_estimators"": 300.0}"
SIN,random_forest,full,2,0.6402638418929978,0.3367165888446613,0.8978217246136162,195,30.266000032424927,"{""model__max_depth"": null, ""model__min_samples_leaf"": 1.0, ""model__n_estimators"": 500.0}"
SIN,random_forest,full,3,0.3664392129049699,0.2675560785944508,0.9780109544499689,195,28.717464447021484,"{""model__max_depth"": null, ""model__min_samples_leaf"": 1.0, ""model__n_estimators"": 300.0}"
SIN,random_forest,full,4,0.45979340628148707,0.32426161717052493,0.9454372529641463,195,28.66282629966736,"{""model__max_depth"": null, ""model__min_samples_leaf"": 1.0, ""model__n_estimators"": 300.0}"
SIN,random_forest,selected,0,0.41745981866563125,0.28323847914068506,0.9650917234314306,142,22.608139753341675,"{""model__max_depth"": null, ""model__min_samples_leaf"": 1.0, ""model__n_estimators"": 500.0}"
SIN,random_forest,selected,1,0.5794943404800534,0.4006090665730201,0.9497415778585973,144,21.509079217910767,"{""model__max_depth"": null, ""model__min_samples_leaf"": 1.0, ""model__n_estimators"": 500.0}"
SIN,random_forest,selected,2,0.43764382634203397,0.30045723037562794,0.9522600204644565,141,22.108540773391724,"{""model__max_depth"": null, ""model__min_samples_leaf"": 1.0, ""model__n_estimators"": 500.0}"
SIN,random_forest,selected,3,0.4080017638294619,0.29484611824318635,0.9727399544713415,141,20.974552154541016,"{""model__max_depth"": null, ""model__min_samples_leaf"": 1.0, ""model__n_estimators"": 300.0}"
SIN,random_forest,selected,4,0.5050546076748083,0.3367402302646957,0.9341664272482589,142,22.107882738113403,"{""model__max_depth"": null, ""model__min_samples_leaf"": 1.0, ""model__n_estimators"": 500.0}"
SIN,lightgbm,full,0,0.29991495580951283,0.22038390679995873,0.9819824683248555,195,13.820000648498535,"{""model__learning_rate"": 0.03, ""model__n_estimators"": 600.0, ""model__num_leaves"": 15.0}"
SIN,lightgbm,full,1,0.327220176823439,0.2262817489634807,0.9839752743821266,195,13.546809911727905,"{""model__learning_rate"": 0.03, ""model__n_estimators"": 600.0, ""model__num_leaves"": 15.0}"
SIN,lightgbm,full,2,0.6397575084430445,0.2908907194765451,0.8979832699587098,195,13.315857887268066,"{""model__learning_rate"": 0.06, ""model__n_estimators"": 600.0, ""model__num_leaves"": 15.0}"
SIN,lightgbm,full,3,0.3334143615322055,0.22997688156944024,0.9817958208352702,195,13.97967004776001,"{""model__learning_rate"": 0.06, ""model__n_estimators"": 600.0, ""model__num_leaves"": 15.0}"
SIN,lightgbm,full,4,0.33807751214008486,0.23532481944396758,0.9705012701164396,195,13.427258729934692,"{""model__learning_rate"": 0.03, ""model__n_estimators"": 600.0, ""model__num_leaves"": 15.0}"
SIN,lightgbm,selected,0,0.3249258591354276,0.23424375869650332,0.9788520828802737,142,10.821409702301025,"{""model__learning_rate"": 0.03, ""model__n_estimators"": 600.0, ""model__num_leaves"": 15.0}"
SIN,lightgbm,selected,1,0.4087303315601872,0.2823166116400318,0.9749974567485443,144,10.6632981300354,"{""model__learning_rate"": 0.06, ""model__n_estimators"": 600.0, ""model__num_leaves"": 15.0}"
SIN,lightgbm,selected,2,0.3691980823884509,0.2518930291808424,0.9660249981613962,141,10.805938482284546,"{""model__learning_rate"": 0.03, ""model__n_estimators"": 600.0, ""model__num_leaves"": 15.0}"
SIN,lightgbm,selected,3,0.3571251573369382,0.2453170201424145,0.979114571734033,141,10.775751829147339,"{""model__learning_rate"": 0.03, ""model__n_estimators"": 600.0, ""model__num_leaves"": 15.0}"
SIN,lightgbm,selected,4,0.4136405026188836,0.2958527701682481,0.9558412405954576,142,10.705913066864014,"{""model__learning_rate"": 0.06, ""model__n_estimators"": 600.0, ""model__num_leaves"": 15.0}"
THIN,elasticnet,full,0,0.38377305166505754,0.29818136734111883,0.9704982350215046,317,2.8128716945648193,"{""model__alpha"": 0.001, ""model__l1_ratio"": 0.8}"
THIN,elasticnet,full,1,0.38883678546418815,0.31183139017215944,0.9773720536500498,317,2.8653457164764404,"{""model__alpha"": 0.001, ""model__l1_ratio"": 0.8}"
THIN,elasticnet,full,2,0.3853781278511264,0.30832619540225437,0.9629818474437044,317,2.75985050201416,"{""model__alpha"": 0.001, ""model__l1_ratio"": 0.8}"
THIN,elasticnet,full,3,0.3810606647174064,0.3012308725211286,0.9762211560361462,317,2.5868492126464844,"{""model__alpha"": 0.001, ""model__l1_ratio"": 0.8}"
THIN,elasticnet,full,4,0.3890569024003838,0.3111870565451664,0.9609341751242299,317,2.490957021713257,"{""model__alpha"": 0.001, ""model__l1_ratio"": 0.8}"
THIN,elasticnet,selected,0,0.529858024192111,0.4214068464128722,0.9437635264623695,225,1.5970408916473389,"{""model__alpha"": 0.0027825594022071257, ""model__l1_ratio"": 0.5}"
THIN,elasticnet,selected,1,0.6316148633293894,0.4993603341736593,0.9402943906760858,227,1.8306457996368408,"{""model__alpha"": 0.0027825594022071257, ""model__l1_ratio"": 0.8}"
THIN,elasticnet,selected,2,0.6286799973534206,0.4847272278168559,0.9014855581843862,223,1.8747551441192627,"{""model__alpha"": 0.007742636826811269, ""model__l1_ratio"": 0.2}"
THIN,elasticnet,selected,3,0.5669844883456202,0.44521540764474715,0.9473564884644174,226,1.900909423828125,"{""model__alpha"": 0.0027825594022071257, ""model__l1_ratio"": 0.5}"
THIN,elasticnet,selected,4,0.6055823376119486,0.4845864868420658,0.9053507559615036,223,1.6342697143554688,"{""model__alpha"": 0.0027825594022071257, ""model__l1_ratio"": 0.5}"
THIN,random_forest,full,0,0.3389813578185613,0.2237244237310442,0.9769828961195844,317,48.215370655059814,"{""model__max_depth"": null, ""model__min_samples_leaf"": 1.0, ""model__n_estimators"": 500.0}"
THIN,random_forest,full,1,0.4016089792554026,0.2890798414519583,0.9758611108332139,317,46.27120542526245,"{""model__max_depth"": null, ""model__min_samples_leaf"": 1.0, ""model__n_estimators"": 500.0}"
THIN,random_forest,full,2,0.3814914157584785,0.26361897527068695,0.963724771595664,317,48.87815856933594,"{""model__max_depth"": null, ""model__min_samples_leaf"": 1.0, ""model__n_estimators"": 500.0}"
THIN,random_forest,full,3,0.325347736529559,0.23128433825310554,0.9826660286275107,317,47.33453392982483,"{""model__max_depth"": null, ""model__min_samples_leaf"": 1.0, ""model__n_estimators"": 500.0}"
THIN,random_forest,full,4,0.39736855766486606,0.2773925779566441,0.959247172195201,317,45.412055015563965,"{""model__max_depth"": null, ""model__min_samples_leaf"": 1.0, ""model__n_estimators"": 300.0}"
THIN,random_forest,selected,0,0.3165962518543959,0.23132079996028848,0.979922456023002,225,33.06274127960205,"{""model__max_depth"": null, ""model__min_samples_leaf"": 1.0, ""model__n_estimators"": 300.0}"
THIN,random_forest,selected,1,0.5525049327556388,0.3567887657991801,0.9543140382730364,227,31.610320806503296,"{""model__max_depth"": null, ""model__min_samples_leaf"": 1.0, ""model__n_estimators"": 300.0}"
THIN,random_forest,selected,2,0.4581369461977992,0.3164000633067022,0.9476843953821595,223,34.43742537498474,"{""model__max_depth"": null, ""model__min_samples_leaf"": 1.0, ""model__n_estimators"": 500.0}"
THIN,random_forest,selected,3,0.3981654370363681,0.2861755653640624,0.9740385101308168,226,34.246569871902466,"{""model__max_depth"": null, ""model__min_samples_leaf"": 1.0, ""model__n_estimators"": 500.0}"
THIN,random_forest,selected,4,0.47222150960191694,0.3246436403023852,0.9424477535861832,223,33.89895296096802,"{""model__max_depth"": null, ""model__min_samples_leaf"": 1.0, ""model__n_estimators"": 500.0}"
THIN,lightgbm,full,0,0.284041925243902,0.19843009329879446,0.9838391595320131,317,20.47088623046875,"{""model__learning_rate"": 0.03, ""model__n_estimators"": 600.0, ""model__num_leaves"": 15.0}"
THIN,lightgbm,full,1,0.2929316940197278,0.20751534463179405,0.9871576891358493,317,20.231776475906372,"{""model__learning_rate"": 0.03, ""model__n_estimators"": 600.0, ""model__num_leaves"": 15.0}"
THIN,lightgbm,full,2,0.34663626710977447,0.21804686747454174,0.9700505663648572,317,19.99574065208435,"{""model__learning_rate"": 0.03, ""model__n_estimators"": 600.0, ""model__num_leaves"": 15.0}"
THIN,lightgbm,full,3,0.2821295018160674,0.19745232417361644,0.9869653462352325,317,20.422433614730835,"{""model__learning_rate"": 0.03, ""model__n_estimators"": 600.0, ""model__num_leaves"": 15.0}"
THIN,lightgbm,full,4,0.33481513337099517,0.223741653234154,0.9710678366442647,317,20.11380410194397,"{""model__learning_rate"": 0.03, ""model__n_estimators"": 600.0, ""model__num_leaves"": 15.0}"
THIN,lightgbm,selected,0,0.33931161999601755,0.2243439287624423,0.9769380241421367,225,15.087614297866821,"{""model__learning_rate"": 0.03, ""model__n_estimators"": 600.0, ""model__num_leaves"": 15.0}"
THIN,lightgbm,selected,1,0.3487671538854658,0.24446064643115015,0.9817953804728706,227,15.463206052780151,"{""model__learning_rate"": 0.06, ""model__n_estimators"": 600.0, ""model__num_leaves"": 15.0}"
THIN,lightgbm,selected,2,0.3583844879562593,0.23810368268485677,0.967986067635554,223,14.80154800415039,"{""model__learning_rate"": 0.06, ""model__n_estimators"": 600.0, ""model__num_leaves"": 15.0}"
THIN,lightgbm,selected,3,0.35348079386674214,0.2363997596996101,0.9795386568405957,226,14.947417259216309,"{""model__learning_rate"": 0.03, ""model__n_estimators"": 600.0, ""model__num_leaves"": 15.0}"
THIN,lightgbm,selected,4,0.39140542806892215,0.2598961436198767,0.9604611131857171,223,15.340637445449829,"{""model__learning_rate"": 0.03, ""model__n_estimators"": 600.0, ""model__num_leaves"": 15.0}"
