,summed_mean_abs_shap
TOPSIN_ET_lkg_C385pf (+71 correlated features),0.6385707403824527
MEASURE_ET_Cap1pf_0 (+81 correlated features),0.35338219797375153
OHMIC_ET_Rc_an_ct2 (+51 correlated features),0.2822312645219013
MEASURE_ET_DC_Stress_Id_stress_before,0.15408574844205025
TOPSIN_ET_DC_PIV_Drain_Lag_1 (+10 correlated features),0.11201937177014061
MEASURE_ET_ABVIETCH,0.11146816979031705
MEASURE_ET_DC_Big_S12dB_10GHz,0.09228528728986696
MEASURE_ET_Gm_m2 (+198 correlated features),0.08166383901660335
OHMIC_ET_Rsh_an_ct2,0.054858552789613275
MEASURE_ET_DC_RF2_MAG_26GHz,0.04766691946238565
THIN_ET_Rcat_cn_3 (+3 correlated features),0.04763320193477625
MEASURE_ET_DC_SMALL_Ids_m0p2,0.04740637723426689
MEASURE_ET_DC_RF_CF_S12_Mag_L1002,0.03803082491890282
SIN_ET_DC_RF_Vbin_gs,0.036891361805092844
FIC_ET_DC_RF_Vbgs_0p01,0.03476757830858863
MEASURE_ET_DC_Big_Vg_optt2,0.03337174575829234
MEASURE_ET_DC_RF_K_W,0.027210335102212598
MEASURE_ET_DC_RF2_S21ang_26GHz,0.02599401541738637
THIN_ET_TF_AB_1,0.02475948227610042
MEASURE_ET_DC_RF2_S22dB_26GHz,0.02440975460154235
TOPSIN_ET_R_f_hr_3,0.022917088508576454
MaskSetSupplyChipsCount,0.02186537971148144
MEASURE_ET_RF_Modeling_S21_25G_Before,0.021282015032578507
MEASURE_ET_VIA_KLV,0.016652201539113506
MEASURE_ET_DC_SEC_X_Ig_cut1_mAmm_pos,0.01500920937277066
FIC_ET_DC_RF_Vg_max_Vd_0p1mA,0.015000799787330462
MEASURE_ET_Rc_f_hr_23 (+1 correlated features),0.01487886994157372
MEASURE_ET_R414,0.014528356874033517
MEASURE_ET_DC_RF_Min_S21_Freq_L1018,0.014406736434084471
MEASURE_ET_DC_SEC_X_Ig_cut2_mAmm_neg,0.013989323877546124
OHMIC_ET_sh_GA142,0.013512410720231684
MEASURE_ET_DC_Diode_Rs_9p5,0.012901431677880175
ANODE_ET_Ran_con_1,0.012696909992139037
TOPSIN_ET_Load_Pull_PhL_meas,0.012528287963540054
MEASURE_ET_DC_RF_Min_S21_Ph_L1002,0.012474978321711717
MEASURE_ET_DC_RF_Vbgs_0p01,0.012468934065391079
MEASURE_ET_DC_SEC_X_Ig_cut1_mAmm_pos_FPSD3p2,0.012393563133988018
TOPSIN_ET_DC_RF_Vds_max,0.011298729420151834
FIC_ET_Probe_Number,0.011049691730783963
TOPSIN_ET_DC_SMALL_Vds_max,0.010786652460039929
SIN_GATE_ET_RGAN2,0.010733713065706219
MEASURE_ET_RF_Modeling_S12ang_10GHz,0.01071076313133162
MEASURE_ET_RGAN1,0.010703752140953478
MEASURE_ET_RF_Modeling_Ft,0.010542384995540588
TOPSIN_ET_DC_SMALL_Vbgd_0p1,0.010482921301858072
FIC_ET_G_per_25,0.009700587811073285
MEASURE_ET_DC_SEC_X_Ig_mAmm_at_Vg_cond_neg,0.00967430706589042
THIN_ET_C_AN_2,0.009547636707828237
MEASURE_ET_C_AN_2_OW_CR,0.009500219440097449
MEASURE_ET_DC_SEC_X_Id_at_Vboff_mA_mm_SD3p5,0.009070921030061204
MEASURE_ET_RF_Modeling_Tau,0.009029958124102256
TFRP_ET_Rsh_TFR2,0.008970104017065172
MEASURE_ET_R_f_hr_3,0.008544058338548762
FIC_ET_Bad_Gates,0.008407958192258869
MEASURE_ET_DC_SEC_X_Id_plus_Ig_at_Vboff_mA_mm_FPSD3p2,0.008401643209507521
MEASURE_ET_DC_RF2_S11dB_26GHz,0.008229616706593773
MEASURE_ET_DC_RF_CF_S22_Mag_L2180,0.008163430953582266
MEASURE_ET_DC_PIV_Ids0_QP1,0.007943151358451587
TOPSIN_ET_R414,0.007924207512283727
MEASURE_ET_DC_SEC_S_Id_at_Vboff_mA_mm_FPSD3p2,0.007899635105351384
MEASURE_ET_RF_Modeling_MAG_19G_Before,0.007778983589634012
MEASURE_ET_DC_SEC_Ids_min_ON,0.0077514215140052495
MEASURE_ET_Load_Pull_P.A.E_Last (+1 correlated features),0.007549141104185352
MEASURE_ET_DC_Diode_S11_dB_forw,0.007427983932543105
MEASURE_ET_i5021_3,0.007209605034466988
MEASURE_ET_DC_SEC_X_Vg_at_I3_pos,0.0071922646607677325
MEASURE_ET_RF_Modeling_Mag_i,0.007054494002558481
MEASURE_ET_DC_RD_S11ang_18GHz,0.007028727118786036
FIC_ET_sh_f_tn_23,0.006871984059401035
TOPSIN_ET_DC_SMALL_Vbin_gd,0.006787850239577844
MEASURE_ET_DC_RF_S11dB_26GHz_W,0.0067656559226926235
MEASURE_ET_HIRS,0.006737877785494064
MEASURE_ET_DC_Big_MAG_10GHz,0.006530469643817067
MEASURE_ET_DC_Big_S12ang_10GHz,0.006481307666348738
MEASURE_ET_DC_RF_CF_S21_Mag_L1018,0.006455073411245041
MEASURE_ET_DC_SEC_Ids_max_ON,0.006324095944443132
MEASURE_ET_DC_SEC_X_Ig_cut1_mAmm_neg,0.006268759306937375
FIC_ET_DC_RF_Vbin_gs,0.006260481497199162
MEASURE_ET_DC_Stress_Id_max_Ig_after,0.006233638078425175
MEASURE_ET_DC_RD_K,0.006101580836540916
MEASURE_ET_DC_Big_S22ang_10GHz,0.006096160624869841
MEASURE_ET_DC_RF_Vboff,0.0060766622819024944
ANODE_ET_Ran_con_2_OW_CR,0.006068586349606256
MEASURE_ET_RF_Modeling_S21_19G_After,0.006064939795290123
MEASURE_ET_DC_Diode_S11_dB_rev,0.005925532779823835
THIN_ET_DC_RF_Vbgs_0p01,0.005916906007467721
TOPSIN_ET_R_f_hr_1,0.005579583665067125
MEASURE_ET_DC_RF_Max_S11_Ph_L2180,0.005545938113338493
MEASURE_ET_DC_RF_CF_S11_Ph_L1002,0.005531640364382645
MEASURE_ET_DC_RF2_S11ang_26GHz,0.005510257123889671
MEASURE_ET_DC_SMALL_Vbgs_0p01,0.005437744846782097
MEASURE_ET_DC_SEC_X_Id_plus_Ig_at_Vboff_mA_mm,0.005385346251019512
MEASURE_ET_DC_RF_S22dB_26GHz,0.0053852603493952066
MEASURE_ET_LT_SEC_Id_min_mA_mm_Vd8,0.005352690530391959
TOPSIN_ET_C500pf,0.0053386274387435765
MEASURE_ET_LT_SEC_Vbgd1_Vd7,0.005223083567466624
MEASURE_ET_RGAN2,0.005152873943644773
MEASURE_ET_DC_Big_S11ang_10GHz,0.0051416262446587644
MEASURE_ET_DC_RF_S11dB_26GHz,0.005069223270123615
MEASURE_ET_DC_SEC_X_Vboff_Id,0.004899335210074983
MEASURE_ET_R_f_tn_1,0.004898342529168765
MEASURE_ET_DC_SEC_X_Ids_max_norm_FPSD3p2,0.004811468724058977
THIN_ET_C20_0,0.004787586152356042
THIN_ET_DC_RF_Vg_optt3,0.004750886946723449
MEASURE_ET_Load_Pull_GL_set,0.0046224882060338195
TOPSIN_ET_Probe_Number,0.004582131884013522
MEASURE_ET_DC_RF_CF_S22_Ph_L2180,0.004519022399081098
FIC_ET_DC_RF_Vbgs_0p1,0.004501232568277621
MEASURE_ET_DC_RD_MSG_35GHz,0.004485194401456134
FIC_ET_DC_RF_Vdg_max,0.004327958461501901
MEASURE_ET_DC_PIV_Ids0_QP3,0.004322195485617268
MEASURE_ET_DC_SEC_S_Id_mA_mm_at_Vg1_FPSD3p2,0.004266534937736832
FIC_ET_G_per_2p75K,0.004265055613616732
MEASURE_ET_DC_Diode_S21_dB_rev,0.004198082954086002
CHRE_Ali_Litho_Channel_to_Ohmic_Alignment,0.004185519593099353
THIN_ET_i5021_2,0.004119114351422076
TOPSIN_ET_DC_PIV_Ids1_QP1,0.004118554893193434
THIN_ET_R_660_HOR,0.004092981559628037
THIN_ET_Rsh_F_AB_2,0.004091309860211985
MEASURE_ET_DC_Diode_S21_dB_forw_9p5,0.003990917062946328
MEASURE_ET_DC_RF_Vbon_min,0.003970647326091898
MEASURE_ET_Load_Pull_Gss,0.003953573280783366
MEASURE_ET_DC_SEC_Vgs_1V,0.003843112512632564
MEASURE_ET_RF_Modeling_Ls,0.003819295481224713
MEASURE_ET_Load_Pull_Pin_Last,0.00380912088602496
MEASURE_ET_Ran_con_1,0.0037886234258256175
MEASURE_ET_DC_RF_Vbin_gs,0.0037856849604519286
MEASURE_ET_DC_SEC_X_Vg_at_I2_neg_SD3p5,0.0037596095182282686
MEASURE_ET_DC_RF_Vg_max_Vd,0.003729606852114653
TOPSIN_ET_Load_Pull_Id_ord,0.0036618988725414174
MEASURE_ET_DC_SEC_S_Ig_cut3_mAmm_neg_SD3p5,0.0036050314454534713
TOPSIN_ET_RGAN2,0.003590460657107501
MEASURE_ET_DC_SEC_X_Id_plus_Ig_at_Vboff_mA_mm_SD3p5,0.0035844075195521677
MEASURE_ET_R_f_tn_3,0.0035060280473580363
MEASURE_ET_DC_Stress_Vg_max_Ig_before,0.0034376439097268062
FIC_ET_DC_RF_Vg_max_Vd,0.003400342612214192
MEASURE_ET_DC_RF_S11ang_26GHz_W,0.0033787227288938734
THIN_ET_R_4000_HOR,0.003367163502110611
MEASURE_ET_DC_SEC_Vds_min_ON,0.003294396969775973
MEASURE_ET_DC_RF_Vg_Vbon_min,0.0032803868988232686
MEASURE_ET_DC_RF_CF_S11_Ph_L2180,0.0032496488386831897
MEASURE_ET_DC_RF_Max_S11_Freq_L2180,0.003237995130167457
MEASURE_ET_DC_RD_Vg_Vbon_min,0.003235070257154545
TOPSIN_ET_DC_PIV_Ids1_QP3,0.0032157079486679935
MEASURE_ET_VIA_KLV_2,0.0031933598406486264
MEASURE_ET_R_660_VER,0.00311896638539815
THIN_Measure1_Glue_thickness,0.0031160533939146814
TOPSIN_ET_sh_f_tn_23,0.0031020172244979674
TOPSIN_ET_DC_SMALL_Vbgs1,0.00309168331607936
MEASURE_ET_RF_Modeling_Cds,0.003061882365324894
MEASURE_ET_C_CAT_2,0.0030486443031981125
MEASURE_ET_TANR,0.003040232033666487
SIN_ET_DC_RF_Vbgs1,0.0030314351876000317
MEASURE_ET_DC_RF_S11dB_10GHz,0.003027348462287229
MEASURE_ET_DC_RF_S11ang_26GHz,0.0030072789756425767
TOPSIN_ET_Load_Pull_Id_ini,0.0030065911420202327
MEASURE_ET_DC_RF_CF_S22_Ph_L1018,0.0029708237879371
MEASURE_ET_DC_RF2_Ft,0.002933665137781061
MEASURE_ET_RF_Modeling_S22ang_10GHz,0.002933359814182968
MEASURE_ET_Load_Pull_Id_ini,0.002911093266749622
MEASURE_ET_DC_RF_Freq_cut_L1002,0.0028965858121664345
THIN_ET_R_f_tn_1,0.002894689309934482
MEASURE_ET_RF_Modeling_Cgd_err,0.0028879727936423237
THIN_ET_DC_RF_Vg_optt1,0.0028781198298927276
MEASURE_ET_DC_Big_S11dB_10GHz,0.002857446603963513
TOPSIN_ET_Vdg_max,0.0028299203490071696
MEASURE_ET_DC_SEC_S_Id_mA_mm_at_Vg3_FPSD3p2,0.002808453132771014
MEASURE_ET_DC_SEC_X_Id_mA_mm_at_Vg3,0.0027719349352322577
MEASURE_ET_DC_SEC_X_Ron_SD3p5,0.002736878819089778
MEASURE_ET_DC_SEC_X_Vg_at_I3_pos_FPSD3p2,0.0027270250294006795
MEASURE_ET_DC_RF2_S22ang_26GHz,0.0027257314341182287
MEASURE_ET_LT_SEC_Vd_Id_min_Vd3,0.0027061712092834827
MEASURE_ET_DC_Big_Vg_max_Vd_0p1mA,0.0026948545443735306
MEASURE_ET_DC_RF_CF_S12_Ph_L2180,0.00267759015679484
MEASURE_ET_LT_SEC_Vbgd1_Vd3,0.0026734181444992467
MEASURE_ET_sh_GA144,0.002644785027939221
THIN_ET_DC_RF_Vds_max_0p1mA,0.0026365555905665215
MEASURE_ET_DC_RF_Vt_gs,0.002635529909731122
MEASURE_ET_RF_Modeling_Mag_m,0.002635465103208123
MEASURE_ET_DC_RF2_S12dB_26GHz,0.002616761629093593
MEASURE_ET_DC_SEC_S_Id_mA_mm_at_Vg3_SD3p5,0.0025911913222146
SIN_ET_DC_RF_n_gs,0.0025563638192421132
MEASURE_ET_sh_f_hr_23,0.00254949096971866
MEASURE_ET_DC_RD_Vbon_max,0.002539017814568098
MEASURE_ET_DC_Big_Vg_optt1,0.0025259711148513534
TOPSIN_ET_Ids_m2,0.0024831390101709497
MEASURE_ET_DC_SEC_n_gs,0.002480604003246505
SIN_GATE_ET_sh_GA144,0.0024651499538577946
MEASURE_ET_DC_RF_Max_S11_Ph_L1018,0.002445806674704757
MEASURE_ET_DC_RF_Vg_max_Vd_0p1,0.0024381340581828143
MEASURE_ET_DC_PIV_Gate_Lag_0,0.0024181597410114883
MEASURE_ET_DC_RF_Vbgs1,0.002401621588227327
MEASURE_ET_RF_Modeling_Mag_d,0.002386729785795045
MEASURE_ET_DC_RD_S22ang_18GHz,0.00238655777788957
TOPSIN_ET_TANR,0.002347628216766657
FIC_ET_DC_RF_Vbgd_0p1,0.0023136579594368136
MEASURE_ET_DC_RF_S22dB_26GHz_W,0.0022785105961000886
MEASURE_ET_DC_Diode_Vbpin,0.002265907527625562
MEASURE_ET_i5021_1,0.0022567437110767546
MEASURE_ET_DC_RF_S12dB_26GHz_W,0.0022478019440314288
MEASURE_ET_RF_Modeling_Lg,0.0022158439954132266
FIN_FIN_Alignment_FIN_to_ohmic_alignment,0.0022058407501684267
MEASURE_ET_DC_Stress_Ig_max_after,0.002197910081638495
ANODE_ET_Rsh_an_ct2,0.0021964684838839178
MEASURE_ET_DC_SEC_X_Vg_at_I1_pos_SD3p5,0.002188663498044568
THIN_ET_DC_RF_Vbin_gs,0.0021881896609853364
THIN_ET_Er,0.0021603420829033083
TOPSIN_ET_sh_GA144,0.0021544835307945914
MEASURE_ET_DC_SEC_X_Ids_max_norm_SD3p5,0.002146364614232429
MEASURE_ET_DC_SEC_X_Vg_at_I2_neg_FPSD3p2,0.0021386485805491404
MEASURE_ET_C385pf,0.0021132351872992752
MEASURE_ET_TF_AB_2,0.002101989453903418
GATE2_Thickness4_PMMA_PR_etch_thickness,0.0020968582348591764
MEASURE_ET_DC_SEC_X_Vboff_Id_FPSD3p2,0.0020574873583262187
MEASURE_ET_RF_Modeling_K,0.002037670722900458
MEASURE_ET_DC_SEC_X_Ig_cut3_mAmm_pos_FPSD3p2,0.002033519707337288
MEASURE_ET_LT_SEC_Id_min_mA_mm,0.0020042846190389397
MEASURE_ET_DC_RF_S12ang_26GHz,0.0019910170123535018
MEASURE_ET_DC_RF_Vdg_max_0p1mA,0.001981704923440748
ANODE_ET_C_AN_2_OW_CR,0.001968956991348954
MEASURE_ET_C500pf,0.0019569909482279094
MEASURE_ET_DC_RF_MAG_26GHz,0.0019496935853926098
SIN_ET_Probe_Number,0.001923496519074096
MEASURE_ET_LT_SEC_Ig_Id_min_mA_mm_Vd7,0.0018857456200499375
TOPSIN_ET_DC_PIV_Ids0_QP3,0.0018744224405134835
MEASURE_ET_DC_SEC_S_Ids_max_norm,0.001851440980655997
SIN_GATE_ET_sh_GA142_GN,0.0018462083037387791
TOPSIN_ET_Vds_max,0.001827584344259848
MEASURE_ET_DC_SMALL_Vbin_gd,0.0018106328578040732
TOPSIN_ET_DC_RF_Vg_max_Vd,0.0018092495798883253
MEASURE_ET_DC_RD_S22dB_18GHz,0.0018064471196452914
SIN_CAPACITOR_ThicknessGN1_RefractiveIndex,0.001805507479430519
MEASURE_ET_DC_SEC_S_Ron_FPSD3p2,0.001773715922374659
TOPSIN_ET_DC_RF_Vbin_gs,0.0017535294520516006
MEASURE_ET_DC_RF_Min_S21_Freq_L1002,0.0017431600541061897
SIN_ThicknessGN2_RefractiveIndex,0.0017293436929688747
THIN_ET_KLV_F_AB_4u,0.0017025984333962445
MEASURE_ET_DC_SMALL_Vbin_gs,0.0016930725535710684
ANODE_ET_Probe_Number,0.0016662402670543546
MEASURE_ET_Load_Pull_PhL_set,0.0016294343692234536
SIN_GATE_ET_RGAN1,0.0016246285245250507
MEASURE_ET_DC_SEC_S_Ig_mAmm_at_Vg_cond_neg_SD3p5,0.0015884151191413573
MEASURE_ET_DC_Big_Vg_max_Vd,0.0015831060902046343
MEASURE_ET_LT_SEC_Vd_Id_min_Vd7,0.0015823581717176423
SIN_ET_DC_RF_Vg_max_Vd_0p1,0.001577275847508665
MEASURE_ET_DC_SMALL_Vbgd1,0.0015743362241415898
MEASURE_ET_DC_RF_CF_S21_Mag_L2180,0.0015705229851404356
MEASURE_ET_DC_SEC_S_Ids_max_FPSD3p2,0.001539026338887857
TOPSIN_ET_HIRS,0.0015385521620822045
FIC_ET_DC_PIV_Ids1_QP3,0.0015375327457462914
MEASURE_ET_DC_SEC_X_Vg_at_I1_pos_FPSD3p2,0.0015129470884792959
SIN_ET_DC_RF_Vdg_max_0p1,0.0015035408186348676
FIC_ET_DC_PIV_Ids0_QP2,0.0014697668389233945
THIN_ET_R_f_hr_1,0.0014544704932195954
MEASURE_ET_DC_SEC_Vgs_back_0p5V,0.001438797420955437
MEASURE_ET_DC_Diode_S11_dB_forw_9p5,0.001436704818812753
THIN_ET_C_CAT_2,0.0014342695447480827
THIN_ET_R_400_VER,0.0014323773100395297
MEASURE_ET_DC_RF_Max_S11_Freq_L1002,0.0014293407173915868
MEASURE_ET_DC_RD_Ft,0.0014083151117661793
TOPSIN_ET_Load_Pull_PhL_set,0.0013396081340596362
MEASURE_ET_DC_SEC_X_Vg_at_I2_pos_FPSD3p2,0.0013368541085315001
FIC_ET_G_per_6K,0.0013256709494300902
MEASURE_ET_DC_RF_S11ang_10GHz,0.0012840313732327803
MEASURE_ET_DC_SEC_X_Ig_cut3_mAmm_pos,0.001283325337094944
THIN_ET_Vbpin,0.0012797592203483785
THIN_ET_TF_AB_2,0.0012789552741591316
FIC_ET_R_f_tn_2,0.0012779511847496993
SIN_GATE_ET_Probe_Number,0.0012734611682656291
MEASURE_ET_DC_SEC_S_Ids_max,0.0012591452196771271
MEASURE_ET_LT_SEC_Vd_Id_min_Vd8,0.0012570526235438225
OHMIC_ET_R114,0.0012486176053303406
MEASURE_ET_DC_SEC_S_Id_mA_mm_at_Vg1_SD3p5,0.0012465499493268877
MEASURE_ET_RF_Modeling_S11ang_10GHz,0.0012292074978924967
MEASURE_ET_DC_SEC_Vboff_1,0.0012275898496051701
MEASURE_ET_LT_SEC_Vg_Id_min,0.0012237464595390524
TOPSIN_ET_TR_1F,0.0012231346233179553
THIN_ET_Vbpin_D60,0.0012169784030582034
TOPSIN_ET_DC_SMALL_n_gs,0.0012147919345131407
MEASURE_ET_RF_Modeling_Tau_err,0.0012059875326597253
MEASURE_ET_DC_Diode_Rs,0.001168759997982019
MEASURE_ET_DC_RF_S12ang_26GHz_W,0.0011683853493848573
MEASURE_ET_DC_SEC_S_Id_at_Vboff_mA_mm_SD3p5,0.0011592465239618308
MEASURE_ET_DC_RF_S22ang_26GHz,0.0011408213263766715
MEASURE_ET_DC_RF_CF_S21_Ph_L2180,0.0011353575807175691
MEASURE_ET_DC_PIV_Ids1_QP2,0.0011228388418008932
MEASURE_ET_Load_Pull_ID_comp_Last_mA,0.0011192427759641516
MEASURE_ET_DC_SEC_S_Vboff_Id,0.001114616336264338
MEASURE_ET_RF_Modeling_R_Gs,0.001111378152206417
MEASURE_ET_DC_RF_Vg_Vbon_max,0.001108290465440531
MEASURE_ET_DC_SEC_S_Ig_cut2_mAmm_neg_SD3p5,0.0011045306167909402
MEASURE_ET_DC_SEC_X_Ig_cut2_mAmm_pos_SD3p5,0.001093779629115676
THIN_ET_DC_RF_Vbin_gd,0.0010920502380991337
THIN_ET_sh_f_hr_23,0.0010912843241457377
MEASURE_ET_TF_AB_3,0.00108895361845109
SIN_ET_DC_RF_n_gd,0.001086756351200604
MEASURE_ET_R_4000_VER,0.0010834010051293983
MEASURE_ET_DC_RF_Vbgd_0p01,0.0010833105905559152
MEASURE_ET_DC_SEC_X_Id_mA_mm_at_Vg3_SD3p5,0.0010798932969423873
MEASURE_ET_DC_RD_S12dB_18GHz,0.0010661723268744578
TOPSIN_ET_DC_SMALL_Vdg_max,0.0010566806628661872
MEASURE_ET_G_per_6K,0.0010474698156513534
TOPSIN_ET_DC_RF_Vds_max_0p1,0.001026692178988954
THIN_ET_sh_f_tn_23,0.00102596742121333
MEASURE_ET_DC_RF_Vbin_gd,0.00102230085327535
OHMIC_ET_OHMC,0.001007639617025171
FIC_ET_OHMC,0.001005601511948806
TOPSIN_ET_DC_SMALL_Vbin_gs,0.000981919197226959
EBCR2_Ali_Litho_Gate_to_ohmic_alignment,0.0009813277222893468
MEASURE_ET_DC_SEC_Vbin_gs,0.0009775521254580103
TOPSIN_ET_Gate_res,0.0009637157481641153
MEASURE_ET_C175pf,0.0009517061501466522
SIN_ET_DC_RF_Vg_optt2,0.0009468447175179323
MESA_CD_Mesa_CD_Radius,0.0009329732726523865
MEASURE_ET_DC_SEC_X_Vg_at_I2_pos,0.0009304552531693672
MEASURE_ET_DC_RF_Freq_cut_L1018,0.0009275532405859044
TOPSIN_ET_DC_RF_Vbgd_0p01,0.0009272633192674974
MEASURE_ET_DC_SEC_S_Ig_mAmm_at_Vg_cond_neg_FPSD3p2,0.0009269080875942992
MEASURE_ET_DC_SEC_X_Vboff_Id_plus_Ig_SD3p5,0.0009099477817966621
TOPSIN_ET_DC_SMALL_Vdg_max_0p1,0.0009035764718124694
MEASURE_ET_DC_SMALL_n_gs,0.0009026382659858515
MEASURE_ET_DC_Diode_S11_dB_rev_9p5,0.0008928828280779785
MEASURE_ET_DC_RF_Ids_m0p2,0.0008912549199198524
THIN_ET_Probe_Number,0.0008822272808325534
MEASURE_ET_DC_SEC_X_Vg_at_I3_neg,0.0008773451309042207
MEASURE_ET_DC_RD_S21dB_18GHz,0.0008738438578505678
MEASURE_ET_DC_SEC_X_Ids_max_FPSD3p2,0.0008700965537316796
MEASURE_ET_LT_SEC_Vbgd1_Vd8,0.0008672373425597918
MEASURE_ET_RF_Modeling_S22dB_10GHz,0.0008651470169919108
MEASURE_ET_RF_Modeling_Fmax,0.0008594401589882161
MEASURE_ET_Probe_Number,0.0008590416006410294
SIN_ET_DC_RF_Vg_optt3,0.0008556474149271783
BRGM_Height3_TOP_metal_thickness,0.0008478516784723435
MEASURE_ET_DC_SEC_X_Ids_max,0.0008409120756454794
SIN_GATE_ET_Ran_con_1,0.0008300214396005091
TOPSIN_ET_C450pf,0.0008296141558988043
FIC_ET_R114,0.0008232691041123335
MEASURE_ET_OHMC,0.0008053322021524164
MEASURE_ET_DC_SEC_X_Vboff_Id_SD3p5,0.0008015581359402549
FIN_Etch_Soft_Bias,0.0007938676019558963
CATHODE_ET_C_CAT_2,0.0007888502862807914
MEASURE_ET_DC_SEC_S_Vg_at_I3_pos_FPSD3p2,0.0007872744393014045
FIC_ET_Ig_mAmm_at_Vd_cond,0.0007864662382359008
MEASURE_ET_DC_RF_Vt_gd,0.0007863948028954193
THIN_ET_Ran_con_2,0.0007580781287610188
TOPSIN_ET_C385pf,0.000753494797771739
MEASURE_ET_C500pf_0,0.0007501724375345138
CATHODE_ET_Probe_Number,0.000742044039938458
MEASURE_ET_DC_SEC_X_Id_mA_mm_at_Vg3_FPSD3p2,0.0007305501178993011
THIN_ET_Ran_con_1_OW_CR,0.0007187870446842351
MEASURE_ET_RF_Modeling_S11dB_10GHz,0.0007172937401280489
MEASURE_ET_DC_RF_S12ang_10GHz,0.0007164353068351651
TOPSIN_ET_G_per_6K,0.0007118584656072583
FIC_ET_G_per_15,0.0006891764141509364
FMESA_Height_Fmesa_Height,0.0006849942478680965
FIC_ET_DC_RF_Vds_max,0.0006849715797014115
THIN_ET_C_CAT_2_OW_ST,0.0006846625632795037
CATHODE_ET_Rc_cat_ct2 (+1 correlated features),0.0006695167965715755
FIC_ET_DC_RF_Vg_optt,0.0006681452701023727
MEASURE_ET_DC_RF_Max_S11_Ph_L1002,0.0006676666918468931
MEASURE_ET_DC_SEC_Vgs_0p1V,0.0006536102088898189
MEASURE_ET_DC_RF_S22dB_10GHz,0.0006529587808748797
MEASURE_ET_DC_SEC_X_Vg_at_I3_neg_FPSD3p2,0.0006474943194500955
MEASURE_ET_KLV_F_AB_4u,0.0006472126177959807
ANODE_ET_Rsh_an_ct2_OW_CR,0.0006421066283586851
THIN_ET_DC_RF_Vds_max,0.0006384908964733281
MEASURE_ET_DC_SEC_X_Bin,0.0006369752856792904
MEASURE_ET_DC_SEC_S_Ig_cut2_mAmm_pos_SD3p5,0.0006369131060552744
MEASURE_ET_DC_SEC_S_ChipStatus,0.0006361843999297105
TOPSIN_ET_DC_SMALL_Vbgs_0p1,0.0006282315500192611
FIC_ET_HIRS,0.0006277431956428342
TOPSIN_ET_DC_SMALL_Vt_gs,0.0006238370916812104
MEASURE_ET_DC_SEC_X_Ig_cut3_mAmm_pos_SD3p5,0.0006230072337902835
SIN_ET_DC_RF_Vbgs_0p1,0.0006159341698224424
MEASURE_ET_Rsh_an_ct2,0.0006051386869228447
THIN_ET_Rsh_TF_AB2,0.000603761231073265
MEASURE_ET_DC_SMALL_Vbgs_0p1,0.00060165639558115
SIN_ET_DC_RF_Vds_max_0p1mA,0.0006016280033214766
THIN_ET_DC_RF_Vbgs1,0.0005968277343218164
MEASURE_ET_R_660_HOR,0.0005940156084788886
MEASURE_ET_DC_RF_Max_S11_Mag_L1018,0.0005854833531301532
MEASURE_ET_DC_SEC_S_Ig_cut3_mAmm_neg,0.0005831688666885865
MEASURE_ET_DC_RF_CF_S11_Ph_L1018,0.000576467899831748
MEASURE_ET_Rsh_an_ct2_OW_CR,0.0005729988587590195
FIN_CD1_CD_PL_FIN,0.0005639654315310615
SIN_ET_DC_RF_Vbgs_0p01,0.0005604918260597292
THIN_ET_Ran_con_3,0.0005589953333067637
FIC_ET_DC_PIV_Ids0_QP1,0.0005586208130575007
MEASURE_ET_DC_SEC_S_Vg_at_I2_pos_SD3p5,0.0005451499437438236
MEASURE_ET_C20,0.000544906292085224
MEASURE_ET_DC_Big_Vds_max,0.0005359608766236803
EBCR2_ET_Ids_EBCR_recess_current,0.0005325023095616073
MEASURE_ET_DC_SEC_S_Ron,0.0005324928337691992
THIN_ET_R114,0.0005228260858494897
MEASURE_ET_DC_SEC_S_Vg_at_I3_pos,0.0005202195122522467
MEASURE_ET_DC_SEC_S_Ig_cut1_mAmm_neg_FPSD3p2,0.0005146774143822517
MEASURE_ET_DC_RF_Vbgd1,0.0005098522974298425
THIN_ET_R_f_hr_3,0.0005026131642223388
MEASURE_ET_G2_per_6K,0.0005009448804711717
MEASURE_ET_DC_SEC_Vboff_2_1,0.0004967521075624093
MEASURE_ET_DC_RF_Min_S21_Mag_L1018,0.000493957574460948
MEASURE_ET_LT_SEC_Vd_Id_min,0.0004872610909756125
TOPSIN_ET_DC_PIV_Ids1_QP2,0.00048430747891923224
THIN_ET_R_400_HOR,0.00048343883424441567
MEASURE_ET_Load_Pull_Pout_W_mm_last (+1 correlated features),0.0004828733786782011
MEASURE_ET_Load_Pull_Pout_W_last,0.00048244086110695803
MEASURE_ET_DC_RF_Freq_cut_L2180,0.00047929307774108076
TOPSIN_ET_KLV_F_AB_4u_FEMSO,0.00047843491610471967
TOPSIN_ET_R114,0.00047626195761087136
MEASURE_ET_OHMC_GN,0.00047333958732854667
THIN_ET_TFR_AB,0.0004731296901758673
TOPSIN_ET_DC_SMALL_Vg_max_Vd_0p1,0.0004693563753504778
MEASURE_ET_RF_Modeling_Vth,0.0004691005496921141
FIC_ET_DC_RF_Vbgd1,0.0004615111321299841
MEASURE_ET_DC_SEC_S_Ig_mAmm_at_Vg_cond_pos_SD3p5,0.00045924764267507134
MEASURE_ET_RF_Modeling_R_Gg,0.00045519226578665146
MEASURE_ET_DC_SEC_S_Ig_cut3_mAmm_neg_FPSD3p2,0.00045369456172908456
MEASURE_ET_DC_SMALL_Vdg_max,0.0004460751393814382
TOPSIN_ET_DC_RF_n_gs,0.0004445719240886429
MEASURE_ET_DC_SEC_S_Ig_cut3_mAmm_pos_FPSD3p2,0.000437869470898881
MEASURE_ET_C385pf_0,0.0004260938266063293
ABVIA_CD_AB_VIA_litho,0.00042523550181632796
THIN_ET_OHMC,0.0004245333868473288
MEASURE_ET_DC_SEC_S_Vg_at_I3_neg_FPSD3p2,0.00041748420950417755
FIC_ET_Vds_max,0.00041422899181047705
MEASURE_ET_DC_SEC_X_Ig_cut2_mAmm_neg_FPSD3p2,0.00041369056423436174
MEASURE_ET_DC_RD_Id_Vbon_max,0.00041153471856628744
BRGM_ET_Probe_Number,0.0004109581904517139
SIN_GATE_ET_OHMIC_conc,0.000410272230640433
ANODE_ET_Ran_con_1_OW_CR,0.0004091669230052252
MEASURE_ET_DC_SMALL_Vbgd_0p01,0.00040903116318515725
MEASURE_ET_DC_SEC_X_Ig_cut3_mAmm_neg_FPSD3p2,0.00040820247008418315
MEASURE_ET_R_f_hr_1,0.00040190655270131624
MEASURE_ET_DC_SMALL_Vg_max_Vd,0.0004003556639378519
MEASURE_ET_DC_RF_S21dB_26GHz,0.000398730227759493
MEASURE_ET_R_f_hr_2,0.0003982536086407061
MEASURE_ET_RF_Modeling_Delta_S21_19G,0.0003969079612547171
MEASURE_ET_DC_RF_S12dB_10GHz,0.0003967864873134145
MEASURE_ET_DC_SEC_X_Ig_cut1_mAmm_neg_FPSD3p2,0.0003966994975757681
MEASURE_ET_DC_SEC_X_Vg_at_I2_neg,0.000396563152378423
MEASURE_ET_DC_RF_S21dB_10GHz,0.00039411409554418816
MEASURE_ET_DC_RF_Vbon_max,0.0003935916022275634
MEASURE_ET_LT_SEC_Vg_Id_min_Vd8,0.00039046531228202576
SIN_ET_DC_RF_Vbgd_0p1,0.0003857899484261549
THIN_ET_Ran_con_1,0.0003787982318992499
TOPSIN_ET_DC_RF_Vdg_max_0p1,0.00037541624316700915
FIC_ET_DC_RF_n_gd,0.0003752735990195607
MEASURE_ET_DC_SEC_X_Vg_at_I1_neg_SD3p5,0.00037385725663148305
MEASURE_ET_Ran_con_1_OW_CR,0.0003688737295012995
MEASURE_ET_RF_Modeling_S21_25G_After,0.00036836503052066775
MEASURE_ET_DC_SEC_Vgs_0p5V,0.0003645842185136093
GATE2_ET_Ids2_Gate_recess_current,0.000364274282164455
MEASURE_ET_DC_RF_S22ang_26GHz_W,0.00035700102189189636
MEASURE_ET_DC_RF2_S12ang_26GHz,0.00035525643843933353
FIC_ET_DC_PIV_Ids1_QP1,0.00035407773985063784
MEASURE_ET_DC_SEC_S_Id_plus_Ig_at_Vboff_mA_mm_FPSD3p2,0.0003491052903721294
SIN_ET_DC_RF_Vg_max_Vd,0.0003476963444538734
MEASURE_ET_DC_RF_CF_S11_Mag_L1018,0.000347382991335652
MEASURE_ET_DC_PIV_Ids1_QP3,0.00034623252916278794
MEASURE_ET_DC_SEC_S_Id_mA_mm_at_Vg3,0.00034382838875820083
BRIDGE_METAL_CD_BRGM_Final_metal_CD,0.0003431804114603759
THIN_ET_DC_RF_Vt_gd,0.000340405207276814
FIN_CD2_CD_etch_FIN,0.00033919071443871485
MEASURE_ET_DC_SEC_S_Vboff_Id_FPSD3p2,0.00032880839865017254
MEASURE_ET_C_AN_2,0.00032827190712921223
MEASURE_ET_LT_SEC_Id_min_mA_mm_Vd3,0.0003276085394737551
MEASURE_ET_DC_SEC_X_Ig_mAmm_at_Vg_cond_pos_SD3p5,0.0003269925425891222
FIC_ET_sh_GA142,0.00032442034531655927
MEASURE_ET_C20_0,0.0003222935413942726
GATE2_CD_330nm_Gate_Win_Length,0.000321638725151326
TOPSIN_ET_C450pf_0,0.000321244799017353
THIN_ET_Vk,0.00032085543976580633
TOPSIN_ET_R214,0.00031940763775391035
SIN_ThicknessGN2_SiN_Thickness,0.0003137374836634124
TOPSIN_ThicknessGN_SiN_Thickness,0.0003114627455791047
MEASURE_ET_DC_RF_Id_Vbon_max,0.000306085010416477
MEASURE_ET_DC_SEC_S_Id_mA_mm_at_Vg2,0.00030504315281644116
MEASURE_ET_DC_RF_n_gs,0.0003033672893722942
MEASURE_ET_DC_SEC_X_Ig_cut1_mAmm_pos_SD3p5,0.00030096837225504237
MEASURE_ET_DC_SEC_S_Ig_cut1_mAmm_pos,0.00029791360790640823
VIA_GaN_Measure4GN_Final_GaN_thickness,0.0002972290146557253
MEASURE_ET_DC_SEC_S_Ig_mAmm_at_Vg_cond_neg,0.00029392269984697823
SIN_ET_DC_RF_Vds_max,0.0002917279489886255
SIN_ET_DC_RF_Vds_max_0p1,0.0002914138629836362
TOPSIN_ET_sh_GA142_GN,0.00029109502393681613
MEASURE_ET_DC_SEC_X_Vg_at_I1_neg_FPSD3p2,0.0002884357578300906
MEASURE_ET_DC_SEC_Vgs_back_1V,0.0002865062256728319
HIRS_M_Gauge_P_E_MoSi,0.0002822450161870328
MEASURE_ET_DC_SEC_X_Id_mA_mm_at_Vg2_SD3p5,0.000278873472322264
CHRE_ET_Ids_Channel_recess_current,0.00027856787144564505
MEASURE_ET_RF_Modeling_MAG_25G_Before,0.0002756196108663897
MEASURE_ET_DC_SEC_S_Ig_cut2_mAmm_neg_FPSD3p2,0.00027465754801656283
MEASURE_ET_DC_SEC_S_Ig_cut1_mAmm_neg,0.0002743318494530478
THIN_Measure1GN_Thickness_after_bonding,0.0002739447173118608
TOPSIN_ET_RGAN1,0.00027281135262723484
MEASURE_ET_DC_RF_S21dB_26GHz_W,0.00027075118972501674
TOPSIN_ET_R_f_tn_1,0.00026914497605836843
SIN_Thickness1_SiN_Thickness_1st,0.00026570057041494743
THIN_ET_DC_RF_Vbgs_0p1,0.00026452923267503045
TOPSIN_ET_DC_PIV_Ids0_QP1,0.00026246367789656803
TOPSIN_ET_R514,0.0002621294648042405
TFRP_M_Gauge_P_E_Resistors,0.00026129305323533797
THIN_ET_DC_RD_Vboff,0.00025910419651420304
MEASURE_ET_DC_SMALL_Vt_gd,0.0002590863354876524
MEASURE_ET_DC_Stress_Id_max_Ig_before,0.00025710154621458645
MEASURE_ET_DC_SMALL_n_gd,0.0002563737282226474
MEASURE_ET_RF_Modeling_Rd,0.0002560813108608253
THIN_ET_DC_RF_Vg_max_Vd,0.0002538146890196871
MEASURE_ET_DC_RF_CF_S12_Mag_L2180,0.00025368281393818744
MEASURE_ET_DC_SEC_X_Ig_cut2_mAmm_pos,0.0002531055659220984
OHMIC_CD_Ohmic_CD_litho,0.00024996513266323955
MEASURE_ET_DC_SEC_X_Vg_at_I1_neg,0.0002466050282973786
MEASURE_ET_sh_GA142,0.00024572097823756344
MEASURE_ET_Load_Pull_Id_SS,0.0002453981898247736
SIN_GATE_ET_R514,0.00024408684320448127
MEASURE_ET_DC_SEC_S_Ig_cut3_mAmm_pos,0.0002435625025076797
FIC_ET_DC_RF_Vg_max_Vd_0p1,0.0002427623089662369
TOPSIN_ET_Load_Pull_Pin_Cut,0.00024147975420890107
TOPSIN_ET_Load_Pull_Pout_Last,0.0002406474948328554
TOPSIN_ET_DC_SMALL_Vg_optt,0.0002405762424588778
THIN_ET_Ran_con_3_OW_CR,0.00023773081261151954
MEASURE_ET_DC_RD_S21ang_18GHz,0.00023421830964607247
MEASURE_ET_DC_RF2_MAG_35GHz,0.0002341744544236019
SIN_GATE_ET_Ran_con_2,0.00023401855683696421
MEASURE_ET_DC_SEC_X_Ig_mAmm_at_Vg_cond_pos,0.00023339002651667957
MEASURE_ET_DC_RF_Min_S21_Mag_L2180,0.00023016419374245506
MEASURE_ET_DC_RF_Vboff_ON,0.00022943951574918195
ANODE_ET_C_AN_2,0.00022740564619168392
THIN_ET_TF_AB_3,0.00022564243932395297
THIN_ET_DC_RF_n_gs,0.00022409011085202903
MEASURE_ET_LT_SEC_Vg_Id_min_Vd7,0.00022348033549131105
FIC_ET_DC_RF_Vdg_max_0p1,0.00022278647535615122
MEASURE_ET_DC_SEC_S_Id_mA_mm_at_Vg2_SD3p5,0.00022179859007550267
MEASURE_ET_DC_SEC_X_Ig_cut1_mAmm_neg_SD3p5,0.00022098063153754303
TOPSIN_ET_Load_Pull_Freq,0.0002208387876163954
MEASURE_ET_DC_SEC_S_Id_plus_Ig_at_Vboff_mA_mm_SD3p5,0.0002192855224401035
SIN_GATE_ET_RGAN3,0.0002181191027698132
MEASURE_ET_DC_RF_n_gd,0.00021675031492482104
MEASURE_ET_DC_SEC_S_Vg_at_I3_pos_SD3p5,0.00021610925973537907
MEASURE_ET_Load_Pull_GL_meas,0.0002143338783425743
SIN_GATE_ET_R114,0.0002142845698277613
MEASURE_ET_Ran_con_3,0.0002104503772588161
MEASURE_ET_DC_RF_CF_S21_Ph_L1002,0.00021012040322627087
GATE2_CD_358nm_Gate_Leg_Length,0.0002093009808450641
MEASURE_ET_DC_SEC_X_Ron,0.00020813679042049247
MEASURE_ET_DC_SEC_S_Bin_FPSD3p2,0.00020703446572284108
MEASURE_ET_RF_Modeling_Rgs,0.00020701225633047805
MEASURE_ET_RF_Modeling_Rs,0.00020501022943974058
MEASURE_ET_DC_SEC_X_Ig_cut2_mAmm_pos_FPSD3p2,0.00020283660871422667
MEASURE_ET_DC_SEC_S_Ids_max_norm_FPSD3p2,0.00020073796553759336
SIN_GATE_ET_TR_1F,0.000200201781307708
ANODE_ET_Ran_con_3_OW_CR,0.00019961764084896132
GATE2_CD_Gate_Win_Length,0.00019870124311619446
MESA_ET_Probe_Number,0.00019864898948817632
TOPSIN_ET_DC_SMALL_Vds_max_0p1,0.00019761550565509437
MEASURE_ET_DC_RF_Vdg_max,0.0001964154456553674
MEASURE_ET_DC_SEC_X_Bin_SD3p5,0.00019577294280795484
CATHODE_ET_Rsh_cat_c2_OW_ST,0.00019576894836096653
OHMIC_ET_Probe_Number,0.00019443695044801118
MEASURE_ET_R314,0.00019403996453139756
MEASURE_ET_RF_Modeling_Gds,0.00019142123648431628
MEASURE_ET_DC_RD_S12ang_18GHz,0.0001873205458052978
TOPSIN_ET_C175pf,0.00018543516277592137
MEASURE_ET_DC_RF_CF_S12_Ph_L1018,0.000184927160133083
MEASURE_ET_DC_Big_Vdg_max,0.00018427397984216215
THIN_ET_DC_RF_Ids_m0p2,0.00018313080367873087
CHRE_CD_2_Channel_recess_CD_Etch,0.00018069891659641823
MEASURE_ET_DC_SEC_S_Id_at_Vboff_mA_mm,0.00017974834652984302
TOPSIN_ET_Vg_Vds_max,0.00017921090861354677
MEASURE_ET_DC_Diode_S21_dB_rev_9p5,0.00017907249831121283
SIN_GATE_ET_Ran_con_3,0.0001779005767213244
TOPSIN_ET_DC_RF_Vbgs1,0.00017773186200112929
MEASURE_ET_DC_RF_Vds_max_0p1,0.00017757226963080483
MEASURE_ET_DC_SEC_S_Vg_at_I2_pos_FPSD3p2,0.0001770262312934109
BPLATE_Height_BPLATE_metal_thickness,0.0001767679804972257
TOPSIN_ET_OHMC_GN,0.0001748106548362075
CHRE_CD_Channel_recess_CD,0.000173188995483936
VIA_Etch_Via_etch_end_point_time,0.00017205239674789274
MEASURE_ET_DC_SEC_S_Vg_at_I2_neg_SD3p5,0.00017153805850542988
TOPSIN_ET_Load_Pull_Id_SS,0.00017119635960714086
MEASURE_ET_DC_RF_K,0.00017107536342862915
TOPSIN_ET_I_5,0.00017102157966602437
MEASURE_ET_RF_Modeling_Rgd_err,0.00016980194463869208
MEASURE_ET_DC_Big_Vg_optt3,0.0001694218537877142
MEASURE_ET_DC_SMALL_Vdg_max_0p1,0.0001691328849749244
MEASURE_ET_DC_SEC_Vg_min_ON,0.00016880330554258435
MEASURE_ET_TR_1F,0.00016775031561542072
SIN_ET_DC_RF_Vdg_max_0p1mA,0.0001664630532759106
THIN_ET_HIRS,0.00016347986037129145
FIC_ET_R314,0.00016342092151087876
MEASURE_ET_C175pf_0,0.00016329453115907896
MEASURE_ET_DC_SMALL_Vboff,0.00016184833798173692
MEASURE_ET_Rsh_cat_c2,0.00016178234158521152
MEASURE_ET_DC_SEC_S_Ron_SD3p5,0.00016149197089946238
MEASURE_ET_DC_SMALL_Vds_max_0p1,0.00016135364209469465
MEASURE_ET_DC_RF_Vdg_max_0p1,0.00016105580590383678
TOPSIN_ET_ABVIETCH,0.00016100143525048314
SIN_GATE_ET_R214,0.0001607560205388642
MEASURE_ET_RF_Modeling_Ft_int,0.00016060601154493587
FIC_ET_DC_RF_Vt_gd,0.00016039380387403574
MEASURE_ET_DC_SEC_S_Ids_max_norm_SD3p5,0.0001598191125292877
MEASURE_ET_DC_RF_Min_S21_Ph_L1018,0.00015902779125927534
MEASURE_ET_DC_SEC_X_Ids_max_norm,0.00015890287510065328
TOPSIN_ET_DC_RF_Vg_optt,0.0001580495458502909
FIC_ET_DC_RF_Vt_gs,0.00015791610354095467
MEASURE_ET_DC_SEC_Ids_m0p2,0.00015580990631996116
FIC_ET_DC_RF_n_gs,0.00015260074829443336
MEASURE_ET_DC_SEC_X_Id_mA_mm_at_Vg1_SD3p5,0.00015255849861165867
FIC_ET_DC_PIV_Ids0_QP3,0.00015107496390284544
TOPSIN_ET_DC_SMALL_Vbgd_0p01,0.00014887226095225376
FIC_ET_DC_RF_Vds_max_0p1mA,0.0001483817706677086
THIN_ET_DC_RF_Vbgd1,0.00014822909180977036
MEASURE_ET_Ran_con_2_OW_CR,0.00014811956061369053
MEASURE_ET_Load_Pull_Gain_comp_Last,0.0001455462135711636
TOPSIN_ET_G2_per_6K,0.00014496833644378552
MEASURE_ET_DC_PIV_Ids1_QP1,0.00014388463131618983
CATHODE_ET_C_CAT_2_OW_ST,0.00014374211069764214
SIN_Thickness1_RefractiveIndex,0.00014368459833745363
MEASURE_ET_Gate_res,0.00014352006173150655
THIN_ET_TANR,0.00014119100344072263
GATE2_CD_310nm_Gate_Win_Length,0.00014067075978861496
MEASURE_ET_LT_SEC_ChipStatus,0.00013990944941138155
MEASURE_ET_DC_SEC_Vgs_back_0p1V,0.00013988392436534305
SIN_GATE_ET_I_5,0.00013977227349500242
MEASURE_ET_DC_SEC_S_Ig_cut2_mAmm_pos,0.0001385804979291197
MEASURE_ET_DC_RF_S12dB_26GHz,0.00013839202377821297
MEASURE_ET_Vk,0.00013803137080251886
MEASURE_ET_R114,0.00013735696765351132
TOPSIN_ET_DC_SMALL_Vt_gd,0.0001371215944276542
FIC_ET_sh_f_hr_23,0.00013693953041153282
MEASURE_ET_DC_SEC_S_Vg_at_I2_neg_FPSD3p2,0.00013659533659498056
MEASURE_ET_RF_Modeling_L_Gs,0.0001358088681975142
TOPSIN_ET_Load_Pull_IG_comp_Last_uA,0.00013547973550155997
TOPSIN_ET_KLV_F_AB_4u,0.0001342878767849765
MEASURE_ET_DC_SEC_S_Id_mA_mm_at_Vg1,0.00013326293464337524
OHMIC_ET_R314,0.00013249258500963674
METAL1_Height_Metal1_metal_thickness,0.00013221982765478004
THIN_ET_DC_RF_n_gd,0.0001318237477634438
MEASURE_ET_DC_SEC_S_Vboff_Id_SD3p5,0.00013107210550234667
MEASURE_ET_Load_Pull_Pout_Last,0.0001299948247218725
MEASURE_ET_DC_RF_Id_Vbon_min,0.00012976182063763957
TOPSIN_ET_DC_SMALL_n_gd,0.0001297289281225018
MEASURE_ET_DC_SEC_S_Ig_cut2_mAmm_pos_FPSD3p2,0.00012893467690686938
TOPSIN_ThicknessGN_RefractiveIndex,0.00012888873229044458
MEASURE_ET_DC_SEC_Vg_max_ON,0.00012759435919858795
MEASURE_ET_DC_RF_Ft_W,0.00012744383082855947
MEASURE_ET_RF_Modeling_MAG_18,0.00012729230730664103
MEASURE_ET_DC_SEC_S_Bin_SD3p5,0.00012685028436397791
FIC_ET_R_f_tn_3,0.00012642721798266604
FIC_ET_DC_RF_Vg_optt2,0.00012640273143327803
SIN_GATE_ET_R414,0.00012595330833919214
MEASURE_ET_DC_SEC_Vt_gs,0.00012511304815119862
MEASURE_ET_DC_SEC_S_Vboff_Id_plus_Ig_SD3p5,0.00012461817838834878
MEASURE_ET_DC_Stress_Stress_time,0.00012437770972525218
MEASURE_ET_DC_SEC_X_Bin_FPSD3p2,0.00012430237058961506
FIC_ET_R214,0.00012413226377043895
THIN_ET_DC_RF_Vbgd_0p01,0.0001235050795934077
MEASURE_ET_RF_Modeling_Vd_set,0.0001229367817012111
MEASURE_ET_DC_RF_Vg_optt,0.00012230268355039413
TOPSIN_ET_C175pf_0,0.00012225526515047917
ANODE_CD_Anode_CD_litho,0.00012214202244202233
MEASURE_ET_I_5,0.00012167037802603934
MEASURE_ET_RF_Modeling_MAG_25G_After,0.00012047817069946091
ANODE_ET_Ran_con_2,0.00012038269657426652
THIN_ET_Rsh_cat_c2,0.0001200132706831652
SIN_ET_DC_RF_Vg_optt,0.00011997273651624339
MEASURE_ET_DC_SEC_S_Ids_max_SD3p5,0.00011897941390961058
SIN_Thickness2_RefractiveIndex,0.00011861027346392127
TOPSIN_ET_DC_SMALL_Vg_max_Vd,0.0001184602642201014
SIN_Thickness_RefractiveIndex,0.0001184550985048062
MEASURE_ET_DC_Big_Vds_max_0p1mA,0.00011816109334891522
MEASURE_ET_RF_Modeling_S21dB_10GHz,0.00011748389806452884
MEASURE_ET_DC_Big_Vdg_max_0p1mA,0.00011687537261491796
MEASURE_ET_Load_Pull_Pin_Cut,0.00011639274967567697
SIN_ET_DC_RF_Vbin_gd,0.00011612411670421677
THIN_ET_R_f_hr_2,0.00011550196396936264
MEASURE_ET_DC_SEC_S_Vg_at_I2_pos,0.00011517458031962187
THIN_ET_R314,0.00011434239335731747
THIN_ET_DC_RF_Vt_gs,0.00011429450490796087
THIN_ET_Rc_f_tn_23,0.00011385799584049827
MEASURE_ET_Ids_m2,0.00011370434027775004
FIC_ET_Vg_Vds_max,0.00011358059909304714
MEASURE_ET_RF_Modeling_Delta_MAG_19G,0.00011317810856535224
THIN_ET_R214,0.0001128066885029722
SIN_GATE_ET_OHMC_GN,0.00011223259219868937
MEASURE_ET_RF_Modeling_Cgs_err,0.00011194168722110209
MEASURE_ET_DC_RF_CF_S22_Ph_L1002,0.00011103778417320811
FIC_ET_TANR,0.00011083774933177535
MEASURE_ET_DC_RF_MAG_35GHz,0.00011054767014102675
OHMIC_ET_Ran_con_3,0.00011010618420816002
SIN_ET_TR_1F,0.00010952333612387248
MEASURE_ET_RF_Modeling_Rg,0.00010878851484959163
FIC_ET_R_f_hr_2,0.00010866387891526254
TOPSIN_ET_Load_Pull_Gss,0.0001085732941974237
BRIDGE_METAL_Height2_BRGM_Height2,0.0001081794161450971
TOPSIN_ET_GC_Igs,0.00010597625299548665
MEASURE_ET_DC_RF_CF_S22_Mag_L1002,0.00010553114405061679
MEASURE_ET_DC_SEC_X_Id_mA_mm_at_Vg2_FPSD3p2,0.00010549822483421688
FIC_ET_Vd_at_Id_cut_cond,0.00010530480297614469
SIN_ET_DC_RF_Vg_optt1,0.00010436874638410994
FIC_ET_G2_per_6K,0.00010341432665479
FMESA_ET_Probe_Number,0.00010297893405413254
SIN_Thickness_SiN_Thickness,0.00010278079563373324
TOPSIN_ET_DC_RF_Vbgd1,0.0001025203232546764
OHMIC_ET_OHMIC_conc,0.00010223492127680186
GATE2_CD_HPA_CB_Gate_Win_Length,0.00010217179251848326
THIN_ET_i5021_1,0.00010183505033446013
THIN_Measure3GN_Thickness_after_etchback,0.0001017219626666864
THIN_ET_C_AN_2_OW_CR,0.0001007032907896443
MEASURE_ET_DC_SEC_X_Ig_mAmm_at_Vg_cond_neg_FPSD3p2,0.00010001486024188919
MEASURE_ET_DC_Stress_Ig_max_before,9.98786974383175e-05
THIN_Measure2_Thickness_after_grinding,9.960750280018634e-05
MEASURE_ET_DC_RF_CF_S11_Mag_L1002,9.912192240464469e-05
MEASURE_ET_RF_Modeling_Cgs,9.890614205049079e-05
THIN_ET_F_AB,9.7839197864415e-05
GATE2_CD_330nm_Gate_Leg_Length,9.768920580780605e-05
MEASURE_ET_DC_Big_Ids_m0p2,9.768897573875737e-05
MEASURE_ET_RF_Modeling_Fmax_int,9.764383812779763e-05
THIN_ET_R_660_VER,9.758933477331344e-05
MEASURE_ET_DC_SMALL_Vg_max_Vd_0p1,9.74426190391432e-05
MEASURE_ET_TF_AB_1,9.614697281101707e-05
MEASURE_ET_DC_RF_MAG_35GHz_W,9.585737393638823e-05
MEASURE_ET_C_CAT_2_OW_ST,9.580792226877059e-05
MEASURE_ET_RF_Modeling_Vg_Stress,9.462272175203874e-05
FIC_ET_Vdg_max,9.380337182091393e-05
MEASURE_ET_RF_Modeling_Delta_MAG_25G,9.355474135492763e-05
FP2_Height2_FP2_Height2,9.28091416002783e-05
TOPSIN_ET_DC_SMALL_Vboff,9.26183931828991e-05
THIN_ET_i5021_3,9.166761191408619e-05
THIN_ET_DC_RF_Vg_optt2,9.063360036927416e-05
TOPSIN_ET_Load_Pull_GL_meas,8.935267866417758e-05
BRGM_Height2_BRGM_Height2,8.87401872919474e-05
THIN_ET_R_f_tn_2,8.830497698286923e-05
BRGM_Cd_Metal_BRGM_Final_metal_CD,8.73723460147459e-05
TOPSIN_ET_DC_RF_Vbin_gd,8.715859927130482e-05
MEASURE_ET_DC_SMALL_Vg_optt,8.645781367584625e-05
MEASURE_ET_DC_Stress_Vd_stress,8.607075535756666e-05
MEASURE_ET_DC_SEC_S_Ig_cut3_mAmm_pos_SD3p5,8.601213842543531e-05
MEASURE_ET_RF_Modeling_ids_m0p2_W,8.584848931631339e-05
MEASURE_ET_LT_SEC_Ig_Id_min_mA_mm_Vd8,8.548197610735929e-05
FIC_ET_Ids_m2,8.520854684391888e-05
TOPSIN_ET_KLV_F_M1_4u,8.489646374866337e-05
MEASURE_ET_DC_SEC_S_Vg_at_I3_neg,8.484547612451664e-05
MEASURE_ET_DC_Stress_Vg_max_Ig_after,8.393642677397502e-05
FIC_ET_TR_1F,8.341760487515318e-05
MESA_Height_Mesa_Height,8.280386389793844e-05
MEASURE_ET_DC_SEC_S_Vg_at_I1_pos,8.093316419433366e-05
MEASURE_ET_DC_SEC_X_Vg_at_I3_pos_SD3p5,8.080815327594771e-05
MEASURE_ET_i5021_2,8.052787476730801e-05
MEASURE_ET_RF_Modeling_L_Gd,7.867228106882806e-05
MEASURE_ET_DC_RF_Vds_max_0p1mA,7.822101691510678e-05
MEASURE_ET_DC_RF_ids_m0p2_W,7.780053464159329e-05
MEASURE_ET_DC_Big_K,7.705015158124284e-05
MEASURE_ET_DC_SEC_X_Vg_at_I3_neg_SD3p5,7.701414207857222e-05
MEASURE_ET_DC_SEC_X_Ig_cut2_mAmm_neg_SD3p5,7.671823589913167e-05
FIN_Etch_Hard_Bias,7.664639460384387e-05
FIC_ET_DC_RF_Vds_max_0p1,7.656041858435439e-05
MEASURE_ET_R_400_VER,7.633616108653998e-05
MEASURE_ET_Load_Pull_PhL_meas,7.603303215312215e-05
MEASURE_ET_LT_SEC_Ig_Id_min_mA_mm,7.599723993418367e-05
SIN_GATE_ET_R314,7.548650250563295e-05
MEASURE_ET_DC_SEC_S_Vg_at_I1_pos_SD3p5,7.544158937914825e-05
MEASURE_ET_DC_SMALL_Vbgd_0p1,7.541773808596443e-05
THIN_ET_Ran_con_2_OW_CR,7.538253644887702e-05
THIN_Measure2GN_Thickness_after_grinding,7.507869407148991e-05
MEASURE_ET_DC_RF_S21ang_10GHz,7.494561415918916e-05
FIC_ET_DC_RF_Vg_optt1,7.486579489671293e-05
MEASURE_ET_sh_f_tn_23,7.486180919484455e-05
MEASURE_ET_R214,7.48090218203754e-05
MEASURE_ET_RF_Modeling_MAG_19G_After,7.47401639536176e-05
MEASURE_ET_Vbpin,7.448603112078687e-05
MEASURE_ET_TFR_AB,7.441260763826405e-05
MEASURE_ET_DC_SEC_S_Ig_mAmm_at_Vg_cond_pos,7.41225755865315e-05
MEASURE_ET_DC_RF_S21ang_26GHz,7.406403727490965e-05
MEASURE_ET_DC_SEC_Vds_max_ON,7.376321625604091e-05
MEASURE_ET_DC_RF_MAG_26GHz_W,7.349759311573536e-05
TOPSIN_ET_Load_Pull_GL_set,7.332550585233702e-05
MEASURE_ET_VIA_KLV_8p5,7.200970168343245e-05
MEASURE_ET_DC_SEC_S_Id_mA_mm_at_Vg2_FPSD3p2,7.18074749222522e-05
MEASURE_ET_LT_SEC_Id_min_mA_mm_Vd7,7.090439545409991e-05
VIA_GaN_Height_Ni_height,7.041511405155628e-05
FIC_ET_DC_RF_Vbin_gd,6.990954430701465e-05
BFIC_Height_FIC_metal_thickness,6.932980595587822e-05
SIN_ET_DC_RF_Ids_m0p2,6.925631359848625e-05
MEASURE_ET_RF_Modeling_Fmax_ext,6.862893753007887e-05
MEASURE_ET_DC_SEC_S_Vboff_Id_plus_Ig,6.820038158768534e-05
BMETAL1_Height_Metal1_metal_thickness,6.801377454118618e-05
THIN_ET_Rsh_an_ct2_OW_CR,6.797274504402954e-05
MEASURE_ET_sh_GA142_GN,6.777266587581412e-05
TOPSIN_ET_DC_RF_Vboff,6.753453027840958e-05
MEASURE_ET_R_f_tn_2,6.731355421178929e-05
MEASURE_ET_Er,6.716236610032613e-05
MEASURE_ET_Vbpin_D60,6.696592814668167e-05
EBCR2_CD_2_EBCR_cd_etch,6.659311769281378e-05
MEASURE_ET_DC_SEC_S_Bin,6.648554592043601e-05
TFRP_ET_TFRP,6.621978238561009e-05
TOPSIN_ET_R_f_tn_2,6.60768032914541e-05
MEASURE_ET_F_AB,6.583096219471947e-05
THIN_Measure4_Wafer_thickness_final,6.537856105060108e-05
MEASURE_ET_DC_SEC_S_Ig_cut2_mAmm_neg,6.487183673475682e-05
MEASURE_ET_DC_RF_Vg_max_Vd_0p1mA,6.439325335178838e-05
MEASURE_ET_DC_SEC_X_Id_mA_mm_at_Vg2,6.419312709059499e-05
MEASURE_ET_Ran_con_3_OW_CR,6.37657094597375e-05
SIN_ET_DC_RF_Vt_gd,6.312725582234118e-05
TOPSIN_ET_DC_SMALL_Ids_m0p2,6.257264704947339e-05
MESA_ET_Vbkd,6.253783045701553e-05
MEASURE_ET_DC_RF_Min_S21_Mag_L1002,6.185540622137554e-05
TOPSIN_ET_C385pf_0,6.160264294234645e-05
MEASURE_ET_DC_RF_CF_S21_Ph_L1018,6.138423144902948e-05
FMESA_ET_Vbkd,5.994889131100355e-05
BRGM_Cd_Litho_BRGM_litho_CD,5.975990204531257e-05
TOPSIN_ET_DC_RF_Vt_gs,5.9363426039288416e-05
THIN_ET_DC_RF_Vdg_max_0p1mA,5.9356742907029865e-05
MEASURE_ET_DC_SEC_X_ChipStatus,5.93337066871763e-05
MEASURE_ET_DC_SEC_X_Ig_mAmm_at_Vg_cond_neg_SD3p5,5.894330826660861e-05
MEASURE_ET_DC_PIV_Ids0_QP2,5.8091468453238945e-05
FIC_ET_GT_lin25,5.7535744753683634e-05
MEASURE_ET_DC_SEC_X_Ids_max_SD3p5,5.7521053489345705e-05
OHMIC_ET_Ran_con_1,5.7402395809933207e-05
MEASURE_ET_Load_Pull_Id_ord,5.6808675324589695e-05
GATE2_CD_310nm_Gate_Leg_Length,5.6035443741305685e-05
MEASURE_ET_DC_SEC_S_Id_plus_Ig_at_Vboff_mA_mm,5.4275598933743195e-05
MEASURE_ET_DC_RD_Id_Vbon_min,5.40078832477328e-05
MEASURE_ET_DC_RF2_K,5.327079783401718e-05
MEASURE_ET_DC_SEC_S_Vg_at_I2_neg,5.297112634031105e-05
TOPSIN_ET_DC_RF_Vg_max_Vd_0p1,5.292071549458207e-05
MEASURE_ET_DC_RF_Min_S21_Ph_L2180,5.278761664113699e-05
MEASURE_ET_RF_Modeling_Stress_time,5.2067304774395847e-05
MEASURE_ET_RF_Modeling_Rgs_err,5.193013161428727e-05
MEASURE_ET_DC_SEC_X_Vg_at_I2_pos_SD3p5,5.140764884760262e-05
SIN_ET_DC_RF_Vdg_max,5.112143184885924e-05
GATE2_Ali_Litho_Gate_to_recess_alignment,5.084712677826977e-05
MEASURE_ET_DC_SEC_S_Ig_cut1_mAmm_pos_SD3p5,5.0032506612252317e-05
SIN_Thickness2_SiN_Thickness,4.979843098150439e-05
MEASURE_ET_RGAN3,4.958396847081215e-05
MEASURE_ET_DC_RF_CF_S22_Mag_L1018,4.7948236983419734e-05
MEASURE_ET_Rsh_cat_c2_OW_ST,4.73045993641506e-05
MEASURE_ET_DC_Big_S21dB_10GHz,4.7101676352436604e-05
TOPSIN_ET_sh_f_hr_23,4.690239130685914e-05
FIC_ET_Id_mAmm_at_Vd_cond,4.6832305997933184e-05
THIN_ET_DC_RF_Vg_max_Vd_0p1mA,4.679412227474672e-05
GATE2_CD_358nm_Gate_Win_Length,4.664369668736428e-05
MEASURE_ET_RF_Modeling_Delta_S21_25G,4.640331849130829e-05
MEASURE_ET_DC_RF_S22ang_10GHz,4.57569510484088e-05
MEASURE_ET_DC_SEC_S_Ig_cut1_mAmm_pos_FPSD3p2,4.56942374848401e-05
MEASURE_ET_DC_RF_S21ang_26GHz_W,4.557854204132227e-05
MEASURE_ET_DC_SMALL_Vt_gs,4.538566313080758e-05
MEASURE_ET_DC_RD_Vbon_min,4.5245452419082196e-05
MEASURE_ET_DC_SEC_S_Ig_cut1_mAmm_neg_SD3p5,4.52435802221301e-05
WIN_WIN_Alignment_WIN_to_FIN_Alignment,4.474311577782252e-05
MEASURE_ET_DC_SEC_X_Id_mA_mm_at_Vg1,4.463858868002468e-05
THIN_ET_DC_RF_Vbgd_0p1,4.452688280781822e-05
TOPSIN_ET_DC_RF_Vdg_max,4.450115324111807e-05
MEASURE_ET_DC_SEC_X_Id_mA_mm_at_Vg1_FPSD3p2,4.293210937829395e-05
TFRP_ET_TF_AB_3,4.2167249545211567e-05
MEASURE_ET_RF_Modeling_S21_19G_Before,4.20199626607981e-05
MEASURE_ET_RF_Modeling_Vd_stress,4.178423097976664e-05
MEASURE_ET_Rsh_TF_AB2,4.097714537013974e-05
SIN_ET_DC_RF_Vbgd1,4.095042124780132e-05
MEASURE_ET_LT_SEC_Vg_Id_min_Vd3,4.087803705075863e-05
TOPSIN_ET_Load_Pull_Gain_comp_Last,4.081008861032312e-05
MEASURE_ET_DC_SMALL_Vbgs1,4.009198050053829e-05
FIC_ET_R_f_hr_3,4.0008482099424096e-05
TOPSIN_ET_R314,3.970469551016044e-05
TOPSIN_ET_DC_RF_n_gd,3.928951399675968e-05
MEASURE_ET_DC_SEC_X_Ig_cut3_mAmm_neg_SD3p5,3.905242258649601e-05
FIC_ET_DC_RF_Vg_optt3,3.902532320231417e-05
MEASURE_ET_LT_SEC_Vbgd1,3.856867257089372e-05
MEASURE_ET_RF_Modeling_Cds_err,3.8232965056263414e-05
TOPSIN_ET_Load_Pull_ID_comp_Last_mA,3.8195661683057924e-05
MEASURE_ET_RF_Modeling_Cgd,3.80371793973301e-05
THIN_ET_DC_RF_Vdg_max,3.700510348999209e-05
BRIDGE_METAL_Height_Final_TOP_metal_thickness,3.667132864959337e-05
SIN_ET_DC_RF_Vboff,3.535291994715334e-05
MEASURE_ET_DC_SEC_X_Id_at_Vboff_mA_mm,3.5284518863685174e-05
ANODE_ET_Ran_con_3,3.420234548431517e-05
FIC_ET_FC_lin_4,3.3816802444857255e-05
MEASURE_ET_DC_Big_Ft,3.29330573327242e-05
TOPSIN_ET_Load_Pull_Vg,3.2807795280226845e-05
MEASURE_ET_DC_SEC_S_Vg_at_I1_neg_FPSD3p2,3.269057538169241e-05
MEASURE_ET_RF_Modeling_R_Gd,3.1273335578594566e-05
MEASURE_ET_Load_Pull_Vg,3.092876462070387e-05
FIC_ET_DC_PIV_Ids1_QP2,3.077010025107759e-05
THIN_ET_R_4000_VER,3.0189967023743018e-05
GATE1_Thickness1_Triple_E-beam_thickness,3.016491705802815e-05
MEASURE_ET_DC_RF_CF_S12_Mag_L1018,2.9917834989325836e-05
MEASURE_ET_DC_SEC_X_Id_at_Vboff_mA_mm_FPSD3p2,2.9791237422856064e-05
TOPSIN_ET_DC_PIV_Ids0_QP2,2.9280830079478858e-05
MEASURE_ET_DC_SEC_Vboff_Vds_min_ON,2.8582177488716685e-05
TOPSIN_ET_R_f_hr_2,2.8189475800436587e-05
MEASURE_ET_RF_Modeling_S12dB_10GHz,2.784384247702909e-05
FIC_Height_FIC_metal_thickness,2.766358873500497e-05
MEASURE_ET_DC_RF2_S21dB_26GHz,2.731033994834853e-05
FIC_ET_R_f_tn_1,2.679560160312874e-05
SIN_GATE_ET_Rsh_an_ct2,2.674718268789081e-05
MEASURE_ET_R_400_HOR,2.5749700104026175e-05
MEASURE_ET_Load_Pull_Freq,2.533164928533217e-05
SIN_GATE_ET_OHMC,2.506107801376044e-05
FIC_ET_DC_RF_Vbgs1,2.500824110728614e-05
MEASURE_ET_DC_Stress_Id_stress_after,2.4841292171936247e-05
TOPSIN_ET_C500pf_0,2.454146213908325e-05
MEASURE_ET_DC_SMALL_Vds_max,2.4487412233533484e-05
FP2_Height1_FP2_Height1,2.4098144494025145e-05
MEASURE_ET_DC_SEC_X_Vboff_Id_plus_Ig_FPSD3p2,2.4025825907787817e-05
MEASURE_ET_DC_SEC_X_Ig_mAmm_at_Vg_cond_pos_FPSD3p2,2.380770595119097e-05
SIN_ET_DC_RF_Vt_gs,2.340519675258179e-05
MEASURE_ET_R_4000_HOR,2.326632109138945e-05
MEASURE_ET_DC_SEC_X_Vboff_Id_plus_Ig,2.2823619660298616e-05
THIN_ET_R_f_tn_3,2.2609060041075552e-05
THIN_ET_Rsh_an_ct2,2.2026125185334743e-05
MEASURE_ET_Load_Pull_IG_comp_Last_uA,2.1238141956962436e-05
MEASURE_ET_Vbkdn_C385pf,2.1042371531916726e-05
FIC_ET_DC_RF_Vboff,2.0524044310704196e-05
MEASURE_ET_RF_Modeling_Gds_err,2.0235459021994356e-05
MEASURE_ET_DC_RF_MSG_18GHz,1.9988223623259662e-05
MEASURE_ET_RF_Modeling_Ld,1.981071631643511e-05
FIC_ET_DC_RF_Vdg_max_0p1mA,1.9414564390452617e-05
TFRP_ET_TF_AB_2,1.8828211849311294e-05
TFRP_ET_Probe_Number,1.8269803100069083e-05
MEASURE_ET_LT_SEC_Ig_Id_min_mA_mm_Vd3,1.7945685884984705e-05
MEASURE_ET_Ran_con_2,1.7896007079169637e-05
SIN_ET_DC_RF_Vbgd_0p01,1.774087620763426e-05
TOPSIN_ET_DC_RF_Vt_gd,1.7428891203290632e-05
WIN_CD_WIN_CD,1.7126133952915876e-05
MEASURE_ET_DC_SEC_X_Vg_at_I1_pos,1.7065890288371267e-05
TANR_M_Gauge_P_E_TaN,1.632986560790134e-05
MEASURE_ET_R514,1.6013132928469448e-05
TOPSIN_ET_DC_RF_Ids_m0p2,1.4277699284532983e-05
OHMIC_ET_Ran_con_2,1.4099017661528783e-05
MEASURE_ET_RF_Modeling_Ft_ext,1.376235335376112e-05
MEASURE_ET_DC_SEC_X_Ig_cut3_mAmm_neg,1.3348557850981138e-05
MEASURE_ET_DC_Big_S21ang_10GHz,1.3312960329810843e-05
MEASURE_ET_RF_Modeling_L_Gg,1.2017057897053888e-05
TOPSIN_ET_DC_SMALL_Vbgd1,1.1983976005341315e-05
MEASURE_ET_DC_RF_CF_S21_Mag_L1002,1.1235661978915606e-05
TOPSIN_ET_Load_Pull_Pout_W_last,1.120183128722193e-05
TOPSIN_ET_Load_Pull_Pin_Last,1.1163992287114416e-05
MEASURE_ET_DC_RF_CF_S11_Mag_L2180,1.0874830416647558e-05
MEASURE_ET_DC_RD_MSG_18GHz,1.0845293325210074e-05
MEASURE_ET_DC_RF_Vbgs_0p1,1.0388045192764591e-05
CATHODE_ET_Rsh_cat_c2,9.603652487086845e-06
MEASURE_ET_DC_RF_Vbgd_0p1,9.203819630337427e-06
MEASURE_ET_DC_RF_Ft,8.84186119057294e-06
THIN_ET_sh_GA142,8.363006774957248e-06
TOPSIN_ET_OHMC,8.296011893068573e-06
MEASURE_ET_DC_Big_MAG_18GHz,7.343275457831482e-06
OHMIC_ET_R214,5.876716199693021e-06
STREETS_Height_Backside_metal_thickness,5.255058371866056e-06
THIN_ET_Rsh_cat_c2_OW_ST,0.0
MEASURE_ET_DC_RD_Vg_Vbon_max,0.0
FIC_ET_DC_RF_Ids_m0p2,0.0
FIC_ET_Gate_res,0.0
GATE2_Ali_Litho2_Gate_to_ohmic_alignment,0.0
MEASURE_ET_DC_RD_Vboff,0.0
MEASURE_ET_DC_RD_Vboff_ON,0.0
MEASURE_ET_DC_RF_Max_S11_Mag_L2180,0.0
MEASURE_ET_DC_RF_Min_S21_Freq_L2180,0.0
MEASURE_ET_DC_RF_Max_S11_Freq_L1018,0.0
MEASURE_ET_DC_RF_Max_S11_Mag_L1002,0.0
TOPSIN_ET_DC_RF_Vbgs_0p1,0.0
TOPSIN_ET_DC_RF_Vbgs_0p01,0.0
MEASURE_ET_DC_RF_MSG_10GHz,0.0
TOPSIN_ET_DC_RF_Vbgd_0p1,0.0
MEASURE_ET_DC_Diode_S21_dB_forw,0.0
MEASURE_ET_RF_Modeling_S21ang_10GHz,0.0
FIC_ET_R_f_hr_1,0.0
MEASURE_ET_Rsh_F_AB_2,0.0
MEASURE_ET_Rc_OG144,0.0
MEASURE_ET_DC_Big_S22dB_10GHz,0.0
TOPSIN_ET_R_f_tn_3,0.0
TOPSIN_ET_RGAN3,0.0
MEASURE_ET_DC_RF_Vds_max,0.0
MEASURE_ET_RF_Modeling_Rgd,0.0
MEASURE_ET_DC_SEC_S_Vg_at_I1_neg,0.0
TOPSIN_ET_DC_SMALL_Vbgs_0p01,0.0
THIN_ET_C20,0.0
TFRP_ET_TF_AB_1,0.0
MEASURE_ET_DC_SEC_X_Ron_FPSD3p2,0.0
FIC_ET_DC_RF_Vbgd_0p01,0.0
MEASURE_ET_DC_RD_S11dB_18GHz,0.0
MEASURE_ET_DC_SEC_S_Vg_at_I1_pos_FPSD3p2,0.0
MEASURE_ET_DC_SEC_S_Vg_at_I3_neg_SD3p5,0.0
MEASURE_ET_DC_SEC_S_Vboff_Id_plus_Ig_FPSD3p2,0.0
SIN_ET_DC_RF_Vg_max_Vd_0p1mA,0.0
MEASURE_ET_DC_SEC_S_Ig_mAmm_at_Vg_cond_pos_FPSD3p2,0.0
MEASURE_ET_DC_SEC_S_Vg_at_I1_neg_SD3p5,0.0
MEASURE_ET_DC_RF_CF_S12_Ph_L1002,0.0
