,mean_abs_shap
MEASURE_ET_lkg_50_at20V,0.3461740632640202
MEASURE_ET_DC_Stress_Id_stress_before,0.15408574844205025
TOPSIN_ET_C100Cap1pf,0.1277463387245419
MEASURE_ET_ABVIETCH,0.11146816979031705
TOPSIN_ET_DC_PIV_Drain_Lag_0,0.09457011475528244
THIN_ET_lkg_10,0.09238531208967239
MEASURE_ET_DC_Big_S12dB_10GHz,0.09228528728986696
TOPSIN_ET_Rc_f_tn_23,0.06666087447813555
ANODE_ET_Rc_an_ct2_OW_CR,0.056372203875096595
OHMIC_ET_Rsh_an_ct2,0.054858552789613275
MEASURE_ET_DC_RF2_MAG_26GHz,0.04766691946238565
MEASURE_ET_DC_SMALL_Ids_m0p2,0.04740637723426689
CATHODE_ET_Rcat_cn_2,0.04397427333332839
TOPSIN_ET_lkg_C450pf,0.04175032603763308
MEASURE_ET_DC_RF_CF_S12_Mag_L1002,0.03803082491890282
SIN_ET_DC_RF_Vbin_gs,0.036891361805092844
FIC_ET_DC_RF_Vbgs_0p01,0.03476757830858863
MEASURE_ET_C200_0,0.03435121594715555
MEASURE_ET_DC_Big_Vg_optt2,0.03337174575829234
TOPSIN_ET_lkg_5,0.029348817269227365
STAGE_RANGE_sh_GA142,0.02806179490852239
MEASURE_ET_Rc_an_ct2_OW_CR,0.027668431403737214
MEASURE_ET_DC_RF_K_W,0.027210335102212598
TOPSIN_ET_C100Cap2pf,0.026705019159424477
MEASURE_ET_DC_RF2_S21ang_26GHz,0.02599401541738637
MEASURE_ET_LT_SEC_Ileak_m5p5V_mA_mm,0.025545368378247696
THIN_ET_TF_AB_1,0.02475948227610042
MEASURE_ET_DC_RF2_S22dB_26GHz,0.02440975460154235
MEASURE_ET_LT_SEC_Ileak_m10p5V_mA_mm,0.023353926517122578
TOPSIN_ET_R_f_hr_3,0.022917088508576454
MaskSetSupplyChipsCount,0.02186537971148144
MEASURE_ET_RF_Modeling_S21_25G_Before,0.021282015032578507
TOPSIN_ET_Cap3pf_0,0.02106616685570809
TOPSIN_ET_Cap3pf,0.020040261770650786
THIN_ET_Rc_OG142,0.019964770531039035
MaskSetName_MS_A,0.018994706707960402
MEASURE_ET_CapPARCAP_0,0.01753177039518495
OHMIC_ET_Rc_an_ct2,0.017511305189311707
THIN_ET_lkg_100_at20V,0.01696861759286356
MEASURE_ET_VIA_KLV,0.016652201539113506
STAGE_STD_R_f_tn_1,0.01594251512287214
MEASURE_ET_DC_SEC_X_Ig_cut1_mAmm_pos,0.01500920937277066
FIC_ET_DC_RF_Vg_max_Vd_0p1mA,0.015000799787330462
MEASURE_ET_R414,0.014528356874033517
MEASURE_ET_DC_RF_Min_S21_Freq_L1018,0.014406736434084471
MEASURE_ET_DC_SEC_X_Ig_cut2_mAmm_neg,0.013989323877546124
STAGE_RANGE_DC_PIV_Drain_Lag_0,0.013598278389411958
OHMIC_ET_sh_GA142,0.013512410720231684
THIN_ET_Rcat_cn_1_OW_ST,0.013006939504346556
MEASURE_ET_DC_Diode_Rs_9p5,0.012901431677880175
ANODE_ET_Ran_con_1,0.012696909992139037
TOPSIN_ET_Load_Pull_PhL_meas,0.012528287963540054
MEASURE_ET_DC_RF_Min_S21_Ph_L1002,0.012474978321711717
MEASURE_ET_DC_RF_Vbgs_0p01,0.012468934065391079
MEASURE_ET_DC_SEC_X_Ig_cut1_mAmm_pos_FPSD3p2,0.012393563133988018
MEASURE_ET_Rc_cat_ct2,0.01156011036172033
TOPSIN_ET_DC_RF_Vds_max,0.011298729420151834
FIC_ET_Probe_Number,0.011049691730783963
TOPSIN_ET_DC_SMALL_Vds_max,0.010786652460039929
MEASURE_ET_Rc_cat_ct2_OW_ST,0.01077232150561635
MEASURE_ET_USV_Cappf,0.010763733932833874
SIN_GATE_ET_RGAN2,0.010733713065706219
MEASURE_ET_RF_Modeling_S12ang_10GHz,0.01071076313133162
MEASURE_ET_RGAN1,0.010703752140953478
MEASURE_ET_RF_Modeling_Ft,0.010542384995540588
TOPSIN_ET_DC_SMALL_Vbgd_0p1,0.010482921301858072
MEASURE_ET_Cap3pf_0,0.01047224345972856
MEASURE_ET_Rcat_cn_2,0.010199057120449656
FIC_ET_G_per_25,0.009700587811073285
MEASURE_ET_DC_SEC_X_Ig_mAmm_at_Vg_cond_neg,0.00967430706589042
THIN_ET_C_AN_2,0.009547636707828237
MEASURE_ET_C_AN_2_OW_CR,0.009500219440097449
SIN_GATE_ET_lkg_SY8_80,0.009499854172974507
MEASURE_ET_DC_SEC_X_Id_at_Vboff_mA_mm_SD3p5,0.009070921030061204
MEASURE_ET_RF_Modeling_Tau,0.009029958124102256
TFRP_ET_Rsh_TFR2,0.008970104017065172
TOPSIN_ET_Cap1pf_0,0.00881306524647058
MEASURE_ET_R_f_hr_3,0.008544058338548762
MEASURE_ET_C300,0.008466646415997096
FIC_ET_Bad_Gates,0.008407958192258869
MEASURE_ET_DC_SEC_X_Id_plus_Ig_at_Vboff_mA_mm_FPSD3p2,0.008401643209507521
MEASURE_ET_DC_RF2_S11dB_26GHz,0.008229616706593773
MEASURE_ET_DC_RF_CF_S22_Mag_L2180,0.008163430953582266
STAGE_RANGE_DC_RF_Vbgs_0p1,0.0080087474119372
MEASURE_ET_DC_PIV_Ids0_QP1,0.007943151358451587
TOPSIN_ET_R414,0.007924207512283727
MEASURE_ET_DC_SEC_S_Id_at_Vboff_mA_mm_FPSD3p2,0.007899635105351384
MEASURE_ET_RF_Modeling_MAG_19G_Before,0.007778983589634012
MEASURE_ET_DC_SEC_Ids_min_ON,0.0077514215140052495
TOPSIN_ET_C300_0,0.007738624927868518
TOPSIN_ET_Load_Pull_P.A.E_Last,0.007493192709301761
SIN_ET_lkg_SY07_10,0.007448534577626253
MEASURE_ET_DC_Diode_S11_dB_forw,0.007427983932543105
STAGE_DELTA_DC_PIV_Drain_Lag_0_FIC_minus_TOPSIN,0.007299134104019666
MEASURE_ET_i5021_3,0.007209605034466988
MEASURE_ET_DC_SEC_X_Vg_at_I3_pos,0.0071922646607677325
MEASURE_ET_RF_Modeling_Mag_i,0.007054494002558481
MEASURE_ET_DC_RD_S11ang_18GHz,0.007028727118786036
MEASURE_ET_lkg_70_at20V,0.007014123168927558
FIC_ET_sh_f_tn_23,0.006871984059401035
TOPSIN_ET_DC_SMALL_Vbin_gd,0.006787850239577844
MEASURE_ET_DC_RF_S11dB_26GHz_W,0.0067656559226926235
MEASURE_ET_HIRS,0.006737877785494064
MEASURE_ET_DC_Big_MAG_10GHz,0.006530469643817067
MEASURE_ET_DC_Big_S12ang_10GHz,0.006481307666348738
MEASURE_ET_DC_RF_CF_S21_Mag_L1018,0.006455073411245041
MaskSetName_MS_D,0.0063626948496165
MEASURE_ET_DC_SEC_Ids_max_ON,0.006324095944443132
THIN_ET_Rc_an_ct2_OW_CR,0.006271755359100197
MEASURE_ET_DC_SEC_X_Ig_cut1_mAmm_neg,0.006268759306937375
FIC_ET_DC_RF_Vbin_gs,0.006260481497199162
MEASURE_ET_DC_Stress_Id_max_Ig_after,0.006233638078425175
MEASURE_ET_DC_RD_K,0.006101580836540916
MEASURE_ET_DC_Big_S22ang_10GHz,0.006096160624869841
MEASURE_ET_DC_RF_Vboff,0.0060766622819024944
ANODE_ET_Ran_con_2_OW_CR,0.006068586349606256
FIC_ET_lkg_SY8_80,0.00606702103785109
MEASURE_ET_RF_Modeling_S21_19G_After,0.006064939795290123
MEASURE_ET_DC_Diode_S11_dB_rev,0.005925532779823835
THIN_ET_DC_RF_Vbgs_0p01,0.005916906007467721
GATE2_CD_Gate_Leg_Length,0.005625785345987656
MEASURE_ET_C100C500pf,0.00560463647894251
TOPSIN_ET_R_f_hr_1,0.005579583665067125
MEASURE_ET_DC_RF_Max_S11_Ph_L2180,0.005545938113338493
MEASURE_ET_DC_RF_CF_S11_Ph_L1002,0.005531640364382645
FIC_ET_DC_PIV_Drain_Lag_1,0.005525780412109765
MEASURE_ET_DC_RF2_S11ang_26GHz,0.005510257123889671
FIC_ET_DC_PIV_Gate_Lag_1,0.0054851254571207896
MEASURE_ET_DC_SMALL_Vbgs_0p01,0.005437744846782097
SIN_GATE_ET_Rc_an_ct2,0.005421994747294937
MEASURE_ET_DC_SEC_X_Id_plus_Ig_at_Vboff_mA_mm,0.005385346251019512
MEASURE_ET_DC_RF_S22dB_26GHz,0.0053852603493952066
MEASURE_ET_LT_SEC_Id_min_mA_mm_Vd8,0.005352690530391959
TOPSIN_ET_C500pf,0.0053386274387435765
MEASURE_ET_LT_SEC_Vbgd1_Vd7,0.005223083567466624
MEASURE_ET_RGAN2,0.005152873943644773
MEASURE_ET_DC_Big_S11ang_10GHz,0.0051416262446587644
TOPSIN_ET_lkg_C300pf,0.00510234345252565
MEASURE_ET_DC_RF_S11dB_26GHz,0.005069223270123615
STAGE_STD_DC_RF_Vbgs_0p1,0.004926777001682341
TOPSIN_ET_Cap1pf,0.0048995803333434776
MEASURE_ET_DC_SEC_X_Vboff_Id,0.004899335210074983
MEASURE_ET_R_f_tn_1,0.004898342529168765
MEASURE_ET_Rc_F_AB_2,0.004821199456012204
MEASURE_ET_DC_SEC_X_Ids_max_norm_FPSD3p2,0.004811468724058977
THIN_ET_C20_0,0.004787586152356042
THIN_ET_DC_RF_Vg_optt3,0.004750886946723449
THIN_ET_Rc_TF_AB_2,0.004730831139334403
FIC_ET_Gm_max,0.0046600462270956575
TOPSIN_ET_CapUSV_0,0.004655476460718442
THIN_ET_DC_RF_Id_gm_max,0.004647081999031663
STAGE_RANGE_TF_AB_1,0.004637429851916689
STAGE_DELTA_DC_PIV_Gate_Lag_0_FIC_minus_TOPSIN,0.004635100060731763
MEASURE_ET_Load_Pull_GL_set,0.0046224882060338195
STAGE_STD_DC_PIV_Drain_Lag_0,0.004605546585621079
TOPSIN_ET_Probe_Number,0.004582131884013522
STAGE_DELTA_Rcat_cn_2_CATHODE_minus_THIN,0.004579481199107042
MEASURE_ET_C100CapPARCAP,0.004568054930685348
TOPSIN_ET_DC_RF_Gm_max,0.004565752702152223
TOPSIN_ET_C100C500pf,0.004557107529989474
MEASURE_ET_DC_RF_CF_S22_Ph_L2180,0.004519022399081098
FIC_ET_DC_RF_Vbgs_0p1,0.004501232568277621
MEASURE_ET_DC_RD_MSG_35GHz,0.004485194401456134
THIN_ET_Rc_f_hr_23,0.004432858567645585
MEASURE_ET_C100,0.004364657574804305
MEASURE_ET_Rc_OG142_GN,0.0043572816462284095
FIC_ET_DC_RF_Vdg_max,0.004327958461501901
MEASURE_ET_DC_PIV_Ids0_QP3,0.004322195485617268
MEASURE_ET_DC_SEC_S_Id_mA_mm_at_Vg1_FPSD3p2,0.004266534937736832
FIC_ET_G_per_2p75K,0.004265055613616732
MEASURE_ET_DC_Diode_S21_dB_rev,0.004198082954086002
CHRE_Ali_Litho_Channel_to_Ohmic_Alignment,0.004185519593099353
THIN_ET_i5021_2,0.004119114351422076
TOPSIN_ET_DC_PIV_Ids1_QP1,0.004118554893193434
THIN_ET_R_660_HOR,0.004092981559628037
THIN_ET_Rsh_F_AB_2,0.004091309860211985
MEASURE_ET_DC_Diode_S21_dB_forw_9p5,0.003990917062946328
MEASURE_ET_DC_RF_Vbon_min,0.003970647326091898
MEASURE_ET_Load_Pull_Gss,0.003953573280783366
MEASURE_ET_DC_PIV_Drain_Lag_Idss,0.003947377165145623
TOPSIN_ET_DC_RF_Idss,0.003915363013043818
MEASURE_ET_DC_SEC_Vgs_1V,0.003843112512632564
MEASURE_ET_C100CapFICBRGM,0.0038325678080187377
MEASURE_ET_RF_Modeling_Ls,0.003819295481224713
MEASURE_ET_Load_Pull_Pin_Last,0.00380912088602496
MEASURE_ET_Ran_con_1,0.0037886234258256175
MEASURE_ET_DC_RF_Vbin_gs,0.0037856849604519286
MEASURE_ET_DC_SEC_X_Vg_at_I2_neg_SD3p5,0.0037596095182282686
MEASURE_ET_LT_SEC_Ileak_m12p5V_mA_mm,0.003758175502692019
STAGE_RANGE_Vds_max,0.0037516628362617007
MEASURE_ET_DC_RF_Vg_max_Vd,0.003729606852114653
MEASURE_ET_DC_RF_Idss_W,0.003672171379116774
TOPSIN_ET_Load_Pull_Id_ord,0.0036618988725414174
MEASURE_ET_lkg_CapFICM1,0.0036408456365708552
TOPSIN_ET_C100Cap3pf,0.003640299207773959
STAGE_RANGE_Rcat_cn_2,0.003616763883035218
MEASURE_ET_DC_SEC_S_Ig_cut3_mAmm_neg_SD3p5,0.0036050314454534713
TOPSIN_ET_RGAN2,0.003590460657107501
MEASURE_ET_DC_SEC_X_Id_plus_Ig_at_Vboff_mA_mm_SD3p5,0.0035844075195521677
MEASURE_ET_R_f_tn_3,0.0035060280473580363
MEASURE_ET_DC_Stress_Vp_after,0.003500398906321797
FIC_ET_Gm_m2,0.0034827171653060434
THIN_ET_C300_0,0.0034794439903621734
MEASURE_ET_DC_Stress_Vg_max_Ig_before,0.0034376439097268062
MEASURE_ET_lkg_SY07_10,0.0034126560697121952
FIC_ET_DC_RF_Vg_max_Vd,0.003400342612214192
STAGE_RANGE_Rcat_cn_2_OW_ST,0.003387627498648261
MEASURE_ET_DC_RF_S11ang_26GHz_W,0.0033787227288938734
THIN_ET_R_4000_HOR,0.003367163502110611
MEASURE_ET_DC_SEC_Vds_min_ON,0.003294396969775973
MEASURE_ET_DC_RF_Vg_Vbon_min,0.0032803868988232686
MEASURE_ET_DC_RF_CF_S11_Ph_L2180,0.0032496488386831897
MEASURE_ET_DC_RF_Max_S11_Freq_L2180,0.003237995130167457
MEASURE_ET_DC_RD_Vg_Vbon_min,0.003235070257154545
TOPSIN_ET_DC_PIV_Ids1_QP3,0.0032157079486679935
MEASURE_ET_VIA_KLV_2,0.0031933598406486264
TOPSIN_ET_C100CapUSV,0.003188223073151038
MEASURE_ET_lkg_70,0.003165328809717122
MEASURE_ET_R_660_VER,0.00311896638539815
THIN_Measure1_Glue_thickness,0.0031160533939146814
TOPSIN_ET_sh_f_tn_23,0.0031020172244979674
TOPSIN_ET_DC_SMALL_Vbgs1,0.00309168331607936
TOPSIN_ET_C300pf_0,0.0030804014445362515
MEASURE_ET_RF_Modeling_Cds,0.003061882365324894
MEASURE_ET_DC_SEC_Vp_10mA,0.00305905903728009
MEASURE_ET_C_CAT_2,0.0030486443031981125
MEASURE_ET_TANR,0.003040232033666487
MEASURE_ET_lkg_PAD_10,0.0030321994616412887
SIN_ET_DC_RF_Vbgs1,0.0030314351876000317
MEASURE_ET_DC_RF_S11dB_10GHz,0.003027348462287229
TOPSIN_ET_CapFICM1,0.0030132690958708038
MEASURE_ET_DC_RF_S11ang_26GHz,0.0030072789756425767
TOPSIN_ET_Load_Pull_Id_ini,0.0030065911420202327
MEASURE_ET_C100CapUSV,0.002976691614557675
MEASURE_ET_DC_RF_CF_S22_Ph_L1018,0.0029708237879371
STAGE_RANGE_DC_PIV_Gate_Lag_0,0.002968563529860568
MEASURE_ET_C300_0,0.002958503098161459
MEASURE_ET_DC_Big_Vp_01,0.00293462040753474
MEASURE_ET_DC_RF2_Ft,0.002933665137781061
MEASURE_ET_RF_Modeling_S22ang_10GHz,0.002933359814182968
MEASURE_ET_Load_Pull_Id_ini,0.002911093266749622
MEASURE_ET_DC_RF_Freq_cut_L1002,0.0028965858121664345
THIN_ET_R_f_tn_1,0.002894689309934482
MEASURE_ET_RF_Modeling_Cgd_err,0.0028879727936423237
THIN_ET_DC_RF_Vg_optt1,0.0028781198298927276
MEASURE_ET_DC_Big_S11dB_10GHz,0.002857446603963513
TOPSIN_ET_Vdg_max,0.0028299203490071696
MEASURE_ET_DC_SEC_S_Id_mA_mm_at_Vg3_FPSD3p2,0.002808453132771014
STAGE_RANGE_sh_f_tn_23,0.0028036574748166545
MEASURE_ET_DC_SEC_X_Id_mA_mm_at_Vg3,0.0027719349352322577
STAGE_RANGE_DC_PIV_Ids1_QP3,0.0027449149562913896
MEASURE_ET_DC_SEC_X_Ron_SD3p5,0.002736878819089778
MEASURE_ET_DC_SEC_X_Vg_at_I3_pos_FPSD3p2,0.0027270250294006795
MEASURE_ET_DC_RF2_S22ang_26GHz,0.0027257314341182287
MEASURE_ET_LT_SEC_Vd_Id_min_Vd3,0.0027061712092834827
MEASURE_ET_DC_Big_Vg_max_Vd_0p1mA,0.0026948545443735306
MEASURE_ET_DC_RF_CF_S12_Ph_L2180,0.00267759015679484
MEASURE_ET_LT_SEC_Vbgd1_Vd3,0.0026734181444992467
MEASURE_ET_sh_GA144,0.002644785027939221
THIN_ET_DC_RF_Vds_max_0p1mA,0.0026365555905665215
MEASURE_ET_DC_RF_Vt_gs,0.002635529909731122
MEASURE_ET_RF_Modeling_Mag_m,0.002635465103208123
MEASURE_ET_DC_RF2_S12dB_26GHz,0.002616761629093593
SIN_GATE_ET_Rc_OG142_GN,0.002614749349993637
MEASURE_ET_DC_SEC_S_Id_mA_mm_at_Vg3_SD3p5,0.0025911913222146
TOPSIN_ET_DC_PIV_Gate_Lag_0,0.002580220285279841
SIN_ET_DC_RF_n_gs,0.0025563638192421132
MEASURE_ET_sh_f_hr_23,0.00254949096971866
MEASURE_ET_DC_RD_Vbon_max,0.002539017814568098
MEASURE_ET_DC_Big_Vg_optt1,0.0025259711148513534
STAGE_RANGE_Gate_res,0.002502882048027913
TOPSIN_ET_Ids_m2,0.0024831390101709497
MEASURE_ET_DC_SEC_n_gs,0.002480604003246505
MEASURE_ET_C100C300pf,0.002465510858461379
SIN_GATE_ET_sh_GA144,0.0024651499538577946
MEASURE_ET_DC_RF_Max_S11_Ph_L1018,0.002445806674704757
MEASURE_ET_DC_RF_Vg_max_Vd_0p1,0.0024381340581828143
MEASURE_ET_Vbkdn_Cap100,0.0024290125212311333
MEASURE_ET_DC_PIV_Gate_Lag_0,0.0024181597410114883
MEASURE_ET_Cap1pf,0.002405815766615869
STAGE_STD_Rcat_cn_3,0.002403579408398005
MEASURE_ET_DC_RF_Vbgs1,0.002401621588227327
MEASURE_ET_RF_Modeling_Mag_d,0.002386729785795045
MEASURE_ET_DC_RD_S22ang_18GHz,0.00238655777788957
TOPSIN_ET_TANR,0.002347628216766657
FIC_ET_DC_RF_Vbgd_0p1,0.0023136579594368136
MEASURE_ET_DC_SEC_S_Vp_1_mA_mm_second_SD3p5,0.0022933863673808125
MEASURE_ET_DC_SEC_X_Vp_1_mA_mm_second_FPSD3p2,0.002287447650832231
MEASURE_ET_DC_RF_S22dB_26GHz_W,0.0022785105961000886
MEASURE_ET_DC_Diode_Vbpin,0.002265907527625562
TOPSIN_ET_Cap_C300,0.0022606073803491753
STAGE_DELTA_Rc_an_ct2_OW_CR_ANODE_minus_THIN,0.002258704816534604
MEASURE_ET_i5021_1,0.0022567437110767546
MEASURE_ET_DC_RF_S12dB_26GHz_W,0.0022478019440314288
STAGE_RANGE_R_f_tn_1,0.0022365498475723574
MEASURE_ET_RF_Modeling_Lg,0.0022158439954132266
FIN_FIN_Alignment_FIN_to_ohmic_alignment,0.0022058407501684267
MEASURE_ET_DC_Stress_Ig_max_after,0.002197910081638495
ANODE_ET_Rsh_an_ct2,0.0021964684838839178
STAGE_RANGE_R_f_hr_3,0.002195585284002347
MEASURE_ET_DC_SEC_X_Vg_at_I1_pos_SD3p5,0.002188663498044568
THIN_ET_DC_RF_Vbin_gs,0.0021881896609853364
THIN_ET_Er,0.0021603420829033083
TOPSIN_ET_sh_GA144,0.0021544835307945914
MEASURE_ET_DC_SEC_X_Ids_max_norm_SD3p5,0.002146364614232429
MEASURE_ET_DC_SEC_X_Vg_at_I2_neg_FPSD3p2,0.0021386485805491404
MEASURE_ET_DC_SMALL_Vp_01,0.002132341768137625
MEASURE_ET_C385pf,0.0021132351872992752
MEASURE_ET_TF_AB_2,0.002101989453903418
STAGE_STD_DC_PIV_Gate_Lag_0,0.0020970013513440544
GATE2_Thickness4_PMMA_PR_etch_thickness,0.0020968582348591764
MEASURE_ET_DC_PIV_Imax_QP3,0.002083246983857586
MEASURE_ET_DC_SEC_X_Vboff_Id_FPSD3p2,0.0020574873583262187
TOPSIN_ET_DC_PIV_Drain_Lag_1,0.0020454315775141996
MEASURE_ET_RF_Modeling_K,0.002037670722900458
MEASURE_ET_DC_SEC_S_Vp_1_mA_mm_first,0.002036194661409388
MEASURE_ET_DC_SEC_X_Ig_cut3_mAmm_pos_FPSD3p2,0.002033519707337288
MEASURE_ET_DC_Stress_Vg_gm_max_before,0.0020254652022213596
MEASURE_ET_LT_SEC_Id_min_mA_mm,0.0020042846190389397
STAGE_RANGE_R314,0.0020020950444518282
MEASURE_ET_DC_RF_S12ang_26GHz,0.0019910170123535018
MEASURE_ET_DC_RF_Vdg_max_0p1mA,0.001981704923440748
STAGE_STD_DC_RF_Vg_max_Vd_0p1mA,0.0019803662425252073
STAGE_RANGE_Rc_f_hr_23,0.0019720469696930844
ANODE_ET_C_AN_2_OW_CR,0.001968956991348954
MEASURE_ET_C500pf,0.0019569909482279094
MEASURE_ET_DC_RF_MAG_26GHz,0.0019496935853926098
SIN_ET_Probe_Number,0.001923496519074096
MEASURE_ET_DC_RF_Vp_01_W,0.0019153452709728817
MEASURE_ET_LT_SEC_Ig_Id_min_mA_mm_Vd7,0.0018857456200499375
TOPSIN_ET_DC_PIV_Ids0_QP3,0.0018744224405134835
STAGE_DELTA_DC_PIV_Ids1_QP3_FIC_minus_TOPSIN,0.0018741622431165882
MEASURE_ET_Rc_f_hr_23,0.001871930437227163
MEASURE_ET_DC_SEC_S_Ids_max_norm,0.001851440980655997
SIN_GATE_ET_sh_GA142_GN,0.0018462083037387791
TOPSIN_ET_Vds_max,0.001827584344259848
MEASURE_ET_C300FM1,0.0018217022699169268
MEASURE_ET_DC_SMALL_Vbin_gd,0.0018106328578040732
TOPSIN_ET_DC_RF_Vg_max_Vd,0.0018092495798883253
MEASURE_ET_DC_RD_S22dB_18GHz,0.0018064471196452914
SIN_CAPACITOR_ThicknessGN1_RefractiveIndex,0.001805507479430519
MEASURE_ET_DC_SEC_S_Ron_FPSD3p2,0.001773715922374659
MEASURE_ET_Vbkdn_Cap100_Long,0.0017709427264157177
TOPSIN_ET_DC_RF_Vbin_gs,0.0017535294520516006
STAGE_STD_lkg_5,0.001744277881236027
MEASURE_ET_DC_RF_Min_S21_Freq_L1002,0.0017431600541061897
STAGE_RANGE_DC_RF_Vp_01,0.0017399857674206926
SIN_ThicknessGN2_RefractiveIndex,0.0017293436929688747
THIN_ET_KLV_F_AB_4u,0.0017025984333962445
MEASURE_ET_DC_SMALL_Vbin_gs,0.0016930725535710684
FIC_ET_Rc_f_hr_23,0.0016793940241923162
MEASURE_ET_Cap_C300FB,0.0016704444118578088
ANODE_ET_Probe_Number,0.0016662402670543546
TOPSIN_ET_Cap2pf_0,0.0016422390124487243
STAGE_STD_Vds_max,0.0016296512880632633
MEASURE_ET_Load_Pull_PhL_set,0.0016294343692234536
SIN_GATE_ET_RGAN1,0.0016246285245250507
TOPSIN_ET_C100CapFICM1,0.001623051170368029
FIC_ET_DC_PIV_Gate_Lag_0,0.0016144483969350453
MEASURE_ET_DC_SEC_S_Ig_mAmm_at_Vg_cond_neg_SD3p5,0.0015884151191413573
MEASURE_ET_DC_Big_Vg_max_Vd,0.0015831060902046343
MEASURE_ET_LT_SEC_Vd_Id_min_Vd7,0.0015823581717176423
SIN_ET_DC_RF_Vg_max_Vd_0p1,0.001577275847508665
MEASURE_ET_DC_SMALL_Vbgd1,0.0015743362241415898
MEASURE_ET_DC_RF_CF_S21_Mag_L2180,0.0015705229851404356
MEASURE_ET_DC_PIV_Idss_QP1,0.0015446887979826394
MEASURE_ET_DC_SEC_S_Ids_max_FPSD3p2,0.001539026338887857
TOPSIN_ET_HIRS,0.0015385521620822045
FIC_ET_DC_PIV_Ids1_QP3,0.0015375327457462914
STAGE_RANGE_DC_RF_n_gs,0.0015187842005437914
MEASURE_ET_DC_SEC_X_Vg_at_I1_pos_FPSD3p2,0.0015129470884792959
SIN_ET_DC_RF_Vdg_max_0p1,0.0015035408186348676
MEASURE_ET_DC_SEC_X_Vp_1_mA_mm_second,0.0014787746417570101
FIC_ET_DC_PIV_Ids0_QP2,0.0014697668389233945
THIN_ET_R_f_hr_1,0.0014544704932195954
MEASURE_ET_DC_SEC_Vgs_back_0p5V,0.001438797420955437
MEASURE_ET_DC_Diode_S11_dB_forw_9p5,0.001436704818812753
THIN_ET_C_CAT_2,0.0014342695447480827
THIN_ET_R_400_VER,0.0014323773100395297
MEASURE_ET_DC_RF_Max_S11_Freq_L1002,0.0014293407173915868
CATHODE_ET_Rcat_cn_1,0.0014227192234484041
MEASURE_ET_Gm_max,0.0014111101960093144
STAGE_STD_C300_0,0.001410027878294788
MEASURE_ET_DC_RD_Ft,0.0014083151117661793
MEASURE_ET_C300FB,0.0014067236747447617
MEASURE_ET_Rc_f_tn_23,0.001364687098046951
TOPSIN_ET_Load_Pull_PhL_set,0.0013396081340596362
MEASURE_ET_DC_SEC_X_Vg_at_I2_pos_FPSD3p2,0.0013368541085315001
FIC_ET_G_per_6K,0.0013256709494300902
MEASURE_ET_C100CapFICM1,0.0013118424961716176
STAGE_STD_DC_RF_Vds_max_0p1,0.0012963299183954174
STAGE_RANGE_DC_RF_Vbgd_0p01,0.0012844036297024433
MEASURE_ET_DC_RF_S11ang_10GHz,0.0012840313732327803
MEASURE_ET_DC_SEC_X_Ig_cut3_mAmm_pos,0.001283325337094944
THIN_ET_Vbpin,0.0012797592203483785
THIN_ET_TF_AB_2,0.0012789552741591316
FIC_ET_R_f_tn_2,0.0012779511847496993
SIN_GATE_ET_Probe_Number,0.0012734611682656291
MEASURE_ET_DC_SEC_S_Ids_max,0.0012591452196771271
MEASURE_ET_LT_SEC_Vd_Id_min_Vd8,0.0012570526235438225
OHMIC_ET_R114,0.0012486176053303406
MEASURE_ET_DC_SEC_S_Id_mA_mm_at_Vg1_SD3p5,0.0012465499493268877
TOPSIN_ET_DC_RF_Vp_1,0.0012464276512620907
THIN_ET_DC_RF_Vp_01,0.0012381751462503475
STAGE_STD_DC_RF_Vbin_gs,0.001237482282743608
MEASURE_ET_C100USV_Cappf,0.0012324062283168803
MEASURE_ET_RF_Modeling_S11ang_10GHz,0.0012292074978924967
MEASURE_ET_DC_SEC_Vboff_1,0.0012275898496051701
MEASURE_ET_LT_SEC_Vg_Id_min,0.0012237464595390524
TOPSIN_ET_TR_1F,0.0012231346233179553
MEASURE_ET_C300FB_0,0.00122299020620552
THIN_ET_Vbpin_D60,0.0012169784030582034
TOPSIN_ET_DC_SMALL_n_gs,0.0012147919345131407
MEASURE_ET_RF_Modeling_Tau_err,0.0012059875326597253
MEASURE_ET_DC_Diode_Rs,0.001168759997982019
MEASURE_ET_DC_RF_S12ang_26GHz_W,0.0011683853493848573
MEASURE_ET_Cap1pf_0,0.0011629723305708335
MEASURE_ET_DC_SEC_S_Id_at_Vboff_mA_mm_SD3p5,0.0011592465239618308
MEASURE_ET_DC_RF_S22ang_26GHz,0.0011408213263766715
MEASURE_ET_DC_RF_CF_S21_Ph_L2180,0.0011353575807175691
STAGE_STD_R314,0.0011311366148932845
STAGE_STD_sh_GA142,0.0011257411895990589
MEASURE_ET_DC_PIV_Ids1_QP2,0.0011228388418008932
MEASURE_ET_Load_Pull_ID_comp_Last_mA,0.0011192427759641516
MEASURE_ET_DC_SEC_S_Vboff_Id,0.001114616336264338
MEASURE_ET_RF_Modeling_R_Gs,0.001111378152206417
MEASURE_ET_DC_RF_Vg_Vbon_max,0.001108290465440531
MEASURE_ET_DC_SEC_S_Ig_cut2_mAmm_neg_SD3p5,0.0011045306167909402
MEASURE_ET_DC_SEC_X_Ig_cut2_mAmm_pos_SD3p5,0.001093779629115676
THIN_ET_DC_RF_Vbin_gd,0.0010920502380991337
THIN_ET_sh_f_hr_23,0.0010912843241457377
MEASURE_ET_TF_AB_3,0.00108895361845109
SIN_ET_DC_RF_n_gd,0.001086756351200604
MEASURE_ET_R_4000_VER,0.0010834010051293983
MEASURE_ET_DC_RF_Vbgd_0p01,0.0010833105905559152
MEASURE_ET_DC_SEC_X_Id_mA_mm_at_Vg3_SD3p5,0.0010798932969423873
OHMIC_ET_lkg_5,0.0010687830592612459
MEASURE_ET_DC_RD_S12dB_18GHz,0.0010661723268744578
TOPSIN_ET_DC_SMALL_Vdg_max,0.0010566806628661872
MEASURE_ET_G_per_6K,0.0010474698156513534
TOPSIN_ET_DC_RF_Vds_max_0p1,0.001026692178988954
THIN_ET_sh_f_tn_23,0.00102596742121333
MEASURE_ET_DC_RF_Vbin_gd,0.00102230085327535
THIN_ET_lkg_C20,0.001011684143847309
STAGE_STD_Rc_f_hr_23,0.001010358001090047
STAGE_DELTA_Ran_con_3_OW_CR_ANODE_minus_THIN,0.0010077073167201456
OHMIC_ET_OHMC,0.001007639617025171
FIC_ET_OHMC,0.001005601511948806
STAGE_STD_R_f_hr_2,0.0009858138916805576
TOPSIN_ET_DC_SMALL_Vbin_gs,0.000981919197226959
EBCR2_Ali_Litho_Gate_to_ohmic_alignment,0.0009813277222893468
STAGE_STD_Rcat_cn_2_OW_ST,0.000978014267305935
MEASURE_ET_DC_SEC_Vbin_gs,0.0009775521254580103
MEASURE_ET_DC_SMALL_Vg_gm_max,0.0009749573314608612
TOPSIN_ET_lkg_Cap_USV,0.0009718033383522645
TOPSIN_ET_Gate_res,0.0009637157481641153
MEASURE_ET_DC_SEC_X_Vp_1_mA_mm_first_SD3p5,0.0009631954047476523
MEASURE_ET_C175pf,0.0009517061501466522
SIN_ET_DC_RF_Vg_optt2,0.0009468447175179323
MESA_CD_Mesa_CD_Radius,0.0009329732726523865
MEASURE_ET_DC_SEC_X_Vg_at_I2_pos,0.0009304552531693672
MEASURE_ET_DC_RF_Freq_cut_L1018,0.0009275532405859044
TOPSIN_ET_DC_RF_Vbgd_0p01,0.0009272633192674974
MEASURE_ET_DC_SEC_S_Ig_mAmm_at_Vg_cond_neg_FPSD3p2,0.0009269080875942992
STAGE_DELTA_Rsh_an_ct2_OW_CR_ANODE_minus_THIN,0.0009201566098196197
STAGE_RANGE_DC_RF_Vdg_max_0p1,0.0009174854720303549
TOPSIN_ET_lkg_C300,0.000911567045788676
MEASURE_ET_DC_SEC_X_Vboff_Id_plus_Ig_SD3p5,0.0009099477817966621
STAGE_DELTA_Vds_max_FIC_minus_TOPSIN,0.0009085718358521488
TOPSIN_ET_DC_SMALL_Vdg_max_0p1,0.0009035764718124694
MEASURE_ET_DC_SMALL_n_gs,0.0009026382659858515
MEASURE_ET_DC_Diode_S11_dB_rev_9p5,0.0008928828280779785
MEASURE_ET_DC_RF_Ids_m0p2,0.0008912549199198524
BRGM_ET_ABVIETCH,0.0008868376536066327
STAGE_STD_DC_RF_Vg_optt,0.0008851598546517771
THIN_ET_Probe_Number,0.0008822272808325534
MEASURE_ET_DC_SEC_X_Vg_at_I3_neg,0.0008773451309042207
MEASURE_ET_DC_RD_S21dB_18GHz,0.0008738438578505678
MEASURE_ET_DC_SEC_X_Ids_max_FPSD3p2,0.0008700965537316796
MEASURE_ET_LT_SEC_Vbgd1_Vd8,0.0008672373425597918
STAGE_RANGE_DC_RF_Vg_optt,0.000866227381118355
MEASURE_ET_RF_Modeling_S22dB_10GHz,0.0008651470169919108
MEASURE_ET_RF_Modeling_Fmax,0.0008594401589882161
MEASURE_ET_Probe_Number,0.0008590416006410294
TOPSIN_ET_C100CapPARCAP,0.0008589532097679592
SIN_ET_DC_RF_Vg_optt3,0.0008556474149271783
BRGM_Height3_TOP_metal_thickness,0.0008478516784723435
MEASURE_ET_Cap_C300,0.0008434093379104248
MEASURE_ET_DC_SEC_X_Ids_max,0.0008409120756454794
SIN_GATE_ET_Ran_con_1,0.0008300214396005091
TOPSIN_ET_C450pf,0.0008296141558988043
FIC_ET_R114,0.0008232691041123335
MEASURE_ET_lkg_C20,0.0008193595166038655
MEASURE_ET_lkg_Cap_USV,0.0008119306360270253
MEASURE_ET_OHMC,0.0008053322021524164
MEASURE_ET_DC_SEC_X_Vboff_Id_SD3p5,0.0008015581359402549
STAGE_STD_DC_RF_Vp_01,0.000799391230694747
TOPSIN_ET_CapPARCAP_0,0.0007974865577824921
FIN_Etch_Soft_Bias,0.0007938676019558963
CATHODE_ET_C_CAT_2,0.0007888502862807914
MEASURE_ET_DC_SEC_S_Vg_at_I3_pos_FPSD3p2,0.0007872744393014045
FIC_ET_Ig_mAmm_at_Vd_cond,0.0007864662382359008
MEASURE_ET_DC_RF_Vt_gd,0.0007863948028954193
MEASURE_ET_LT_SEC_Ileak_m9V_mA_mm,0.000774956262131765
STAGE_RANGE_DC_RF_Gm_m0p2,0.0007591659286614456
THIN_ET_Ran_con_2,0.0007580781287610188
TOPSIN_ET_C385pf,0.000753494797771739
STAGE_RANGE_Ran_con_1,0.0007505175517508832
MEASURE_ET_C500pf_0,0.0007501724375345138
CATHODE_ET_Probe_Number,0.000742044039938458
STAGE_STD_R214,0.0007393965375228947
STAGE_RANGE_DC_RF_Vg_gm_max,0.0007358230028022432
MEASURE_ET_DC_SEC_X_Id_mA_mm_at_Vg3_FPSD3p2,0.0007305501178993011
THIN_ET_Ran_con_1_OW_CR,0.0007187870446842351
MEASURE_ET_RF_Modeling_S11dB_10GHz,0.0007172937401280489
MEASURE_ET_DC_RF_S12ang_10GHz,0.0007164353068351651
TOPSIN_ET_G_per_6K,0.0007118584656072583
STAGE_RANGE_DC_RF_Vds_max,0.0006916805467912658
STAGE_RANGE_HIRS,0.0006897482977778716
FIC_ET_G_per_15,0.0006891764141509364
FMESA_Height_Fmesa_Height,0.0006849942478680965
FIC_ET_DC_RF_Vds_max,0.0006849715797014115
THIN_ET_C_CAT_2_OW_ST,0.0006846625632795037
FIC_ET_DC_RF_Vg_optt,0.0006681452701023727
MEASURE_ET_DC_RF_Max_S11_Ph_L1002,0.0006676666918468931
FIC_ET_DC_RF_Vp_1,0.0006631043694600544
MEASURE_ET_DC_SEC_Vgs_0p1V,0.0006536102088898189
MEASURE_ET_DC_RF_S22dB_10GHz,0.0006529587808748797
MEASURE_ET_DC_SEC_X_Vg_at_I3_neg_FPSD3p2,0.0006474943194500955
MEASURE_ET_KLV_F_AB_4u,0.0006472126177959807
ANODE_ET_Rsh_an_ct2_OW_CR,0.0006421066283586851
THIN_ET_DC_RF_Vds_max,0.0006384908964733281
MEASURE_ET_DC_SEC_X_Bin,0.0006369752856792904
MEASURE_ET_DC_SEC_S_Ig_cut2_mAmm_pos_SD3p5,0.0006369131060552744
MEASURE_ET_DC_SEC_S_ChipStatus,0.0006361843999297105
MEASURE_ET_C100Cap2pf,0.0006360039046939293
TOPSIN_ET_DC_SMALL_Vbgs_0p1,0.0006282315500192611
FIC_ET_HIRS,0.0006277431956428342
TOPSIN_ET_DC_SMALL_Vt_gs,0.0006238370916812104
MEASURE_ET_DC_SEC_X_Ig_cut3_mAmm_pos_SD3p5,0.0006230072337902835
SIN_ET_DC_RF_Vbgs_0p1,0.0006159341698224424
THIN_ET_Rcat_cn_1,0.0006146924529406139
MEASURE_ET_Rsh_an_ct2,0.0006051386869228447
THIN_ET_Rsh_TF_AB2,0.000603761231073265
MEASURE_ET_DC_SMALL_Vbgs_0p1,0.00060165639558115
SIN_ET_DC_RF_Vds_max_0p1mA,0.0006016280033214766
MEASURE_ET_C100C385pf,0.0005992510976615612
THIN_ET_DC_RF_Vbgs1,0.0005968277343218164
MEASURE_ET_R_660_HOR,0.0005940156084788886
MEASURE_ET_DC_RF_Max_S11_Mag_L1018,0.0005854833531301532
MEASURE_ET_DC_SEC_S_Ig_cut3_mAmm_neg,0.0005831688666885865
STAGE_RANGE_DC_RF_Ids_m0p2,0.0005776145605893994
MEASURE_ET_DC_RF_CF_S11_Ph_L1018,0.000576467899831748
MEASURE_ET_Rsh_an_ct2_OW_CR,0.0005729988587590195
FIN_CD1_CD_PL_FIN,0.0005639654315310615
TOPSIN_ET_lkg_C385pf,0.0005610004190453774
SIN_ET_DC_RF_Vbgs_0p01,0.0005604918260597292
MEASURE_ET_Rcat_cn_3,0.0005591322461351789
THIN_ET_Ran_con_3,0.0005589953333067637
FIC_ET_DC_PIV_Ids0_QP1,0.0005586208130575007
FIC_ET_Rc_f_tn_23,0.0005555039673296863
MEASURE_ET_DC_SEC_S_Vg_at_I2_pos_SD3p5,0.0005451499437438236
MEASURE_ET_C20,0.000544906292085224
MEASURE_ET_DC_SEC_S_Vp_1_mA_mm_first_SD3p5,0.0005420264165937823
MEASURE_ET_DC_Big_Vds_max,0.0005359608766236803
FIC_ET_Rc_OG142,0.0005329695415829194
EBCR2_ET_Ids_EBCR_recess_current,0.0005325023095616073
MEASURE_ET_DC_SEC_S_Ron,0.0005324928337691992
THIN_ET_R114,0.0005228260858494897
MEASURE_ET_DC_SEC_S_Vg_at_I3_pos,0.0005202195122522467
MEASURE_ET_DC_SEC_S_Ig_cut1_mAmm_neg_FPSD3p2,0.0005146774143822517
MEASURE_ET_DC_RF_Vbgd1,0.0005098522974298425
MEASURE_ET_DC_RF_Imax_W,0.0005033811576241016
THIN_ET_R_f_hr_3,0.0005026131642223388
MEASURE_ET_G2_per_6K,0.0005009448804711717
MEASURE_ET_DC_SEC_Vboff_2_1,0.0004967521075624093
MEASURE_ET_DC_RF_Min_S21_Mag_L1018,0.000493957574460948
MEASURE_ET_lkg_Cap2,0.00048740983320157805
MEASURE_ET_LT_SEC_Vd_Id_min,0.0004872610909756125
TOPSIN_ET_DC_PIV_Ids1_QP2,0.00048430747891923224
THIN_ET_R_400_HOR,0.00048343883424441567
MEASURE_ET_Load_Pull_Pout_W_last,0.00048244086110695803
MEASURE_ET_DC_RF_Freq_cut_L2180,0.00047929307774108076
TOPSIN_ET_KLV_F_AB_4u_FEMSO,0.00047843491610471967
TOPSIN_ET_R114,0.00047626195761087136
SIN_GATE_ET_lkg_SY07_10,0.00047458549833088044
MEASURE_ET_OHMC_GN,0.00047333958732854667
THIN_ET_TFR_AB,0.0004731296901758673
MEASURE_ET_Load_Pull_Pout_W_mm_last,0.00047091075015721814
TOPSIN_ET_DC_SMALL_Vg_max_Vd_0p1,0.0004693563753504778
MEASURE_ET_RF_Modeling_Vth,0.0004691005496921141
FIC_ET_DC_RF_Vbgd1,0.0004615111321299841
MEASURE_ET_DC_SEC_S_Ig_mAmm_at_Vg_cond_pos_SD3p5,0.00045924764267507134
STAGE_DELTA_Gm_max_FIC_minus_TOPSIN,0.00045834392927981987
STAGE_RANGE_Gm_max,0.0004582607592556107
MEASURE_ET_RF_Modeling_R_Gg,0.00045519226578665146
MEASURE_ET_DC_SEC_S_Ig_cut3_mAmm_neg_FPSD3p2,0.00045369456172908456
MEASURE_ET_CapFICM1_0,0.0004501292964847231
STAGE_RANGE_C200_0,0.00044882563149593896
MEASURE_ET_Rc_OG142,0.0004472255850061585
MEASURE_ET_DC_SMALL_Vdg_max,0.0004460751393814382
TOPSIN_ET_DC_RF_n_gs,0.0004445719240886429
STAGE_STD_DC_PIV_Gate_Lag_1,0.0004389343157171849
MEASURE_ET_C200,0.00043842233467919646
MEASURE_ET_DC_SEC_S_Ig_cut3_mAmm_pos_FPSD3p2,0.000437869470898881
STAGE_RANGE_Rc_cat_ct2,0.0004336624221150114
STAGE_RANGE_R214,0.0004279306673043945
MEASURE_ET_C385pf_0,0.0004260938266063293
ABVIA_CD_AB_VIA_litho,0.00042523550181632796
THIN_ET_OHMC,0.0004245333868473288
MEASURE_ET_DC_SEC_S_Vg_at_I3_neg_FPSD3p2,0.00041748420950417755
FIC_ET_Vds_max,0.00041422899181047705
MEASURE_ET_DC_SEC_X_Ig_cut2_mAmm_neg_FPSD3p2,0.00041369056423436174
MEASURE_ET_DC_RD_Id_Vbon_max,0.00041153471856628744
BRGM_ET_Probe_Number,0.0004109581904517139
SIN_GATE_ET_OHMIC_conc,0.000410272230640433
ANODE_ET_Ran_con_1_OW_CR,0.0004091669230052252
MEASURE_ET_DC_SMALL_Vbgd_0p01,0.00040903116318515725
MEASURE_ET_DC_SEC_X_Ig_cut3_mAmm_neg_FPSD3p2,0.00040820247008418315
STAGE_STD_DC_RF_Vt_gd,0.0004054771447669598
MEASURE_ET_R_f_hr_1,0.00040190655270131624
MEASURE_ET_DC_SMALL_Vg_max_Vd,0.0004003556639378519
STAGE_RANGE_C_AN_2_OW_CR,0.00039985134399059757
STAGE_RANGE_DC_RF_Vbgs1,0.0003994390526716992
MEASURE_ET_DC_RF_S21dB_26GHz,0.000398730227759493
MEASURE_ET_R_f_hr_2,0.0003982536086407061
MEASURE_ET_RF_Modeling_Delta_S21_19G,0.0003969079612547171
MEASURE_ET_DC_RF_S12dB_10GHz,0.0003967864873134145
MEASURE_ET_DC_SEC_X_Ig_cut1_mAmm_neg_FPSD3p2,0.0003966994975757681
MEASURE_ET_DC_SEC_X_Vg_at_I2_neg,0.000396563152378423
MEASURE_ET_DC_RF_S21dB_10GHz,0.00039411409554418816
THIN_ET_C200,0.00039386859204580736
CATHODE_ET_Rc_cat_ct2,0.0003938123300766605
MEASURE_ET_DC_RF_Vbon_max,0.0003935916022275634
STAGE_RANGE_DC_RF_Vds_max_0p1,0.00039232896799654517
MEASURE_ET_LT_SEC_Vg_Id_min_Vd8,0.00039046531228202576
SIN_ET_DC_RF_Vbgd_0p1,0.0003857899484261549
STAGE_STD_Rc_cat_ct2,0.0003827101674646519
THIN_ET_Ran_con_1,0.0003787982318992499
TOPSIN_ET_DC_RF_Vdg_max_0p1,0.00037541624316700915
FIC_ET_DC_RF_n_gd,0.0003752735990195607
MEASURE_ET_DC_SEC_X_Vg_at_I1_neg_SD3p5,0.00037385725663148305
MEASURE_ET_Ran_con_1_OW_CR,0.0003688737295012995
MEASURE_ET_RF_Modeling_S21_25G_After,0.00036836503052066775
MEASURE_ET_DC_SEC_Vgs_0p5V,0.0003645842185136093
GATE2_ET_Ids2_Gate_recess_current,0.000364274282164455
ANODE_ET_Rc_an_ct2,0.0003598194268079514
MEASURE_ET_Gm_m2,0.0003584320298779735
MEASURE_ET_DC_RF_S22ang_26GHz_W,0.00035700102189189636
TOPSIN_ET_CapFICBRGM_0,0.00035645825155365717
MEASURE_ET_DC_RF2_S12ang_26GHz,0.00035525643843933353
FIC_ET_lkg_5,0.00035505522894303186
FIC_ET_DC_PIV_Ids1_QP1,0.00035407773985063784
STAGE_RANGE_C_AN_2,0.00035328608604700494
STAGE_STD_DC_PIV_Ids1_QP3,0.00035165968101656014
MEASURE_ET_DC_SEC_S_Id_plus_Ig_at_Vboff_mA_mm_FPSD3p2,0.0003491052903721294
STAGE_STD_Rsh_cat_c2_OW_ST,0.00034858952494217594
SIN_ET_DC_RF_Vg_max_Vd,0.0003476963444538734
MEASURE_ET_DC_RF_CF_S11_Mag_L1018,0.000347382991335652
MEASURE_ET_DC_PIV_Ids1_QP3,0.00034623252916278794
STAGE_STD_DC_RF_Vbgs1,0.0003460578748124388
TOPSIN_ET_Rc_OG142_GN,0.0003455829834413467
MEASURE_ET_DC_SEC_S_Id_mA_mm_at_Vg3,0.00034382838875820083
BRIDGE_METAL_CD_BRGM_Final_metal_CD,0.0003431804114603759
STAGE_RANGE_Ran_con_3,0.00034183658690439394
THIN_ET_DC_RF_Vt_gd,0.000340405207276814
FIN_CD2_CD_etch_FIN,0.00033919071443871485
MEASURE_ET_DC_SEC_X_Vp_1_mA_mm_second_SD3p5,0.00033700755184505317
MEASURE_ET_DC_SEC_Idss,0.0003361834399563065
MEASURE_ET_lkg_C300,0.0003297550036511707
STAGE_DELTA_Rcat_cn_3_OW_ST_CATHODE_minus_THIN,0.00032943941608597286
MEASURE_ET_DC_SEC_S_Vboff_Id_FPSD3p2,0.00032880839865017254
MEASURE_ET_C_AN_2,0.00032827190712921223
MEASURE_ET_DC_PIV_Gate_Lag_Imax,0.00032773898260655016
MEASURE_ET_LT_SEC_Id_min_mA_mm_Vd3,0.0003276085394737551
MEASURE_ET_DC_SEC_X_Ig_mAmm_at_Vg_cond_pos_SD3p5,0.0003269925425891222
FIC_ET_sh_GA142,0.00032442034531655927
MEASURE_ET_C20_0,0.0003222935413942726
MEASURE_ET_lkg_5,0.0003219530837715426
GATE2_CD_330nm_Gate_Win_Length,0.000321638725151326
TOPSIN_ET_C450pf_0,0.000321244799017353
THIN_ET_Vk,0.00032085543976580633
CATHODE_ET_Rcat_cn_3_OW_ST,0.00031982480275723863
TOPSIN_ET_R214,0.00031940763775391035
SIN_ThicknessGN2_SiN_Thickness,0.0003137374836634124
TOPSIN_ThicknessGN_SiN_Thickness,0.0003114627455791047
MEASURE_ET_DC_Big_Gm_0,0.00031104616604376613
STAGE_RANGE_Ids_m2,0.0003107409645846803
STAGE_DELTA_Rc_TF_AB_2_TFRP_minus_THIN,0.00031023548078916403
STAGE_RANGE_Rc_OG142,0.0003086288176461052
MEASURE_ET_DC_Stress_Gm_max_before,0.00030847376029460025
TOPSIN_ET_C100C175pf,0.0003068190506910719
TOPSIN_ET_DC_RF_Vp_01,0.0003067899292943993
MEASURE_ET_DC_RF_Id_Vbon_max,0.000306085010416477
MEASURE_ET_DC_SEC_S_Id_mA_mm_at_Vg2,0.00030504315281644116
MEASURE_ET_DC_RF_n_gs,0.0003033672893722942
TOPSIN_ET_CapFICM1_0,0.0003011523703922223
MEASURE_ET_DC_SEC_X_Ig_cut1_mAmm_pos_SD3p5,0.00030096837225504237
STAGE_STD_DC_RF_Imax,0.00029809420494015783
MEASURE_ET_DC_SEC_S_Ig_cut1_mAmm_pos,0.00029791360790640823
VIA_GaN_Measure4GN_Final_GaN_thickness,0.0002972290146557253
STAGE_DELTA_G_per_6K_FIC_minus_TOPSIN,0.00029661858780063695
MEASURE_ET_DC_SEC_S_Ig_mAmm_at_Vg_cond_neg,0.00029392269984697823
SIN_ET_DC_RF_Vds_max,0.0002917279489886255
SIN_ET_DC_RF_Vds_max_0p1,0.0002914138629836362
TOPSIN_ET_sh_GA142_GN,0.00029109502393681613
MEASURE_ET_DC_SEC_X_Vg_at_I1_neg_FPSD3p2,0.0002884357578300906
MEASURE_ET_DC_SEC_Vgs_back_1V,0.0002865062256728319
STAGE_STD_DC_RF_n_gd,0.00028296262170957764
BRGM_ET_KLV_F_AB_4u,0.0002828561946479857
HIRS_M_Gauge_P_E_MoSi,0.0002822450161870328
MEASURE_ET_C300pf,0.00027918543973860625
MEASURE_ET_DC_SEC_X_Id_mA_mm_at_Vg2_SD3p5,0.000278873472322264
CHRE_ET_Ids_Channel_recess_current,0.00027856787144564505
MEASURE_ET_Rcat_cn_3_OW_ST,0.000275704466494915
MEASURE_ET_RF_Modeling_MAG_25G_Before,0.0002756196108663897
STAGE_RANGE_G_per_6K,0.00027478087504749797
MEASURE_ET_DC_SEC_S_Ig_cut2_mAmm_neg_FPSD3p2,0.00027465754801656283
MEASURE_ET_DC_SEC_S_Ig_cut1_mAmm_neg,0.0002743318494530478
THIN_Measure1GN_Thickness_after_bonding,0.0002739447173118608
STAGE_RANGE_Rcat_cn_3,0.0002729523922242207
STAGE_RANGE_DC_PIV_Ids0_QP2,0.00027293830449361307
TOPSIN_ET_RGAN1,0.00027281135262723484
MEASURE_ET_DC_RF_S21dB_26GHz_W,0.00027075118972501674
TOPSIN_ET_R_f_tn_1,0.00026914497605836843
SIN_Thickness1_SiN_Thickness_1st,0.00026570057041494743
STAGE_STD_Ran_con_3,0.00026476386166692314
THIN_ET_DC_RF_Vbgs_0p1,0.00026452923267503045
STAGE_STD_R_f_hr_1,0.00026320986517647477
TOPSIN_ET_DC_PIV_Ids0_QP1,0.00026246367789656803
TOPSIN_ET_R514,0.0002621294648042405
STAGE_STD_DC_RF_Vdg_max_0p1mA,0.00026159315255421385
TFRP_M_Gauge_P_E_Resistors,0.00026129305323533797
THIN_ET_DC_RD_Vboff,0.00025910419651420304
MEASURE_ET_DC_SMALL_Vt_gd,0.0002590863354876524
MEASURE_ET_DC_RF_Gm_m0p2,0.00025881631898919637
MEASURE_ET_DC_Stress_Id_max_Ig_before,0.00025710154621458645
MEASURE_ET_DC_SMALL_n_gd,0.0002563737282226474
MEASURE_ET_C300pf_0,0.00025627332959823033
MEASURE_ET_RF_Modeling_Rd,0.0002560813108608253
THIN_ET_DC_RF_Vg_max_Vd,0.0002538146890196871
MEASURE_ET_DC_RF_CF_S12_Mag_L2180,0.00025368281393818744
MEASURE_ET_DC_SEC_X_Ig_cut2_mAmm_pos,0.0002531055659220984
STAGE_STD_DC_RF_Vbin_gd,0.00025179028621654146
OHMIC_CD_Ohmic_CD_litho,0.00024996513266323955
MEASURE_ET_DC_SEC_X_Vg_at_I1_neg,0.0002466050282973786
MEASURE_ET_sh_GA142,0.00024572097823756344
STAGE_DELTA_DC_PIV_Ids1_QP2_FIC_minus_TOPSIN,0.0002455099511269724
MEASURE_ET_Load_Pull_Id_SS,0.0002453981898247736
SIN_GATE_ET_R514,0.00024408684320448127
MEASURE_ET_DC_SEC_S_Ig_cut3_mAmm_pos,0.0002435625025076797
FIC_ET_DC_RF_Vg_max_Vd_0p1,0.0002427623089662369
TOPSIN_ET_Load_Pull_Pin_Cut,0.00024147975420890107
TOPSIN_ET_Load_Pull_Pout_Last,0.0002406474948328554
TOPSIN_ET_DC_SMALL_Vg_optt,0.0002405762424588778
MEASURE_ET_lkg_CapFICBRGM,0.00023958440684505473
THIN_ET_Ran_con_3_OW_CR,0.00023773081261151954
MEASURE_ET_DC_RD_S21ang_18GHz,0.00023421830964607247
MEASURE_ET_DC_RF2_MAG_35GHz,0.0002341744544236019
SIN_GATE_ET_Ran_con_2,0.00023401855683696421
MEASURE_ET_DC_SEC_X_Ig_mAmm_at_Vg_cond_pos,0.00023339002651667957
MEASURE_ET_DC_RF_Min_S21_Mag_L2180,0.00023016419374245506
MEASURE_ET_DC_RF_Vboff_ON,0.00022943951574918195
ANODE_ET_C_AN_2,0.00022740564619168392
FIC_ET_Vg_gm_max,0.00022649870954569707
THIN_ET_TF_AB_3,0.00022564243932395297
THIN_ET_DC_RF_n_gs,0.00022409011085202903
MEASURE_ET_LT_SEC_Vg_Id_min_Vd7,0.00022348033549131105
THIN_ET_DC_RF_Vg_gm_max,0.00022284537317687758
FIC_ET_DC_RF_Vdg_max_0p1,0.00022278647535615122
MEASURE_ET_DC_SEC_S_Id_mA_mm_at_Vg2_SD3p5,0.00022179859007550267
STAGE_RANGE_Vg_gm_max,0.0002210491941233394
MEASURE_ET_DC_SEC_X_Ig_cut1_mAmm_neg_SD3p5,0.00022098063153754303
TOPSIN_ET_Load_Pull_Freq,0.0002208387876163954
MEASURE_ET_DC_SEC_S_Id_plus_Ig_at_Vboff_mA_mm_SD3p5,0.0002192855224401035
MEASURE_ET_lkg_C200,0.00021838004022842894
SIN_GATE_ET_RGAN3,0.0002181191027698132
STAGE_STD_Ran_con_1,0.00021739279452183166
MEASURE_ET_DC_RF_n_gd,0.00021675031492482104
MEASURE_ET_DC_SEC_S_Vg_at_I3_pos_SD3p5,0.00021610925973537907
MEASURE_ET_Load_Pull_GL_meas,0.0002143338783425743
SIN_GATE_ET_R114,0.0002142845698277613
STAGE_DELTA_DC_PIV_Drain_Lag_1_FIC_minus_TOPSIN,0.00021375256260727102
MEASURE_ET_CapUSV_0,0.00021221078121047462
THIN_ET_Cap20,0.00021193083264860408
MEASURE_ET_DC_SEC_Vp_1mA,0.00021151202572923823
STAGE_RANGE_C_CAT_2,0.00021123450253413445
STAGE_STD_Vbkd,0.00021075479939633185
MEASURE_ET_Ran_con_3,0.0002104503772588161
MEASURE_ET_DC_RF_CF_S21_Ph_L1002,0.00021012040322627087
GATE2_CD_358nm_Gate_Leg_Length,0.0002093009808450641
MEASURE_ET_DC_SEC_X_Ron,0.00020813679042049247
STAGE_RANGE_Rc_an_ct2_OW_CR,0.00020743324587118328
MEASURE_ET_DC_SEC_S_Bin_FPSD3p2,0.00020703446572284108
MEASURE_ET_RF_Modeling_Rgs,0.00020701225633047805
MEASURE_ET_RF_Modeling_Rs,0.00020501022943974058
MEASURE_ET_DC_SEC_X_Ig_cut2_mAmm_pos_FPSD3p2,0.00020283660871422667
THIN_ET_C100,0.00020178174410911672
STAGE_RANGE_DC_RF_Idss,0.00020102568448676135
MEASURE_ET_DC_SEC_S_Ids_max_norm_FPSD3p2,0.00020073796553759336
SIN_GATE_ET_TR_1F,0.000200201781307708
STAGE_RANGE_DC_RF_Imax,0.00019984873074598749
ANODE_ET_Ran_con_3_OW_CR,0.00019961764084896132
GATE2_CD_Gate_Win_Length,0.00019870124311619446
MEASURE_ET_lkg_C500pf,0.00019866036532053202
MESA_ET_Probe_Number,0.00019864898948817632
TOPSIN_ET_DC_SMALL_Vds_max_0p1,0.00019761550565509437
STAGE_STD_DC_RF_Vbgd_0p01,0.00019657526639573576
MEASURE_ET_DC_RF_Vdg_max,0.0001964154456553674
MEASURE_ET_DC_SEC_X_Bin_SD3p5,0.00019577294280795484
CATHODE_ET_Rsh_cat_c2_OW_ST,0.00019576894836096653
OHMIC_ET_Probe_Number,0.00019443695044801118
MEASURE_ET_R314,0.00019403996453139756
STAGE_STD_DC_RF_Gm_m0p2,0.0001928016268884619
MEASURE_ET_RF_Modeling_Gds,0.00019142123648431628
STAGE_STD_DC_RF_Idss,0.00019063289412895188
STAGE_STD_DC_RF_Gm_0,0.00018954838934087052
STAGE_RANGE_Rc_TF_AB_2,0.00018924802868675635
MEASURE_ET_DC_RD_S12ang_18GHz,0.0001873205458052978
TOPSIN_ET_C175pf,0.00018543516277592137
MEASURE_ET_DC_Big_Vg_gm_max,0.00018520636911449495
MEASURE_ET_DC_RF_CF_S12_Ph_L1018,0.000184927160133083
MEASURE_ET_DC_Big_Vdg_max,0.00018427397984216215
STAGE_STD_C_CAT_2_OW_ST,0.00018332562464749643
THIN_ET_DC_RF_Ids_m0p2,0.00018313080367873087
MEASURE_ET_DC_RF_Imax,0.0001824133464599877
STAGE_STD_DC_PIV_Ids0_QP1,0.0001823130025982764
STAGE_STD_R_f_tn_3,0.00018109020451831617
CHRE_CD_2_Channel_recess_CD_Etch,0.00018069891659641823
MEASURE_ET_DC_SEC_S_Id_at_Vboff_mA_mm,0.00017974834652984302
TOPSIN_ET_Vg_Vds_max,0.00017921090861354677
MEASURE_ET_DC_Diode_S21_dB_rev_9p5,0.00017907249831121283
SIN_GATE_ET_Ran_con_3,0.0001779005767213244
TOPSIN_ET_DC_RF_Vbgs1,0.00017773186200112929
MEASURE_ET_DC_RF_Vds_max_0p1,0.00017757226963080483
MEASURE_ET_DC_RF_Idss,0.0001772302802838307
MEASURE_ET_DC_SEC_S_Vg_at_I2_pos_FPSD3p2,0.0001770262312934109
BPLATE_Height_BPLATE_metal_thickness,0.0001767679804972257
THIN_ET_C200_0,0.00017552006414441222
TOPSIN_ET_OHMC_GN,0.0001748106548362075
CHRE_CD_Channel_recess_CD,0.000173188995483936
VIA_Etch_Via_etch_end_point_time,0.00017205239674789274
MEASURE_ET_DC_SEC_S_Vg_at_I2_neg_SD3p5,0.00017153805850542988
MEASURE_ET_lkg_Cap3,0.0001713380027173769
TOPSIN_ET_Load_Pull_Id_SS,0.00017119635960714086
MEASURE_ET_DC_RF_K,0.00017107536342862915
TOPSIN_ET_I_5,0.00017102157966602437
MEASURE_ET_RF_Modeling_Rgd_err,0.00016980194463869208
STAGE_RANGE_DC_PIV_Ids1_QP2,0.000169597858684979
MEASURE_ET_DC_Big_Vg_optt3,0.0001694218537877142
MEASURE_ET_DC_SMALL_Vdg_max_0p1,0.0001691328849749244
MEASURE_ET_DC_SEC_Vg_min_ON,0.00016880330554258435
STAGE_STD_Rc_an_ct2_OW_CR,0.0001681930790427324
MEASURE_ET_TR_1F,0.00016775031561542072
STAGE_STD_Ids_m2,0.00016750517449095215
SIN_ET_DC_RF_Vdg_max_0p1mA,0.0001664630532759106
STAGE_DELTA_Rcat_cn_2_OW_ST_CATHODE_minus_THIN,0.00016562386375275676
STAGE_RANGE_TF_AB_3,0.0001654328598408702
STAGE_DELTA_TF_AB_3_TFRP_minus_THIN,0.00016415701563096167
THIN_ET_HIRS,0.00016347986037129145
FIC_ET_R314,0.00016342092151087876
STAGE_RANGE_Vdg_max,0.0001633236565055037
MEASURE_ET_C175pf_0,0.00016329453115907896
STAGE_STD_R114,0.00016261318379334557
MEASURE_ET_DC_SMALL_Vboff,0.00016184833798173692
MEASURE_ET_Rsh_cat_c2,0.00016178234158521152
MEASURE_ET_DC_SEC_S_Ron_SD3p5,0.00016149197089946238
MEASURE_ET_DC_SMALL_Vds_max_0p1,0.00016135364209469465
MEASURE_ET_DC_RF_Vdg_max_0p1,0.00016105580590383678
TOPSIN_ET_ABVIETCH,0.00016100143525048314
STAGE_RANGE_DC_RF_Vg_optt1,0.00016096273750807139
SIN_GATE_ET_R214,0.0001607560205388642
MEASURE_ET_RF_Modeling_Ft_int,0.00016060601154493587
FIC_ET_DC_RF_Vt_gd,0.00016039380387403574
MEASURE_ET_DC_SEC_S_Ids_max_norm_SD3p5,0.0001598191125292877
STAGE_STD_DC_RF_Id_gm_max,0.0001592544224243243
MEASURE_ET_DC_RF_Min_S21_Ph_L1018,0.00015902779125927534
MEASURE_ET_DC_SEC_X_Ids_max_norm,0.00015890287510065328
TOPSIN_ET_DC_RF_Vg_optt,0.0001580495458502909
FIC_ET_DC_RF_Vt_gs,0.00015791610354095467
MEASURE_ET_DC_SEC_Ids_m0p2,0.00015580990631996116
MEASURE_ET_DC_SMALL_Vp_1,0.00015407956855148402
STAGE_RANGE_DC_RF_Vdg_max_0p1mA,0.00015274913086684244
FIC_ET_DC_RF_n_gs,0.00015260074829443336
MEASURE_ET_DC_SEC_X_Id_mA_mm_at_Vg1_SD3p5,0.00015255849861165867
FIC_ET_DC_PIV_Ids0_QP3,0.00015107496390284544
TOPSIN_ET_DC_SMALL_Vbgd_0p01,0.00014887226095225376
FIC_ET_DC_RF_Vds_max_0p1mA,0.0001483817706677086
THIN_ET_DC_RF_Vbgd1,0.00014822909180977036
MEASURE_ET_Ran_con_2_OW_CR,0.00014811956061369053
MEASURE_ET_Load_Pull_Gain_comp_Last,0.0001455462135711636
TOPSIN_ET_G2_per_6K,0.00014496833644378552
STAGE_STD_DC_RF_Vg_optt3,0.00014461306639314395
STAGE_RANGE_DC_PIV_Ids1_QP1,0.00014447694981955777
MEASURE_ET_DC_PIV_Ids1_QP1,0.00014388463131618983
CATHODE_ET_C_CAT_2_OW_ST,0.00014374211069764214
SIN_Thickness1_RefractiveIndex,0.00014368459833745363
MEASURE_ET_Gate_res,0.00014352006173150655
OHMIC_ET_Rc_OG142,0.00014330401363315151
STAGE_STD_Gm_max,0.00014213171898438327
THIN_ET_TANR,0.00014119100344072263
MEASURE_ET_lkg_CapPARCAP,0.00014095565479453417
GATE2_CD_310nm_Gate_Win_Length,0.00014067075978861496
STAGE_RANGE_DC_PIV_Ids0_QP3,0.00014027150383199818
MEASURE_ET_LT_SEC_ChipStatus,0.00013990944941138155
MEASURE_ET_DC_SEC_Vgs_back_0p1V,0.00013988392436534305
SIN_GATE_ET_I_5,0.00013977227349500242
MEASURE_ET_DC_SEC_S_Ig_cut2_mAmm_pos,0.0001385804979291197
THIN_ET_Rc_F_AB_2,0.00013855769289268548
MEASURE_ET_DC_RF_S12dB_26GHz,0.00013839202377821297
MEASURE_ET_Vk,0.00013803137080251886
MEASURE_ET_DC_PIV_Gate_Lag_Idss,0.00013794734921590337
TOPSIN_ET_Rc_f_hr_23,0.00013759013260778303
MEASURE_ET_R114,0.00013735696765351132
TOPSIN_ET_DC_SMALL_Vt_gd,0.0001371215944276542
FIC_ET_sh_f_hr_23,0.00013693953041153282
STAGE_RANGE_Rsh_cat_c2,0.00013669371321296244
MEASURE_ET_DC_SEC_S_Vg_at_I2_neg_FPSD3p2,0.00013659533659498056
MEASURE_ET_RF_Modeling_L_Gs,0.0001358088681975142
TOPSIN_ET_Load_Pull_IG_comp_Last_uA,0.00013547973550155997
STAGE_STD_DC_RF_Vp_1,0.00013500011188961427
TOPSIN_ET_KLV_F_AB_4u,0.0001342878767849765
STAGE_STD_DC_RF_Vg_gm_max,0.00013419576272345537
STAGE_STD_G_per_6K,0.00013386977825777726
MEASURE_ET_DC_SEC_S_Id_mA_mm_at_Vg1,0.00013326293464337524
STAGE_RANGE_DC_RF_Vboff,0.00013315768650502957
STAGE_RANGE_DC_RF_Vdg_max,0.0001326538974665203
OHMIC_ET_R314,0.00013249258500963674
METAL1_Height_Metal1_metal_thickness,0.00013221982765478004
THIN_ET_DC_RF_n_gd,0.0001318237477634438
TOPSIN_ET_Cap_USV,0.00013161320078108722
STAGE_RANGE_DC_RF_Vp_1,0.0001314853875693069
MEASURE_ET_DC_SEC_S_Vboff_Id_SD3p5,0.00013107210550234667
STAGE_RANGE_Rc_f_tn_23,0.00013055229568230474
MEASURE_ET_Load_Pull_Pout_Last,0.0001299948247218725
MEASURE_ET_DC_RF_Id_Vbon_min,0.00012976182063763957
TOPSIN_ET_DC_SMALL_n_gd,0.0001297289281225018
STAGE_STD_DC_RF_n_gs,0.00012931315345846608
MEASURE_ET_DC_SEC_S_Ig_cut2_mAmm_pos_FPSD3p2,0.00012893467690686938
TOPSIN_ThicknessGN_RefractiveIndex,0.00012888873229044458
MEASURE_ET_DC_SEC_S_Vp_1_mA_mm_second_FPSD3p2,0.00012779501114746974
MEASURE_ET_DC_SEC_Vg_max_ON,0.00012759435919858795
MEASURE_ET_DC_RF_Ft_W,0.00012744383082855947
MEASURE_ET_RF_Modeling_MAG_18,0.00012729230730664103
MEASURE_ET_DC_SEC_S_Bin_SD3p5,0.00012685028436397791
MEASURE_ET_lkg_CapUSV,0.0001267945804866626
MEASURE_ET_LT_SEC_Ileak_m7V_mA_mm,0.00012665001275328797
FIC_ET_R_f_tn_3,0.00012642721798266604
FIC_ET_DC_RF_Vg_optt2,0.00012640273143327803
SIN_GATE_ET_R414,0.00012595330833919214
MEASURE_ET_DC_SEC_Vt_gs,0.00012511304815119862
MEASURE_ET_DC_SEC_S_Vboff_Id_plus_Ig_SD3p5,0.00012461817838834878
MEASURE_ET_DC_Stress_Stress_time,0.00012437770972525218
MEASURE_ET_DC_SEC_X_Bin_FPSD3p2,0.00012430237058961506
FIC_ET_R214,0.00012413226377043895
STAGE_RANGE_Vg_Vds_max,0.0001237299857571225
BRGM_ET_Rsh_F_AB_2,0.0001237164477510229
THIN_ET_DC_RF_Vbgd_0p01,0.0001235050795934077
MEASURE_ET_RF_Modeling_Vd_set,0.0001229367817012111
MEASURE_ET_DC_RF_Vg_optt,0.00012230268355039413
TOPSIN_ET_C175pf_0,0.00012225526515047917
ANODE_CD_Anode_CD_litho,0.00012214202244202233
MEASURE_ET_I_5,0.00012167037802603934
STAGE_RANGE_DC_RF_Vg_max_Vd_0p1mA,0.00012110154238030635
MEASURE_ET_RF_Modeling_MAG_25G_After,0.00012047817069946091
ANODE_ET_Ran_con_2,0.00012038269657426652
THIN_ET_Rsh_cat_c2,0.0001200132706831652
SIN_ET_DC_RF_Vg_optt,0.00011997273651624339
MEASURE_ET_DC_SEC_S_Ids_max_SD3p5,0.00011897941390961058
SIN_Thickness2_RefractiveIndex,0.00011861027346392127
TOPSIN_ET_DC_SMALL_Vg_max_Vd,0.0001184602642201014
SIN_Thickness_RefractiveIndex,0.0001184550985048062
STAGE_RANGE_Ran_con_2,0.00011845242070982857
MEASURE_ET_DC_Big_Vds_max_0p1mA,0.00011816109334891522
MEASURE_ET_RF_Modeling_S21dB_10GHz,0.00011748389806452884
STAGE_RANGE_Gm_m2,0.00011747926848951433
MEASURE_ET_DC_Big_Vdg_max_0p1mA,0.00011687537261491796
MEASURE_ET_Load_Pull_Pin_Cut,0.00011639274967567697
SIN_ET_DC_RF_Vbin_gd,0.00011612411670421677
STAGE_RANGE_TANR,0.00011577482828910017
THIN_ET_R_f_hr_2,0.00011550196396936264
MEASURE_ET_DC_SEC_S_Vg_at_I2_pos,0.00011517458031962187
THIN_ET_R314,0.00011434239335731747
STAGE_RANGE_DC_RF_n_gd,0.00011431503819402896
THIN_ET_DC_RF_Vt_gs,0.00011429450490796087
STAGE_STD_Ran_con_2,0.00011409576869940629
THIN_ET_Rc_f_tn_23,0.00011385799584049827
MEASURE_ET_Ids_m2,0.00011370434027775004
FIC_ET_Vg_Vds_max,0.00011358059909304714
SIN_ET_DC_PIV_Idss_QP2,0.00011354310060448355
MEASURE_ET_LT_SEC_Ileak_m9p5V_mA_mm,0.00011345086360421062
MEASURE_ET_RF_Modeling_Delta_MAG_19G,0.00011317810856535224
THIN_ET_R214,0.0001128066885029722
SIN_GATE_ET_OHMC_GN,0.00011223259219868937
MEASURE_ET_RF_Modeling_Cgs_err,0.00011194168722110209
TOPSIN_ET_lkg_Cap3,0.00011190852987111438
MEASURE_ET_DC_RF_CF_S22_Ph_L1002,0.00011103778417320811
FIC_ET_TANR,0.00011083774933177535
MEASURE_ET_DC_RF_MAG_35GHz,0.00011054767014102675
TOPSIN_ET_Cap2pf,0.00011044958101520903
STAGE_RANGE_DC_PIV_Drain_Lag_1,0.00011017152844618933
OHMIC_ET_Ran_con_3,0.00011010618420816002
MEASURE_ET_CapM1BRGM_0,0.00010984316610015807
SIN_ET_TR_1F,0.00010952333612387248
STAGE_DELTA_Gm_m2_FIC_minus_TOPSIN,0.00010944609432660346
MEASURE_ET_RF_Modeling_Rg,0.00010878851484959163
FIC_ET_R_f_hr_2,0.00010866387891526254
TOPSIN_ET_Load_Pull_Gss,0.0001085732941974237
MEASURE_ET_DC_RF_Id_gm_max_W,0.00010828776571339974
BRIDGE_METAL_Height2_BRGM_Height2,0.0001081794161450971
MEASURE_ET_lkg_100_at20V,0.0001066715750233803
TOPSIN_ET_GC_Igs,0.00010597625299548665
MEASURE_ET_DC_RF_CF_S22_Mag_L1002,0.00010553114405061679
MEASURE_ET_DC_SEC_X_Id_mA_mm_at_Vg2_FPSD3p2,0.00010549822483421688
FIC_ET_Vd_at_Id_cut_cond,0.00010530480297614469
SIN_ET_DC_RF_Vg_optt1,0.00010436874638410994
STAGE_STD_Vg_gm_max,0.00010345352311213134
FIC_ET_G2_per_6K,0.00010341432665479
FMESA_ET_Probe_Number,0.00010297893405413254
STAGE_RANGE_Rc_an_ct2,0.00010283904476813935
SIN_Thickness_SiN_Thickness,0.00010278079563373324
TOPSIN_ET_DC_RF_Vbgd1,0.0001025203232546764
FIC_ET_C200_0S1,0.00010250006361343731
STAGE_RANGE_DC_RF_Gm_0,0.00010233745291844422
OHMIC_ET_OHMIC_conc,0.00010223492127680186
GATE2_CD_HPA_CB_Gate_Win_Length,0.00010217179251848326
MEASURE_ET_DC_PIV_Drain_Lag_1,0.00010195032711223331
THIN_ET_i5021_1,0.00010183505033446013
THIN_Measure3GN_Thickness_after_etchback,0.0001017219626666864
STAGE_STD_DC_RF_Vds_max_0p1mA,0.00010135294429799165
THIN_ET_C_AN_2_OW_CR,0.0001007032907896443
MEASURE_ET_DC_SEC_X_Ig_mAmm_at_Vg_cond_neg_FPSD3p2,0.00010001486024188919
MEASURE_ET_DC_Stress_Ig_max_before,9.98786974383175e-05
THIN_Measure2_Thickness_after_grinding,9.960750280018634e-05
THIN_ET_Cap_C300,9.958981978642619e-05
MEASURE_ET_DC_RF_CF_S11_Mag_L1002,9.912192240464469e-05
MEASURE_ET_RF_Modeling_Cgs,9.890614205049079e-05
FIC_ET_lkg_SY07_10,9.839279766972171e-05
THIN_ET_F_AB,9.7839197864415e-05
GATE2_CD_330nm_Gate_Leg_Length,9.768920580780605e-05
MEASURE_ET_DC_Big_Ids_m0p2,9.768897573875737e-05
MEASURE_ET_RF_Modeling_Fmax_int,9.764383812779763e-05
THIN_ET_R_660_VER,9.758933477331344e-05
FIC_ET_DC_RF_Imax,9.749095549309302e-05
MEASURE_ET_DC_SMALL_Vg_max_Vd_0p1,9.74426190391432e-05
STAGE_DELTA_Vp_1_FIC_minus_TOPSIN,9.708444612002335e-05
MEASURE_ET_TF_AB_1,9.614697281101707e-05
STAGE_RANGE_TF_AB_2,9.590034311907612e-05
MEASURE_ET_DC_RF_MAG_35GHz_W,9.585737393638823e-05
MEASURE_ET_C_CAT_2_OW_ST,9.580792226877059e-05
STAGE_RANGE_DC_RF_Vbin_gs,9.525617032666515e-05
TOPSIN_ET_lkg_Cap1,9.517536335753542e-05
STAGE_STD_Gm_m2,9.514965435429062e-05
MEASURE_ET_RF_Modeling_Vg_Stress,9.462272175203874e-05
STAGE_RANGE_DC_RF_Gm_max,9.397129626735884e-05
FIC_ET_Vdg_max,9.380337182091393e-05
STAGE_STD_TANR,9.359340204131956e-05
MEASURE_ET_RF_Modeling_Delta_MAG_25G,9.355474135492763e-05
FP2_Height2_FP2_Height2,9.28091416002783e-05
TOPSIN_ET_DC_SMALL_Vboff,9.26183931828991e-05
STAGE_STD_C200,9.21170708080076e-05
STAGE_RANGE_G2_per_6K,9.202504269881498e-05
THIN_ET_i5021_3,9.166761191408619e-05
STAGE_RANGE_Rsh_an_ct2_OW_CR,9.110915426671476e-05
FIC_ET_DC_RF_Idss,9.064381732877636e-05
THIN_ET_DC_RF_Vg_optt2,9.063360036927416e-05
TOPSIN_ET_Load_Pull_GL_meas,8.935267866417758e-05
STAGE_RANGE_C200,8.882546762032764e-05
BRGM_Height2_BRGM_Height2,8.87401872919474e-05
MEASURE_ET_DC_SEC_Gm_0,8.84806870926518e-05
THIN_ET_R_f_tn_2,8.830497698286923e-05
STAGE_STD_DC_RF_Vds_max,8.809092419072232e-05
STAGE_RANGE_lkg_C200,8.803490057623012e-05
SIN_ET_lkg_SY8_80,8.799663266822822e-05
STAGE_DELTA_G2_per_6K_FIC_minus_TOPSIN,8.759812850570924e-05
BRGM_Cd_Metal_BRGM_Final_metal_CD,8.73723460147459e-05
TOPSIN_ET_DC_RF_Vbin_gd,8.715859927130482e-05
STAGE_DELTA_Vdg_max_FIC_minus_TOPSIN,8.662726568680883e-05
MEASURE_ET_DC_SMALL_Vg_optt,8.645781367584625e-05
STAGE_STD_DC_RF_Vboff,8.634892617474727e-05
STAGE_DELTA_Gate_res_FIC_minus_TOPSIN,8.623083483884411e-05
OHMIC_Thickness_SiN_Thickness,8.609322780878092e-05
MEASURE_ET_DC_Stress_Vd_stress,8.607075535756666e-05
MEASURE_ET_DC_SEC_S_Ig_cut3_mAmm_pos_SD3p5,8.601213842543531e-05
MEASURE_ET_RF_Modeling_ids_m0p2_W,8.584848931631339e-05
STAGE_STD_Vg_Vds_max,8.57884134485883e-05
MEASURE_ET_LT_SEC_Ig_Id_min_mA_mm_Vd8,8.548197610735929e-05
FIC_ET_Ids_m2,8.520854684391888e-05
TOPSIN_ET_KLV_F_M1_4u,8.489646374866337e-05
MEASURE_ET_DC_SEC_S_Vg_at_I3_neg,8.484547612451664e-05
TOPSIN_ET_C100C385pf,8.483187323156986e-05
STAGE_RANGE_Rcat_cn_1_OW_ST,8.445081744177079e-05
MEASURE_ET_DC_Stress_Vg_max_Ig_after,8.393642677397502e-05
FIC_ET_TR_1F,8.341760487515318e-05
FIC_ET_DC_RF_Vg_gm_max,8.283144641627597e-05
MESA_Height_Mesa_Height,8.280386389793844e-05
STAGE_STD_DC_RF_Vg_max_Vd_0p1,8.116058037884179e-05
STAGE_STD_DC_RF_Vdg_max_0p1,8.095380465794251e-05
MEASURE_ET_DC_SEC_S_Vg_at_I1_pos,8.093316419433366e-05
MEASURE_ET_DC_SEC_X_Vg_at_I3_pos_SD3p5,8.080815327594771e-05
STAGE_RANGE_DC_RF_Vbgs_0p01,8.069897649756382e-05
MEASURE_ET_i5021_2,8.052787476730801e-05
MEASURE_ET_RF_Modeling_L_Gd,7.867228106882806e-05
MEASURE_ET_DC_RF_Vds_max_0p1mA,7.822101691510678e-05
STAGE_STD_DC_RF_Ids_m0p2,7.784373000786483e-05
MEASURE_ET_DC_RF_ids_m0p2_W,7.780053464159329e-05
STAGE_RANGE_R_f_hr_1,7.774895457458621e-05
STAGE_DELTA_Ids_m2_FIC_minus_TOPSIN,7.718799149980388e-05
MEASURE_ET_DC_Big_K,7.705015158124284e-05
MEASURE_ET_DC_SEC_X_Vg_at_I3_neg_SD3p5,7.701414207857222e-05
STAGE_STD_DC_PIV_Ids1_QP1,7.689415707330568e-05
MEASURE_ET_DC_SEC_X_Ig_cut2_mAmm_neg_SD3p5,7.671823589913167e-05
FIN_Etch_Hard_Bias,7.664639460384387e-05
FIC_ET_DC_RF_Vds_max_0p1,7.656041858435439e-05
MEASURE_ET_R_400_VER,7.633616108653998e-05
MEASURE_ET_Load_Pull_PhL_meas,7.603303215312215e-05
MEASURE_ET_LT_SEC_Ig_Id_min_mA_mm,7.599723993418367e-05
STAGE_STD_DC_PIV_Ids1_QP2,7.567528958485132e-05
MEASURE_ET_DC_RF_Vp_1,7.549055660857349e-05
SIN_GATE_ET_R314,7.548650250563295e-05
MEASURE_ET_DC_SEC_S_Vg_at_I1_pos_SD3p5,7.544158937914825e-05
MEASURE_ET_DC_SMALL_Vbgd_0p1,7.541773808596443e-05
THIN_ET_Ran_con_2_OW_CR,7.538253644887702e-05
THIN_Measure2GN_Thickness_after_grinding,7.507869407148991e-05
MEASURE_ET_DC_RF_S21ang_10GHz,7.494561415918916e-05
FIC_ET_DC_RF_Vg_optt1,7.486579489671293e-05
MEASURE_ET_sh_f_tn_23,7.486180919484455e-05
STAGE_DELTA_Vg_gm_max_FIC_minus_TOPSIN,7.485917718350982e-05
MEASURE_ET_R214,7.48090218203754e-05
MEASURE_ET_RF_Modeling_MAG_19G_After,7.47401639536176e-05
TOPSIN_ET_DC_SMALL_Gm_max,7.469764759264239e-05
MEASURE_ET_Vbpin,7.448603112078687e-05
MEASURE_ET_TFR_AB,7.441260763826405e-05
MEASURE_ET_DC_SEC_S_Ig_mAmm_at_Vg_cond_pos,7.41225755865315e-05
MEASURE_ET_DC_RF_S21ang_26GHz,7.406403727490965e-05
STAGE_STD_Rc_an_ct2,7.394407809672557e-05
MEASURE_ET_CapUSV,7.382192065090299e-05
MEASURE_ET_DC_SEC_Vds_max_ON,7.376321625604091e-05
MEASURE_ET_DC_RF_MAG_26GHz_W,7.349759311573536e-05
TOPSIN_ET_Load_Pull_GL_set,7.332550585233702e-05
STAGE_RANGE_DC_RF_Vbgd1,7.245286310103395e-05
TOPSIN_ET_Vg_gm_max,7.235348416763817e-05
STAGE_STD_sh_f_tn_23,7.215899992409626e-05
MEASURE_ET_VIA_KLV_8p5,7.200970168343245e-05
STAGE_RANGE_DC_PIV_Ids0_QP1,7.195579452181672e-05
MEASURE_ET_DC_SEC_S_Id_mA_mm_at_Vg2_FPSD3p2,7.18074749222522e-05
STAGE_RANGE_C_CAT_2_OW_ST,7.126477455953617e-05
MEASURE_ET_LT_SEC_Id_min_mA_mm_Vd7,7.090439545409991e-05
STAGE_STD_Rc_f_tn_23,7.04311614633847e-05
VIA_GaN_Height_Ni_height,7.041511405155628e-05
FIC_ET_DC_RF_Vbin_gd,6.990954430701465e-05
BFIC_Height_FIC_metal_thickness,6.932980595587822e-05
SIN_ET_DC_RF_Ids_m0p2,6.925631359848625e-05
MEASURE_ET_C100Cap3pf,6.908178196048447e-05
STAGE_STD_DC_RF_Vg_optt1,6.889386754943934e-05
STAGE_STD_TF_AB_3,6.881468104952436e-05
MEASURE_ET_RF_Modeling_Fmax_ext,6.862893753007887e-05
MEASURE_ET_DC_SEC_S_Vboff_Id_plus_Ig,6.820038158768534e-05
BMETAL1_Height_Metal1_metal_thickness,6.801377454118618e-05
THIN_ET_Rsh_an_ct2_OW_CR,6.797274504402954e-05
MEASURE_ET_sh_GA142_GN,6.777266587581412e-05
TOPSIN_ET_DC_RF_Vboff,6.753453027840958e-05
MEASURE_ET_R_f_tn_2,6.731355421178929e-05
MEASURE_ET_Er,6.716236610032613e-05
MEASURE_ET_Vbpin_D60,6.696592814668167e-05
EBCR2_CD_2_EBCR_cd_etch,6.659311769281378e-05
STAGE_RANGE_DC_RF_Vg_optt3,6.657030014497289e-05
MEASURE_ET_DC_SEC_S_Bin,6.648554592043601e-05
TFRP_ET_TFRP,6.621978238561009e-05
TOPSIN_ET_R_f_tn_2,6.60768032914541e-05
MEASURE_ET_F_AB,6.583096219471947e-05
STAGE_RANGE_Rsh_cat_c2_OW_ST,6.571349679655607e-05
STAGE_STD_TF_AB_2,6.543191940068329e-05
THIN_Measure4_Wafer_thickness_final,6.537856105060108e-05
MEASURE_ET_DC_SEC_S_Ig_cut2_mAmm_neg,6.487183673475682e-05
STAGE_DELTA_Rsh_cat_c2_OW_ST_CATHODE_minus_THIN,6.46865768485389e-05
MEASURE_ET_DC_RF_Vg_max_Vd_0p1mA,6.439325335178838e-05
MEASURE_ET_DC_RF_Gm_m0p2_W,6.43926691833361e-05
MEASURE_ET_DC_SEC_X_Id_mA_mm_at_Vg2,6.419312709059499e-05
MEASURE_ET_RF_Modeling_Vg_gm_max_W,6.381482270189055e-05
MEASURE_ET_Ran_con_3_OW_CR,6.37657094597375e-05
STAGE_STD_Ran_con_3_OW_CR,6.336489519187452e-05
MEASURE_ET_Vbkdn_C300pf,6.31457333275895e-05
SIN_ET_DC_RF_Vt_gd,6.312725582234118e-05
TOPSIN_ET_DC_SMALL_Ids_m0p2,6.257264704947339e-05
MESA_ET_Vbkd,6.253783045701553e-05
MEASURE_ET_DC_RF_Min_S21_Mag_L1002,6.185540622137554e-05
TOPSIN_ET_C385pf_0,6.160264294234645e-05
MEASURE_ET_DC_RF_CF_S21_Ph_L1018,6.138423144902948e-05
STAGE_DELTA_Rc_cat_ct2_CATHODE_minus_THIN,6.111727643046565e-05
STAGE_STD_Rc_OG142,6.109959213330443e-05
BRGM_ET_C100,6.0763576602488494e-05
CATHODE_ET_Rcat_cn_3,6.049176947387401e-05
MEASURE_ET_CapM1BRGM,6.026101042715804e-05
MEASURE_ET_DC_PIV_Gate_Lag_1,6.0205241918410004e-05
FMESA_ET_Vbkd,5.994889131100355e-05
BRGM_Cd_Litho_BRGM_litho_CD,5.975990204531257e-05
STAGE_DELTA_Rsh_cat_c2_CATHODE_minus_THIN,5.9461919333341345e-05
TOPSIN_ET_DC_RF_Vt_gs,5.9363426039288416e-05
THIN_ET_DC_RF_Vdg_max_0p1mA,5.9356742907029865e-05
MEASURE_ET_DC_SEC_X_ChipStatus,5.93337066871763e-05
MEASURE_ET_DC_Stress_Id_gm_max_after,5.92618072225966e-05
MEASURE_ET_DC_SEC_X_Ig_mAmm_at_Vg_cond_neg_SD3p5,5.894330826660861e-05
STAGE_STD_G2_per_6K,5.8403201607422105e-05
MEASURE_ET_DC_PIV_Ids0_QP2,5.8091468453238945e-05
FIC_ET_GT_lin25,5.7535744753683634e-05
MEASURE_ET_DC_SEC_X_Ids_max_SD3p5,5.7521053489345705e-05
OHMIC_ET_Ran_con_1,5.7402395809933207e-05
STAGE_RANGE_DC_RF_Vds_max_0p1mA,5.7148114391493384e-05
MEASURE_ET_Load_Pull_Id_ord,5.6808675324589695e-05
SIN_ET_DC_PIV_Gate_Lag_Imax,5.6741105954725135e-05
GATE2_CD_310nm_Gate_Leg_Length,5.6035443741305685e-05
MEASURE_ET_Load_Pull_P.A.E_Last,5.594839488359154e-05
STAGE_RANGE_R_f_tn_3,5.4578651205035586e-05
STAGE_RANGE_DC_RF_Vg_max_Vd_0p1,5.431124315990523e-05
MEASURE_ET_DC_SEC_S_Id_plus_Ig_at_Vboff_mA_mm,5.4275598933743195e-05
MEASURE_ET_C100CapM1BRGM,5.406377090009266e-05
MEASURE_ET_DC_RD_Id_Vbon_min,5.40078832477328e-05
BRGM_ET_C200_0,5.330044775238761e-05
MEASURE_ET_DC_RF2_K,5.327079783401718e-05
STAGE_STD_OHMC,5.299684395085653e-05
MEASURE_ET_DC_SEC_S_Vg_at_I2_neg,5.297112634031105e-05
TOPSIN_ET_DC_RF_Vg_max_Vd_0p1,5.292071549458207e-05
MEASURE_ET_DC_RF_Min_S21_Ph_L2180,5.278761664113699e-05
MEASURE_ET_RF_Modeling_Stress_time,5.2067304774395847e-05
MEASURE_ET_RF_Modeling_Rgs_err,5.193013161428727e-05
MEASURE_ET_DC_SEC_X_Vg_at_I2_pos_SD3p5,5.140764884760262e-05
SIN_ET_DC_RF_Vdg_max,5.112143184885924e-05
GATE2_Ali_Litho_Gate_to_recess_alignment,5.084712677826977e-05
STAGE_RANGE_Vp_1,5.0451422087935406e-05
MEASURE_ET_DC_SEC_S_Ig_cut1_mAmm_pos_SD3p5,5.0032506612252317e-05
MEASURE_ET_DC_SEC_Id_gm_max,4.984915881089722e-05
SIN_Thickness2_SiN_Thickness,4.979843098150439e-05
MEASURE_ET_RGAN3,4.958396847081215e-05
STAGE_RANGE_R_f_tn_2,4.9321221805618405e-05
MEASURE_ET_Cap_C300M1B,4.9090420311543714e-05
MEASURE_ET_lkg_C300M1B,4.8913102759654556e-05
STAGE_DELTA_DC_PIV_Ids0_QP1_FIC_minus_TOPSIN,4.8782021113237774e-05
MEASURE_ET_DC_RF_Gm_0,4.873075863149588e-05
STAGE_RANGE_DC_RF_Vbgd_0p1,4.822855516337663e-05
MEASURE_ET_DC_RF_CF_S22_Mag_L1018,4.7948236983419734e-05
TOPSIN_ET_lkg_C500pf,4.7946379004136734e-05
STAGE_STD_DC_PIV_Ids0_QP2,4.787205731019701e-05
STAGE_STD_DC_RF_Vg_optt2,4.7409426349116865e-05
MEASURE_ET_Rsh_cat_c2_OW_ST,4.73045993641506e-05
MEASURE_ET_DC_Big_S21dB_10GHz,4.7101676352436604e-05
TOPSIN_ET_sh_f_hr_23,4.690239130685914e-05
MEASURE_ET_Vg_gm_max,4.687788199740696e-05
FIC_ET_Id_mAmm_at_Vd_cond,4.6832305997933184e-05
THIN_ET_DC_RF_Vg_max_Vd_0p1mA,4.679412227474672e-05
GATE2_CD_358nm_Gate_Win_Length,4.664369668736428e-05
MEASURE_ET_RF_Modeling_Delta_S21_25G,4.640331849130829e-05
MEASURE_ET_DC_RF_Vg_gm_max_W,4.603336585573684e-05
MEASURE_ET_lkg_Cap1,4.599900726926171e-05
MEASURE_ET_DC_RF_S22ang_10GHz,4.57569510484088e-05
MEASURE_ET_DC_SEC_S_Ig_cut1_mAmm_pos_FPSD3p2,4.56942374848401e-05
MEASURE_ET_DC_RF_S21ang_26GHz_W,4.557854204132227e-05
STAGE_STD_DC_RF_Gm_max,4.5529631578706615e-05
MEASURE_ET_DC_SMALL_Vt_gs,4.538566313080758e-05
MEASURE_ET_DC_RD_Vbon_min,4.5245452419082196e-05
MEASURE_ET_DC_SEC_S_Ig_cut1_mAmm_neg_SD3p5,4.52435802221301e-05
STAGE_RANGE_R114,4.517920703614505e-05
STAGE_DELTA_Rcat_cn_3_CATHODE_minus_THIN,4.4852073130664986e-05
STAGE_RANGE_Ran_con_1_OW_CR,4.4808450537409635e-05
WIN_WIN_Alignment_WIN_to_FIN_Alignment,4.474311577782252e-05
MEASURE_ET_DC_SEC_X_Id_mA_mm_at_Vg1,4.463858868002468e-05
THIN_ET_DC_RF_Vbgd_0p1,4.452688280781822e-05
TOPSIN_ET_DC_RF_Vdg_max,4.450115324111807e-05
MEASURE_ET_DC_Diode_D_leak_65V,4.4295140110533935e-05
MEASURE_ET_CapFICM1,4.3941051601235646e-05
STAGE_RANGE_DC_RF_Vt_gd,4.3914375234915595e-05
MEASURE_ET_lkg_C300FB,4.390232620389748e-05
STAGE_STD_Rsh_cat_c2,4.379163437060816e-05
STAGE_RANGE_OHMC,4.30124064105216e-05
MEASURE_ET_DC_SEC_X_Id_mA_mm_at_Vg1_FPSD3p2,4.293210937829395e-05
STAGE_RANGE_DC_RF_Vg_max_Vd,4.276300660302275e-05
STAGE_STD_HIRS,4.240010679220736e-05
TFRP_ET_TF_AB_3,4.2167249545211567e-05
MEASURE_ET_RF_Modeling_S21_19G_Before,4.20199626607981e-05
MEASURE_ET_lkg_50,4.1971194143784526e-05
MEASURE_ET_RF_Modeling_Vd_stress,4.178423097976664e-05
STAGE_RANGE_Rsh_F_AB_2,4.162932256072041e-05
MEASURE_ET_Vbkdn_CapBig,4.1622943395499126e-05
MEASURE_ET_DC_SEC_X_Vp_1_mA_mm,4.144256694199934e-05
BRGM_ET_Cap_C300,4.123862411624476e-05
MEASURE_ET_Rsh_TF_AB2,4.097714537013974e-05
SIN_ET_DC_RF_Vbgd1,4.095042124780132e-05
MEASURE_ET_LT_SEC_Vg_Id_min_Vd3,4.087803705075863e-05
TOPSIN_ET_Load_Pull_Gain_comp_Last,4.081008861032312e-05
STAGE_STD_DC_RF_Vg_max_Vd,4.075652571961678e-05
TOPSIN_ET_CapFICBRGM,4.026933588734212e-05
MEASURE_ET_DC_SMALL_Vbgs1,4.009198050053829e-05
FIC_ET_R_f_hr_3,4.0008482099424096e-05
TOPSIN_ET_R314,3.970469551016044e-05
STAGE_STD_Rsh_an_ct2,3.962124150952664e-05
TOPSIN_ET_DC_RF_n_gd,3.928951399675968e-05
MEASURE_ET_DC_SEC_X_Ig_cut3_mAmm_neg_SD3p5,3.905242258649601e-05
FIC_ET_DC_RF_Vg_optt3,3.902532320231417e-05
STAGE_DELTA_Rcat_cn_1_CATHODE_minus_THIN,3.9002392894177753e-05
MEASURE_ET_LT_SEC_Vbgd1,3.856867257089372e-05
MEASURE_ET_RF_Modeling_Cds_err,3.8232965056263414e-05
TOPSIN_ET_Load_Pull_ID_comp_Last_mA,3.8195661683057924e-05
MEASURE_ET_RF_Modeling_Cgd,3.80371793973301e-05
STAGE_RANGE_Rsh_an_ct2,3.741727792635118e-05
THIN_ET_DC_RF_Vdg_max,3.700510348999209e-05
BRIDGE_METAL_Height_Final_TOP_metal_thickness,3.667132864959337e-05
TOPSIN_ET_DC_PIV_Gate_Lag_1,3.6095316867889857e-05
STAGE_RANGE_i5021_3,3.595862258393433e-05
STAGE_DELTA_Rcat_cn_1_OW_ST_CATHODE_minus_THIN,3.567875991899404e-05
MEASURE_ET_DC_Big_Gm_m0p2,3.553654058718529e-05
SIN_ET_DC_RF_Vboff,3.535291994715334e-05
MEASURE_ET_DC_SEC_X_Id_at_Vboff_mA_mm,3.5284518863685174e-05
STAGE_DELTA_TF_AB_2_TFRP_minus_THIN,3.4782184009038685e-05
STAGE_RANGE_DC_RF_Vg_optt2,3.444900698444507e-05
ANODE_ET_Ran_con_3,3.420234548431517e-05
MEASURE_ET_LT_SEC_Ileak_m5V_mA_mm,3.4140641476220424e-05
FIC_ET_FC_lin_4,3.3816802444857255e-05
MEASURE_ET_DC_SEC_X_Vp_1_mA_mm_first_FPSD3p2,3.346055667030093e-05
STAGE_STD_Rcat_cn_1,3.338416126061827e-05
MEASURE_ET_DC_Big_Ft,3.29330573327242e-05
TOPSIN_ET_Load_Pull_Vg,3.2807795280226845e-05
MEASURE_ET_DC_SEC_S_Vg_at_I1_neg_FPSD3p2,3.269057538169241e-05
FIC_ET_C200S1,3.220962373663469e-05
STAGE_STD_DC_RF_Vt_gs,3.219088064464076e-05
STAGE_RANGE_R_f_hr_2,3.2057850177209017e-05
STAGE_RANGE_DC_RF_Vt_gs,3.1823481183717515e-05
STAGE_RANGE_DC_PIV_Gate_Lag_1,3.149057311254829e-05
CATHODE_ET_Rc_cat_ct2_OW_ST,3.131705621635004e-05
MEASURE_ET_RF_Modeling_R_Gd,3.1273335578594566e-05
MEASURE_ET_Rc_an_ct2,3.118570572815965e-05
MEASURE_ET_Load_Pull_Vg,3.092876462070387e-05
FIC_ET_DC_PIV_Ids1_QP2,3.077010025107759e-05
THIN_ET_R_4000_VER,3.0189967023743018e-05
GATE1_Thickness1_Triple_E-beam_thickness,3.016491705802815e-05
MEASURE_ET_DC_RF_CF_S12_Mag_L1018,2.9917834989325836e-05
MEASURE_ET_DC_SEC_X_Id_at_Vboff_mA_mm_FPSD3p2,2.9791237422856064e-05
TOPSIN_ET_DC_PIV_Ids0_QP2,2.9280830079478858e-05
STAGE_DELTA_C200_BRGM_minus_THIN,2.906830510251667e-05
STAGE_RANGE_Vbkd,2.895239321867463e-05
MEASURE_ET_DC_SEC_Vboff_Vds_min_ON,2.8582177488716685e-05
MEASURE_ET_DC_Stress_Vg_gm_max_after,2.827824209316414e-05
TOPSIN_ET_R_f_hr_2,2.8189475800436587e-05
MEASURE_ET_RF_Modeling_S12dB_10GHz,2.784384247702909e-05
FIC_Height_FIC_metal_thickness,2.766358873500497e-05
THIN_ET_DC_RF_Vp_1,2.7339788592360067e-05
MEASURE_ET_DC_RF2_S21dB_26GHz,2.731033994834853e-05
TOPSIN_ET_lkg_CapPARCAP,2.6915238701370863e-05
FIC_ET_R_f_tn_1,2.679560160312874e-05
SIN_GATE_ET_Rsh_an_ct2,2.674718268789081e-05
MEASURE_ET_lkg_C385pf,2.632779557048496e-05
MEASURE_ET_DC_SMALL_Imax,2.6284662596599053e-05
STAGE_RANGE_Ran_con_3_OW_CR,2.5779833762718336e-05
MEASURE_ET_R_400_HOR,2.5749700104026175e-05
SIN_ET_DC_RF_Gm_m0p2,2.540202547725769e-05
MEASURE_ET_Load_Pull_Freq,2.533164928533217e-05
BRGM_ET_lkg_SY8_80,2.5220628622086747e-05
SIN_GATE_ET_OHMC,2.506107801376044e-05
MEASURE_ET_DC_RF_Id_gm_max,2.5044120646303003e-05
STAGE_RANGE_Ran_con_2_OW_CR,2.5028975774784288e-05
FIC_ET_DC_RF_Vbgs1,2.500824110728614e-05
MEASURE_ET_DC_Stress_Id_stress_after,2.4841292171936247e-05
TOPSIN_ET_C500pf_0,2.454146213908325e-05
MEASURE_ET_DC_SMALL_Vds_max,2.4487412233533484e-05
FP2_Height1_FP2_Height1,2.4098144494025145e-05
TOPSIN_ET_Rc_OG144,2.4075675393349194e-05
MEASURE_ET_DC_SEC_X_Vboff_Id_plus_Ig_FPSD3p2,2.4025825907787817e-05
MEASURE_ET_DC_SEC_X_Ig_mAmm_at_Vg_cond_pos_FPSD3p2,2.380770595119097e-05
STAGE_RANGE_sh_f_hr_23,2.369131510854566e-05
SIN_ET_DC_RF_Vg_gm_max,2.3451383900161023e-05
SIN_ET_DC_RF_Vt_gs,2.340519675258179e-05
STAGE_STD_Rsh_an_ct2_OW_CR,2.3314805372709536e-05
MEASURE_ET_R_4000_HOR,2.326632109138945e-05
STAGE_STD_Rc_TF_AB_2,2.3081365894939016e-05
MEASURE_ET_DC_PIV_Idss_QP2,2.295136683173339e-05
BRGM_ET_KLV_F_M1_4u,2.2928521865454376e-05
MEASURE_ET_DC_SEC_X_Vboff_Id_plus_Ig,2.2823619660298616e-05
MEASURE_ET_DC_SEC_X_Vp_1_mA_mm_first,2.26633022227317e-05
THIN_ET_R_f_tn_3,2.2609060041075552e-05
TOPSIN_ET_DC_RF_Imax,2.2490293388669018e-05
TOPSIN_ET_C100CapM1BRGM,2.2410526848266728e-05
BRGM_ET_F_AB,2.2275268363207483e-05
MEASURE_ET_DC_SEC_S_Vp_1_mA_mm,2.2250497842415108e-05
TOPSIN_ET_lkg_CapM1BRGM,2.222024742228954e-05
TOPSIN_ET_C300pf,2.2080676738958636e-05
THIN_ET_Rsh_an_ct2,2.2026125185334743e-05
STAGE_STD_Rcat_cn_1_OW_ST,2.16346515340061e-05
THIN_ET_C300,2.1421719398368025e-05
MEASURE_ET_RF_Modeling_Vp_1_W,2.1358675127628435e-05
MEASURE_ET_DC_Stress_Idss_after,2.1331484765516946e-05
MEASURE_ET_Load_Pull_IG_comp_Last_uA,2.1238141956962436e-05
STAGE_STD_Cap_C300,2.1220473102735983e-05
FIC_ET_DC_RF_Vp_01,2.1147403885369393e-05
TOPSIN_ET_DC_SMALL_Vp_1,2.108470682146123e-05
MEASURE_ET_Vbkdn_C385pf,2.1042371531916726e-05
FIC_ET_DC_RF_Vboff,2.0524044310704196e-05
STAGE_RANGE_DC_RF_Id_gm_max,2.0444752969642813e-05
MEASURE_ET_RF_Modeling_Gds_err,2.0235459021994356e-05
STAGE_RANGE_lkg_5,2.0168404339657063e-05
MEASURE_ET_DC_RF_MSG_18GHz,1.9988223623259662e-05
MEASURE_ET_RF_Modeling_Ld,1.981071631643511e-05
STAGE_DELTA_C_AN_2_OW_CR_ANODE_minus_THIN,1.9601980537121442e-05
FIC_ET_DC_RF_Vdg_max_0p1mA,1.9414564390452617e-05
MEASURE_ET_CapFICBRGM_0,1.9375040060185807e-05
STAGE_DELTA_C_CAT_2_CATHODE_minus_THIN,1.9095854420339347e-05
TFRP_ET_TF_AB_2,1.8828211849311294e-05
TFRP_ET_Probe_Number,1.8269803100069083e-05
STAGE_RANGE_Rc_cat_ct2_OW_ST,1.8196985808874314e-05
TOPSIN_ET_Gm_max,1.8189758704357198e-05
MEASURE_ET_LT_SEC_Ig_Id_min_mA_mm_Vd3,1.7945685884984705e-05
MEASURE_ET_Ran_con_2,1.7896007079169637e-05
STAGE_STD_R_f_tn_2,1.7802567450919224e-05
SIN_ET_DC_RF_Vbgd_0p01,1.774087620763426e-05
TOPSIN_ET_DC_RF_Vt_gd,1.7428891203290632e-05
STAGE_RANGE_DC_RF_Vbin_gd,1.7233260313488476e-05
WIN_CD_WIN_CD,1.7126133952915876e-05
MEASURE_ET_DC_SEC_X_Vg_at_I1_pos,1.7065890288371267e-05
SIN_GATE_ET_lkg_5,1.685198975152221e-05
TANR_M_Gauge_P_E_TaN,1.632986560790134e-05
MEASURE_ET_R514,1.6013132928469448e-05
STAGE_DELTA_DC_PIV_Ids1_QP1_FIC_minus_TOPSIN,1.5936016607715204e-05
MEASURE_ET_DC_RF_Gm_0_W,1.5759783455303504e-05
MEASURE_ET_DC_SMALL_Gm_max,1.5586872942543384e-05
MEASURE_ET_DC_Stress_Id_gm_max_before,1.5467097887230676e-05
TOPSIN_ET_lkg_Cap2,1.5086422210171414e-05
THIN_ET_lkg_PAD_10,1.4660618775527673e-05
STAGE_STD_DC_RF_Vbgd_0p1,1.4496717011777085e-05
TOPSIN_ET_DC_RF_Ids_m0p2,1.4277699284532983e-05
OHMIC_ET_Ran_con_2,1.4099017661528783e-05
STAGE_RANGE_Rcat_cn_3_OW_ST,1.3947546084128035e-05
MEASURE_ET_RF_Modeling_Ft_ext,1.376235335376112e-05
BRGM_ET_C300,1.3499733315183784e-05
MEASURE_ET_DC_SEC_X_Ig_cut3_mAmm_neg,1.3348557850981138e-05
MEASURE_ET_DC_Big_S21ang_10GHz,1.3312960329810843e-05
BRGM_ET_i5021_3,1.3077725704096771e-05
MEASURE_ET_DC_SEC_Imax_7V,1.2887302157751338e-05
STAGE_STD_R_f_hr_3,1.2254221839847227e-05
BRGM_ET_Rc_F_AB_2,1.225089839179083e-05
MEASURE_ET_RF_Modeling_Idss_W,1.2147019381843714e-05
MEASURE_ET_RF_Modeling_L_Gg,1.2017057897053888e-05
TOPSIN_ET_C100C300pf,1.2005813040362289e-05
TOPSIN_ET_DC_SMALL_Vbgd1,1.1983976005341315e-05
TOPSIN_ET_Load_Pull_Pout_W_mm_last,1.1962628520982945e-05
TOPSIN_ET_lkg_CapFICBRGM,1.1941016429032191e-05
MEASURE_ET_DC_RF_CF_S21_Mag_L1002,1.1235661978915606e-05
TOPSIN_ET_Load_Pull_Pout_W_last,1.120183128722193e-05
TOPSIN_ET_Load_Pull_Pin_Last,1.1163992287114416e-05
MEASURE_ET_DC_RF_CF_S11_Mag_L2180,1.0874830416647558e-05
MEASURE_ET_DC_RD_MSG_18GHz,1.0845293325210074e-05
STAGE_RANGE_Rcat_cn_1,1.0499755760625201e-05
MEASURE_ET_DC_RF_Vbgs_0p1,1.0388045192764591e-05
STAGE_STD_DC_RF_Vbgs_0p01,1.0357094109600112e-05
MEASURE_ET_Vp_1,9.61254206227421e-06
CATHODE_ET_Rsh_cat_c2,9.603652487086845e-06
MEASURE_ET_Cap20,9.452569765056492e-06
STAGE_RANGE_KLV_F_M1_4u,9.338781468462953e-06
MEASURE_ET_DC_RF_Vbgd_0p1,9.203819630337427e-06
MEASURE_ET_DC_SEC_S_Vp_1_mA_mm_second,9.11329886964042e-06
MEASURE_ET_DC_RF_Ft,8.84186119057294e-06
TOPSIN_ET_DC_SMALL_Id_gm_max,8.390748394047788e-06
THIN_ET_sh_GA142,8.363006774957248e-06
TOPSIN_ET_OHMC,8.296011893068573e-06
SIN_CAPACITOR_ThicknessGN1_SiN_Thickness,8.10497992554876e-06
STAGE_STD_DC_RF_Vdg_max,8.006381523429207e-06
MEASURE_ET_DC_Big_MAG_18GHz,7.343275457831482e-06
MEASURE_ET_USV_Cappf_0,7.315401389081502e-06
MEASURE_ET_DC_RF_Gm_max,7.153511861654667e-06
STAGE_STD_C_AN_2_OW_CR,6.668030995763026e-06
FIC_ET_DC_RF_Id_gm_max,6.198411269511207e-06
CATHODE_ET_Rcat_cn_2_OW_ST,6.109901578460845e-06
OHMIC_ET_R214,5.876716199693021e-06
FIC_ET_DC_RF_Gm_0,5.675140511500504e-06
STREETS_Height_Backside_metal_thickness,5.255058371866056e-06
STAGE_RANGE_C100,0.0
Technology_PHEMT_0.15um,0.0
MEASURE_ET_DC_SEC_S_Vg_at_I3_neg_SD3p5,0.0
MEASURE_ET_DC_SEC_S_Vg_at_I1_pos_FPSD3p2,0.0
MEASURE_ET_DC_SEC_S_Vg_at_I1_neg_SD3p5,0.0
MEASURE_ET_DC_SEC_Imax_6V,0.0
MEASURE_ET_DC_SEC_Imax,0.0
MEASURE_ET_DC_SEC_Gm_max,0.0
MEASURE_ET_DC_SEC_Gm_m0p2,0.0
THIN_ET_DC_RF_Imax,0.0
THIN_ET_DC_RF_Idss,0.0
THIN_ET_DC_RF_Gm_max,0.0
THIN_ET_DC_RF_Gm_m0p2,0.0
THIN_ET_DC_RF_Gm_0,0.0
MEASURE_ET_lkg_C300pf,0.0
MEASURE_ET_DC_SMALL_Idss,0.0
MEASURE_ET_DC_SMALL_Id_gm_max,0.0
MEASURE_ET_DC_SMALL_Gm_m0p2,0.0
MEASURE_ET_lkg_C300FM1,0.0
MEASURE_ET_lkg_C175pf,0.0
MEASURE_ET_lkg_100,0.0
MEASURE_ET_lkg_10,0.0
FIC_ET_DC_RF_Gm_max,0.0
FIC_ET_DC_RF_Gm_m0p2,0.0
MEASURE_ET_DC_Big_Id_gm_max,0.0
MEASURE_ET_DC_Big_Gm_max,0.0
MEASURE_ET_Cap_USV,0.0
MEASURE_ET_Cap_C300FM1,0.0
MEASURE_ET_CapPARCAP,0.0
FIC_ET_DC_RF_Ids_m0p2,0.0
MEASURE_ET_Cap2pf,0.0
THIN_ET_C20,0.0
TFRP_ET_TF_AB_1,0.0
TFRP_ET_Rc_TF_AB_2,0.0
Sort_Yield_target[%]_90,0.0
Sort_Yield_target[%]_88,0.0
STAGE_STD_sh_f_hr_23,0.0
STAGE_STD_lkg_SY8_80,0.0
STAGE_STD_lkg_SY07_10,0.0
STAGE_STD_lkg_C300,0.0
STAGE_STD_lkg_C200,0.0
STAGE_STD_i5021_3,0.0
STAGE_STD_i5021_2,0.0
MEASURE_ET_DC_RF_Vp_1_W,0.0
MEASURE_ET_DC_RF_Vp_01,0.0
MEASURE_ET_DC_RF_Vg_gm_max,0.0
MEASURE_ET_DC_RF_Vds_max,0.0
STAGE_DELTA_C100_BRGM_minus_THIN,0.0
STAGE_DELTA_ABVIETCH_BRGM_minus_TOPSIN,0.0
SIN_GATE_ET_Rc_OG144,0.0
MEASURE_ET_DC_SEC_S_Vg_at_I1_neg,0.0
STAGE_RANGE_Rc_F_AB_2,0.0
MEASURE_ET_Rsh_F_AB_2,0.0
MEASURE_ET_Rcat_cn_2_OW_ST,0.0
MEASURE_ET_Rcat_cn_1_OW_ST,0.0
MEASURE_ET_Rcat_cn_1,0.0
FIC_ET_DC_RF_Vbgd_0p01,0.0
GATE2_Ali_Litho2_Gate_to_ohmic_alignment,0.0
THIN_ET_Rc_cat_ct2,0.0
STAGE_STD_i5021_1,0.0
STAGE_STD_Vp_1,0.0
STAGE_STD_Vdg_max,0.0
STAGE_STD_TR_1F,0.0
STAGE_STD_TF_AB_1,0.0
STAGE_STD_Rsh_F_AB_2,0.0
STAGE_STD_Rcat_cn_3_OW_ST,0.0
STAGE_STD_Rcat_cn_2,0.0
STAGE_STD_Rc_cat_ct2_OW_ST,0.0
STAGE_STD_Rc_F_AB_2,0.0
STAGE_STD_Ran_con_2_OW_CR,0.0
THIN_ET_Rc_an_ct2,0.0
MEASURE_ET_DC_Big_Vp_1,0.0
MaskSetName_MS_C,0.0
MaskSetName_MS_B,0.0
FIC_ET_R_f_hr_1,0.0
SIN_ET_DC_RF_Vp_1,0.0
SIN_ET_DC_RF_Vp_01,0.0
STAGE_RANGE_i5021_1,0.0
STAGE_RANGE_TR_1F,0.0
Customer_Internal,0.0
Customer_Customer_B,0.0
THIN_ET_Rcat_cn_3_OW_ST,0.0
THIN_ET_Rcat_cn_3,0.0
THIN_ET_Rcat_cn_2_OW_ST,0.0
THIN_ET_Rcat_cn_2,0.0
THIN_ET_Rc_cat_ct2_OW_ST,0.0
MEASURE_ET_Rc_TF_AB_2,0.0
MEASURE_ET_Rc_OG144,0.0
THIN_ET_Rsh_cat_c2_OW_ST,0.0
MEASURE_ET_DC_PIV_Drain_Lag_Imax,0.0
MEASURE_ET_DC_PIV_Drain_Lag_0,0.0
MEASURE_ET_DC_Diode_S21_dB_forw,0.0
STAGE_DELTA_C_AN_2_ANODE_minus_THIN,0.0
STAGE_DELTA_C200_0_BRGM_minus_THIN,0.0
STAGE_RANGE_KLV_F_AB_4u,0.0
STAGE_RANGE_F_AB,0.0
FIC_ET_DC_PIV_Drain_Lag_0,0.0
FIC_ET_C100S1,0.0
EBCR2_CD_Gate_Leg_Length,0.0
MEASURE_ET_DC_SEC_X_Vp_0p7_mA_mm,0.0
MEASURE_ET_lkg_CapM1BRGM,0.0
STAGE_STD_Ran_con_1_OW_CR,0.0
SIN_ET_DC_PIV_Drain_Lag_Idss,0.0
MEASURE_ET_DC_SEC_X_Ron_FPSD3p2,0.0
STAGE_STD_KLV_F_M1_4u,0.0
STAGE_STD_KLV_F_AB_4u,0.0
STAGE_STD_Gate_res,0.0
STAGE_STD_F_AB,0.0
MEASURE_ET_DC_Big_Imax,0.0
STAGE_DELTA_Rc_F_AB_2_BRGM_minus_THIN,0.0
MEASURE_ET_DC_RF_Min_S21_Freq_L2180,0.0
THIN_ET_lkg_C300,0.0
THIN_ET_lkg_C200,0.0
THIN_ET_lkg_70_at20V,0.0
THIN_ET_lkg_50_at20V,0.0
THIN_ET_lkg_5,0.0
TOPSIN_ET_C100CapFICBRGM,0.0
TOPSIN_ET_C100C450pf,0.0
VendorName_EPI_A,0.0
MEASURE_ET_RF_Modeling_Vp_01_W,0.0
MEASURE_ET_DC_Stress_Idss_before,0.0
MEASURE_ET_DC_Stress_Gm_max_after,0.0
VendorName_EPI_B,0.0
FIC_ET_Gate_res,0.0
MEASURE_ET_DC_SEC_S_Vp_1_mA_mm_first_FPSD3p2,0.0
MEASURE_ET_DC_SEC_S_Vp_0p7_mA_mm,0.0
MEASURE_ET_DC_Big_S22dB_10GHz,0.0
VendorName_EPI_C,0.0
Version_V1.0,0.0
MEASURE_ET_lkg_USV_Cap,0.0
MEASURE_ET_lkg_SY8_80,0.0
FIC_ET_Vp_1,0.0
TOPSIN_ET_CapM1BRGM,0.0
Customer_Customer_A,0.0
MEASURE_ET_RF_Modeling_S21ang_10GHz,0.0
MEASURE_ET_RF_Modeling_Rgd,0.0
Lot_type_PROD,0.0
Lot_type_ENG,0.0
MEASURE_ET_DC_RD_S11dB_18GHz,0.0
MEASURE_ET_DC_RD_Vboff,0.0
CATHODE_ET_Rcat_cn_1_OW_ST,0.0
TOPSIN_ET_C300,0.0
MEASURE_ET_DC_RF_Max_S11_Mag_L2180,0.0
MEASURE_ET_DC_RF_Max_S11_Mag_L1002,0.0
MEASURE_ET_DC_RD_Vboff_ON,0.0
MEASURE_ET_DC_PIV_Imax_QP2,0.0
MEASURE_ET_DC_PIV_Imax_QP1,0.0
MEASURE_ET_DC_PIV_Idss_QP3,0.0
TOPSIN_ET_DC_RF_Id_gm_max,0.0
STAGE_DELTA_i5021_3_BRGM_minus_THIN,0.0
STAGE_DELTA_lkg_C200_BRGM_minus_THIN,0.0
SIN_ET_DC_RF_Imax,0.0
STAGE_STD_C_CAT_2,0.0
TOPSIN_ET_DC_SMALL_Vp_01,0.0
STAGE_STD_C_AN_2,0.0
STAGE_STD_C300,0.0
STAGE_STD_C200_0,0.0
STAGE_STD_C100,0.0
STAGE_STD_ABVIETCH,0.0
STAGE_RANGE_lkg_SY8_80,0.0
TOPSIN_ET_DC_RF_Gm_m0p2,0.0
TOPSIN_ET_DC_RF_Gm_0,0.0
TOPSIN_ET_CapPARCAP,0.0
TOPSIN_ET_CapM1BRGM_0,0.0
TOPSIN_ET_DC_RF_Vbgs_0p1,0.0
TOPSIN_ET_DC_RF_Vbgs_0p01,0.0
MEASURE_ET_DC_RF_Max_S11_Freq_L1018,0.0
MEASURE_ET_DC_RF_MSG_10GHz,0.0
STAGE_DELTA_Ran_con_2_OW_CR_ANODE_minus_THIN,0.0
STAGE_DELTA_Ran_con_1_OW_CR_ANODE_minus_THIN,0.0
STAGE_DELTA_KLV_F_M1_4u_BRGM_minus_TOPSIN,0.0
STAGE_DELTA_F_AB_BRGM_minus_THIN,0.0
STAGE_DELTA_DC_PIV_Ids0_QP3_FIC_minus_TOPSIN,0.0
STAGE_DELTA_DC_PIV_Ids0_QP2_FIC_minus_TOPSIN,0.0
STAGE_DELTA_DC_PIV_Gate_Lag_1_FIC_minus_TOPSIN,0.0
STAGE_DELTA_C_CAT_2_OW_ST_CATHODE_minus_THIN,0.0
MEASURE_ET_DC_Big_Idss,0.0
MEASURE_ET_DC_Stress_Vp_delta,0.0
MEASURE_ET_DC_Stress_Vp_before,0.0
TOPSIN_ET_DC_RF_Vbgd_0p1,0.0
MEASURE_ET_DC_SMALL_Gm_0,0.0
MEASURE_ET_DC_SEC_S_Ig_mAmm_at_Vg_cond_pos_FPSD3p2,0.0
MEASURE_ET_RF_Modeling_Id_search,0.0
MEASURE_ET_RF_Modeling_Id_gm_max_W,0.0
MEASURE_ET_RF_Modeling_Gm_max_W,0.0
MEASURE_ET_RF_Modeling_Gm_m0p2_W,0.0
MEASURE_ET_RF_Modeling_Gm_err,0.0
MEASURE_ET_RF_Modeling_Gm_0_W,0.0
MEASURE_ET_RF_Modeling_Gm,0.0
SIN_ET_DC_RF_Vg_max_Vd_0p1mA,0.0
TOPSIN_ET_DC_SMALL_Imax,0.0
TOPSIN_ET_DC_SMALL_Idss,0.0
TOPSIN_ET_Vp_1,0.0
TOPSIN_ET_DC_SMALL_Gm_m0p2,0.0
TOPSIN_ET_DC_SMALL_Gm_0,0.0
TOPSIN_ET_DC_RF_Vg_gm_max,0.0
STAGE_RANGE_lkg_SY07_10,0.0
STAGE_RANGE_lkg_C300,0.0
STAGE_RANGE_i5021_2,0.0
SIN_ET_DC_RF_Idss,0.0
SIN_ET_DC_RF_Id_gm_max,0.0
SIN_ET_DC_RF_Gm_max,0.0
SIN_ET_DC_RF_Gm_0,0.0
SIN_ET_DC_PIV_Imax_QP3,0.0
SIN_ET_DC_PIV_Imax_QP2,0.0
SIN_ET_DC_PIV_Imax_QP1,0.0
SIN_ET_DC_PIV_Idss_QP3,0.0
SIN_ET_DC_PIV_Idss_QP1,0.0
SIN_ET_DC_PIV_Gate_Lag_Idss,0.0
SIN_ET_DC_PIV_Drain_Lag_Imax,0.0
STAGE_DELTA_Rc_cat_ct2_OW_ST_CATHODE_minus_THIN,0.0
STAGE_RANGE_Cap_C300,0.0
TOPSIN_ET_DC_SMALL_Vg_gm_max,0.0
MEASURE_ET_DC_RF_Gm_max_W,0.0
MEASURE_ET_CapFICBRGM,0.0
MEASURE_ET_Cap3pf,0.0
TOPSIN_ET_DC_SMALL_Vbgs_0p01,0.0
BRGM_ET_lkg_SY07_10,0.0
BRGM_ET_lkg_C300,0.0
BRGM_ET_lkg_C200,0.0
MEASURE_ET_Cap2pf_0,0.0
BRGM_ET_i5021_2,0.0
BRGM_ET_i5021_1,0.0
BRGM_ET_TR_1F,0.0
STAGE_DELTA_Vg_Vds_max_FIC_minus_TOPSIN,0.0
STAGE_DELTA_Vbkd_FMESA_minus_MESA,0.0
STAGE_DELTA_TF_AB_1_TFRP_minus_THIN,0.0
STAGE_DELTA_Rsh_F_AB_2_BRGM_minus_THIN,0.0
STAGE_RANGE_ABVIETCH,0.0
MEASURE_ET_LT_SEC_Ileak_m16p5V_mA_mm,0.0
STAGE_STD_DC_PIV_Ids0_QP3,0.0
STAGE_STD_DC_PIV_Drain_Lag_1,0.0
Version_V2.0,0.0
Version_V1.1,0.0
TOPSIN_ET_lkg_SY8_80,0.0
TOPSIN_ET_lkg_SY07_10,0.0
TOPSIN_ET_R_f_tn_3,0.0
TOPSIN_ET_Gm_m2,0.0
MEASURE_ET_C100Cap1pf,0.0
MEASURE_ET_C300M1B_0,0.0
MEASURE_ET_C300M1B,0.0
MEASURE_ET_C300FM1_0,0.0
MEASURE_ET_C100C175pf,0.0
MEASURE_ET_LT_SEC_Ileak_m10V_mA_mm,0.0
BRGM_ET_C300_0,0.0
Technology_PHEMT_0.25um,0.0
Technology_PHEMT_0.35um,0.0
BRGM_ET_C200,0.0
STAGE_DELTA_i5021_2_BRGM_minus_THIN,0.0
MEASURE_ET_DC_SEC_Vg_gm_max,0.0
TOPSIN_ET_lkg_C175pf,0.0
STAGE_DELTA_i5021_1_BRGM_minus_THIN,0.0
TOPSIN_ET_lkg_CapFICM1,0.0
STAGE_RANGE_C300_0,0.0
MEASURE_ET_DC_RF_CF_S12_Ph_L1002,0.0
STAGE_RANGE_C300,0.0
MEASURE_ET_DC_RD_Vg_Vbon_max,0.0
STAGE_STD_DC_RF_Vbgd1,0.0
MEASURE_ET_DC_SEC_S_Vboff_Id_plus_Ig_FPSD3p2,0.0
TOPSIN_ET_RGAN3,0.0
