model,fold,rmse,mae,r2,tier
elasticnet,0,0.15858675342819223,0.13138406262942837,0.9949622934656126,T0_full_safe_1732
lightgbm,0,0.27984602109639245,0.14912310814495283,0.9843130930425398,T0_full_safe_1732
elasticnet,1,0.13661462764875154,0.10891986022384254,0.9972067818354787,T0_full_safe_1732
lightgbm,1,0.22221661338535337,0.15468005094550144,0.9926096756166499,T0_full_safe_1732
elasticnet,2,0.14212054610549202,0.11727864389384172,0.9949655231188698,T0_full_safe_1732
lightgbm,2,0.2156258922036014,0.14955722096657703,0.9884110941536957,T0_full_safe_1732
elasticnet,3,0.14888808116789107,0.11801203439503904,0.9963698684669418,T0_full_safe_1732
lightgbm,3,0.1974307180932845,0.12452488710409261,0.9936168956255295,T0_full_safe_1732
elasticnet,4,0.14914649702622856,0.11860164515177492,0.9942588768242945,T0_full_safe_1732
lightgbm,4,0.18101717029230538,0.12788700564338923,0.9915431175747904,T0_full_safe_1732
elasticnet,0,0.16969834623973434,0.13844835332474822,0.9942316146145019,T1_decollinearized_1314
lightgbm,0,0.21878172027698578,0.14071966113740147,0.9904121525917168,T1_decollinearized_1314
elasticnet,1,0.14226061865242642,0.1115688184761711,0.9969711355486687,T1_decollinearized_1314
lightgbm,1,0.24387878091984672,0.17424339672677794,0.9910985966032392,T1_decollinearized_1314
elasticnet,2,0.15805702287814558,0.1282894406080948,0.9937731527752136,T1_decollinearized_1314
lightgbm,2,0.2529834324076082,0.16128568492265505,0.9840476460580632,T1_decollinearized_1314
elasticnet,3,0.15283854647634687,0.12372102990328707,0.9961746754005262,T1_decollinearized_1314
lightgbm,3,0.23782794092020623,0.14348167234830295,0.9907374994384303,T1_decollinearized_1314
elasticnet,4,0.1685643587585322,0.12923505809878505,0.9926666526691703,T1_decollinearized_1314
lightgbm,4,0.2387845436493453,0.16645451472208586,0.9852842238440214,T1_decollinearized_1314
elasticnet,0,0.16833100577173254,0.13337803472396673,0.994324197375505,T2_moderate_90pct
lightgbm,0,0.22140176342728007,0.14543487989068904,0.9901811370305122,T2_moderate_90pct
elasticnet,1,0.16618888798196813,0.13618863715814875,0.9958665335610218,T2_moderate_90pct
lightgbm,1,0.22311689007733027,0.15221353372614801,0.9925496727736928,T2_moderate_90pct
elasticnet,2,0.16356267832870636,0.1311183421626172,0.9933317934681726,T2_moderate_90pct
lightgbm,2,0.3018132942064153,0.16869606424537467,0.9772952174566698,T2_moderate_90pct
elasticnet,3,0.16350174899559183,0.1334075210730959,0.9956222868488995,T2_moderate_90pct
lightgbm,3,0.26027305896359393,0.14804888583046422,0.9889066956476774,T2_moderate_90pct
elasticnet,4,0.18249714368648784,0.1411132384526035,0.9914042674820565,T2_moderate_90pct
lightgbm,4,0.18856202851707868,0.13863879468979673,0.9908234542804817,T2_moderate_90pct
elasticnet,0,0.34557329677991877,0.2747042217423913,0.9760789961892146,T3_aggressive_80pct
lightgbm,0,0.22008009712503682,0.13748264488598796,0.9902980152882706,T3_aggressive_80pct
elasticnet,1,0.3588724446218894,0.28341164960833926,0.9807251645886531,T3_aggressive_80pct
lightgbm,1,0.2300502215305677,0.15241091291206466,0.992079442270049,T3_aggressive_80pct
elasticnet,2,0.3748135302158787,0.2951516336266861,0.9649836289668878,T3_aggressive_80pct
lightgbm,2,0.27880038524479367,0.16142818653585891,0.9806256404692676,T3_aggressive_80pct
elasticnet,3,0.34829106785370834,0.2789304381762113,0.980135064039112,T3_aggressive_80pct
lightgbm,3,0.24038451589930845,0.12086063714622461,0.9905372912137422,T3_aggressive_80pct
elasticnet,4,0.39023496327010765,0.3067228145320556,0.9606972349937315,T3_aggressive_80pct
lightgbm,4,0.20836464022622073,0.14616870913656238,0.9887948212115959,T3_aggressive_80pct
elasticnet,0,1.0237920096501776,0.8344252385041032,0.7900467898766724,T4_compact_70pct
lightgbm,0,0.22680969743465426,0.14948293136039012,0.989695610027604,T4_compact_70pct
elasticnet,1,1.1107687637575312,0.868644957468459,0.8153464043768764,T4_compact_70pct
lightgbm,1,0.24545957757697598,0.16969268175093716,0.9909828266862898,T4_compact_70pct
elasticnet,2,1.1495766421572935,0.902658486840829,0.6706053982436462,T4_compact_70pct
lightgbm,2,0.2978393156975647,0.1660692715671551,0.9778891892997734,T4_compact_70pct
elasticnet,3,1.022956578457619,0.8128424310460093,0.8286370638550302,T4_compact_70pct
lightgbm,3,0.2708682393558417,0.12309655579258608,0.9879851413647457,T4_compact_70pct
elasticnet,4,1.1079906514652411,0.8786599306407011,0.6831578572482447,T4_compact_70pct
lightgbm,4,0.1764169614965537,0.13496150957732123,0.9919674872232234,T4_compact_70pct
elasticnet,0,1.5744141962310552,1.2797005384066797,0.5034796624323338,T5_extreme_50pct_diagnostic_only
lightgbm,0,0.2636543730444975,0.1785726396763181,0.9860758399705055,T5_extreme_50pct_diagnostic_only
elasticnet,1,1.618788104603111,1.3112342864168909,0.6078154679512527,T5_extreme_50pct_diagnostic_only
lightgbm,1,0.2962465520436602,0.18263252312117081,0.9868653936639405,T5_extreme_50pct_diagnostic_only
elasticnet,2,1.5655758458688516,1.2526544486593312,0.38907367388733893,T5_extreme_50pct_diagnostic_only
lightgbm,2,0.2754384707284923,0.17645043842968283,0.9810900747321183,T5_extreme_50pct_diagnostic_only
elasticnet,3,1.5698615025924936,1.280537916727645,0.5964241458494108,T5_extreme_50pct_diagnostic_only
lightgbm,3,0.2631693510946049,0.14539917762212795,0.98865843163712,T5_extreme_50pct_diagnostic_only
elasticnet,4,1.6030929071942988,1.304114023554243,0.33673339001199065,T5_extreme_50pct_diagnostic_only
lightgbm,4,0.2713809882111811,0.17409509126436754,0.9809922991336596,T5_extreme_50pct_diagnostic_only
elasticnet,0,0.15425484394625474,0.12190921054502883,0.9952337516348254,PartA_raw_only_no_engineered_1405
lightgbm,0,0.2598941061167372,0.1518185531292954,0.9864701834146831,PartA_raw_only_no_engineered_1405
elasticnet,1,0.13872944080579724,0.10958303185159503,0.9971196336837288,PartA_raw_only_no_engineered_1405
lightgbm,1,0.24066549277518504,0.15639107154698623,0.9913316168132303,PartA_raw_only_no_engineered_1405
elasticnet,2,0.14248797920960848,0.1174273784927881,0.994939457574321,PartA_raw_only_no_engineered_1405
lightgbm,2,0.2183771900026249,0.14431994767841594,0.9881134680422925,PartA_raw_only_no_engineered_1405
elasticnet,3,0.1477485500691735,0.11610658336408577,0.99642522303395,PartA_raw_only_no_engineered_1405
lightgbm,3,0.21028424950069205,0.1312617575414574,0.9927587092531647,PartA_raw_only_no_engineered_1405
elasticnet,4,0.14640581959113935,0.11673177507478906,0.9944679330192057,PartA_raw_only_no_engineered_1405
lightgbm,4,0.19093190481934644,0.13743538080874598,0.9905913403181688,PartA_raw_only_no_engineered_1405
