unit,cluster_size,oof_importance,cumulative_fraction
TOPSIN_ET_lkg_C385pf,72,0.6876126362916732,0.17637182976682347
MEASURE_ET_Cap1pf_0,82,0.3665947825781944,0.27040295888478894
OHMIC_ET_Rc_an_ct2,52,0.29982903071799283,0.3473087514399365
MEASURE_ET_DC_Stress_Id_stress_before,1,0.15186955990604611,0.3862631143367079
MEASURE_ET_Gm_m2,199,0.10224951897812143,0.41248999529137836
TOPSIN_ET_DC_PIV_Drain_Lag_1,11,0.0997859107188621,0.4380849636348182
MEASURE_ET_ABVIETCH,1,0.08251290136275088,0.4592494254620506
MEASURE_ET_DC_Big_S12dB_10GHz,1,0.07326136976129968,0.47804088035111303
THIN_ET_Rcat_cn_3,4,0.06956637753303843,0.49588457409403475
OHMIC_ET_Rsh_an_ct2,1,0.05879368653826601,0.5109650853094982
MEASURE_ET_DC_RF2_MAG_26GHz,1,0.04413463814702863,0.522285567911546
MEASURE_ET_DC_SMALL_Ids_m0p2,1,0.04327467549105625,0.5333854711071667
MEASURE_ET_DC_RF_CF_S12_Mag_L1002,1,0.04026807231352439,0.5437141841358005
MEASURE_ET_DC_RF2_S22dB_26GHz,1,0.03701022675994799,0.5532072636244797
SIN_ET_DC_RF_Vbin_gs,1,0.035296794310679946,0.5622608497119191
MEASURE_ET_DC_RF2_S21ang_26GHz,1,0.03300326234908734,0.5707261475577747
MEASURE_ET_DC_RF_K_W,1,0.03167733410837613,0.5788513463745973
MEASURE_ET_DC_Big_Vg_optt2,1,0.030872619977808692,0.5867701369665611
MEASURE_ET_DC_RF_Min_S21_Freq_L1018,1,0.027435932065524797,0.593807421164611
FIC_ET_DC_RF_Vbgs_0p01,1,0.027295835545293114,0.6008087707705475
MEASURE_ET_RF_Modeling_S21_25G_Before,1,0.023883291893183573,0.6069348069568126
MEASURE_ET_VIA_KLV,1,0.023735199471516883,0.613022857611682
ANODE_ET_Ran_con_1,1,0.019266022180121613,0.6179645695653216
THIN_ET_TF_AB_1,1,0.017310593794010558,0.6224047164454973
MEASURE_ET_DC_SEC_X_Ig_cut1_mAmm_pos_FPSD3p2,1,0.014757158884449085,0.6261899102846431
TOPSIN_ET_R_f_hr_3,1,0.014097990721003751,0.6298060282677402
MaskSetSupplyChipsCount,1,0.01368961487642838,0.6333173983286223
FIC_ET_DC_RF_Vg_max_Vd_0p1mA,1,0.013027394245313881,0.6366589095791009
MEASURE_ET_R414,1,0.012851320292744712,0.6399552580685277
MEASURE_ET_DC_Diode_Rs_9p5,1,0.01246905127802811,0.6431535550067901
FIC_ET_G_per_25,1,0.011744442197517128,0.6461659905710023
MEASURE_ET_HIRS,1,0.01102499402375175,0.6489938885276544
FIC_ET_Probe_Number,1,0.010969585351931346,0.6518075742253715
MEASURE_ET_DC_SEC_S_Id_mA_mm_at_Vg3_FPSD3p2,1,0.010930597502894717,0.6546112595858198
TOPSIN_ET_DC_SMALL_Vbgd_0p1,1,0.010856863232841386,0.6573960321930121
MEASURE_ET_DC_RF2_S11dB_26GHz,1,0.010572199569560056,0.6601077889065005
FIC_ET_DC_RF_Vbgs_0p1,1,0.010500355052170743,0.6628011175860611
MEASURE_ET_DC_RF_Vg_Vbon_min,1,0.01038984658501579,0.665466100974206
MEASURE_ET_RGAN1,1,0.010288121342126318,0.6681049919575942
MEASURE_ET_DC_RF_Min_S21_Freq_L1002,1,0.009884513281819407,0.6706403579498059
MEASURE_ET_DC_RD_K,1,0.00982805982455022,0.673161243696848
MEASURE_ET_DC_SEC_X_Ids_max_norm_FPSD3p2,1,0.009801664872865028,0.6756753591699313
MEASURE_ET_DC_RF2_S11ang_26GHz,1,0.009773058024212153,0.6781821370200934
MEASURE_ET_DC_SEC_X_Ig_mAmm_at_Vg_cond_neg,1,0.00975912122653174,0.6806853400980973
THIN_ET_DC_RF_Vds_max_0p1mA,1,0.009488288443390946,0.6831190748868315
FIC_ET_DC_RF_Vg_max_Vd,1,0.009363975058534415,0.6855209234390505
MEASURE_ET_DC_RF_CF_S22_Mag_L2180,1,0.009289576866340786,0.6879036889427681
MEASURE_ET_DC_RF_CF_S11_Ph_L2180,1,0.008966591672645257,0.690203609125453
MEASURE_ET_DC_SEC_X_Vg_at_I1_pos_SD3p5,1,0.008820521492943512,0.6924660624794198
FIC_ET_Bad_Gates,1,0.008819437800691816,0.6947282378676027
MEASURE_ET_DC_RF_Vbgs_0p1,1,0.008431401449297698,0.6968908823895694
MEASURE_ET_LT_SEC_Vbgd1_Vd8,1,0.008295726738587514,0.6990187265083468
MEASURE_ET_DC_SEC_X_Ig_cut1_mAmm_pos,1,0.008074292204005091,0.7010897729303156
MEASURE_ET_DC_SEC_X_Ig_cut2_mAmm_neg,1,0.0080298147707132,0.7031494109431322
MEASURE_ET_RF_Modeling_Ft,1,0.008009645622528644,0.7052038755932407
MEASURE_ET_LT_SEC_Vd_Id_min_Vd7,1,0.0075324294244167745,0.7071359348516898
THIN_ET_i5021_2,1,0.00752436958002164,0.7090659267695627
MEASURE_ET_DC_RF_Max_S11_Ph_L2180,1,0.007213438559477409,0.7109161652475914
MEASURE_ET_Rc_f_hr_23,2,0.007115519730011257,0.7127412876614146
TFRP_ET_Rsh_TFR2,1,0.007105270118463731,0.7145637810619714
MEASURE_ET_Load_Pull_P.A.E_Last,2,0.006930707802548143,0.7163414994344943
MEASURE_ET_RF_Modeling_S21_19G_After,1,0.006821562216965396,0.7180912220931164
MEASURE_ET_DC_SEC_Ids_min_ON,1,0.006761399405510409,0.7198255130615976
TOPSIN_ET_DC_SMALL_Vbin_gd,1,0.006662172427885455,0.7215343524274143
MEASURE_ET_RF_Modeling_Cgd_err,1,0.006618833028517704,0.7232320752884374
MEASURE_ET_DC_PIV_Ids0_QP1,1,0.00657808439871595,0.7249193461740032
MEASURE_ET_RGAN2,1,0.006535115786607213,0.7265955956612699
MEASURE_ET_DC_SEC_X_Ig_cut1_mAmm_neg,1,0.006516119954271138,0.728266972739959
MEASURE_ET_DC_RF2_S12dB_26GHz,1,0.0064925713517748895,0.7299323096298972
MEASURE_ET_RF_Modeling_MAG_19G_Before,1,0.006148556181568363,0.7315094070346448
MEASURE_ET_DC_Big_Vg_max_Vd_0p1mA,1,0.006050967852766905,0.7330614731482177
MEASURE_ET_DC_RF_S11ang_26GHz,1,0.006003127164337794,0.7346012681816645
MEASURE_ET_DC_RF_CF_S11_Ph_L1002,1,0.00595864709624133,0.7361296541301348
MEASURE_ET_Load_Pull_Pout_W_mm_last,2,0.005955021999233735,0.7376571102455006
MEASURE_ET_DC_SEC_X_Ig_cut3_mAmm_pos_FPSD3p2,1,0.005952364587633712,0.739183884737927
MEASURE_ET_LT_SEC_Vbgd1_Vd7,1,0.005932348569960226,0.7407055251454407
MEASURE_ET_DC_SEC_n_gs,1,0.005791456945049433,0.742191027017429
MEASURE_ET_DC_SEC_S_Id_mA_mm_at_Vg1_FPSD3p2,1,0.005721321568029236,0.7436585392479775
MEASURE_ET_DC_SEC_X_Vg_at_I3_pos,1,0.005711371531061903,0.7451234993057858
THIN_ET_C_AN_2,1,0.00569143089111762,0.7465833446129799
THIN_ET_DC_RF_Vg_optt1,1,0.005669905157471648,0.7480376685948963
MEASURE_ET_DC_SEC_X_Id_at_Vboff_mA_mm_SD3p5,1,0.005596237651789305,0.749473096948539
FIC_ET_G_per_2p75K,1,0.005413132009825045,0.7508615589210983
TOPSIN_ET_DC_SMALL_Vt_gs,1,0.005336305847840473,0.75223031507377
MEASURE_ET_RF_Modeling_Mag_m,1,0.005296912346941563,0.7535889668399488
MEASURE_ET_DC_RF_Min_S21_Ph_L1002,1,0.005192948152303858,0.7549209519128898
MEASURE_ET_i5021_3,1,0.005148593627272718,0.7562415601025024
MEASURE_ET_DC_SEC_Vbin_gs,1,0.005134072645715265,0.7575584436774815
MEASURE_ET_DC_SEC_S_Vg_at_I1_neg_FPSD3p2,1,0.0051182978831672875,0.7588712810444826
THIN_ET_DC_RF_Vg_optt3,1,0.005097839096391764,0.760178870756819
FIN_FIN_Alignment_FIN_to_ohmic_alignment,1,0.005027712729263279,0.761468473138742
SIN_ET_DC_RF_Vg_max_Vd_0p1,1,0.0050193108010072466,0.7627559204359823
MEASURE_ET_RF_Modeling_S12ang_10GHz,1,0.00499126745845484,0.7640361746489516
MEASURE_ET_DC_RF_Vboff,1,0.004980426441364637,0.7653136481538304
MEASURE_ET_DC_RF_Vg_max_Vd_0p1,1,0.0049382043757212795,0.7665802917486975
OHMIC_ET_sh_GA142,1,0.004898849270908489,0.7678368408056225
EBCR2_ET_Ids_EBCR_recess_current,1,0.004889221196169036,0.7690909202727387
MEASURE_ET_LT_SEC_Id_min_mA_mm,1,0.00481612643645691,0.7703262510202469
TOPSIN_ET_I_5,1,0.004800831153286618,0.7715576585456716
MEASURE_ET_DC_SEC_Vgs_0p1V,1,0.004770468660844638,0.7727812781276153
THIN_ET_TF_AB_2,1,0.00473158821986784,0.7739949249223309
MEASURE_ET_DC_RF_Vg_max_Vd,1,0.004715019958519033,0.7752043219775623
FIC_ET_DC_RF_Vbin_gs,1,0.004667442327813006,0.7764015154266634
SIN_GATE_ET_RGAN2,1,0.004595594127017124,0.7775802798970473
MEASURE_ET_DC_SEC_X_Id_plus_Ig_at_Vboff_mA_mm_FPSD3p2,1,0.0045918160009535925,0.7787580752825545
MEASURE_ET_DC_SEC_X_Ids_max_norm_SD3p5,1,0.004586172720160217,0.7799344231731977
MEASURE_ET_DC_SEC_X_Id_plus_Ig_at_Vboff_mA_mm_SD3p5,1,0.0045739046224165985,0.7811076243112471
MEASURE_ET_Load_Pull_ID_comp_Last_mA,1,0.004571924130690625,0.782280317455506
MEASURE_ET_DC_Big_S21ang_10GHz,1,0.004561105922953593,0.7834502357422467
TOPSIN_ET_sh_f_tn_23,1,0.004531216609773112,0.7846124874554287
MEASURE_ET_C_AN_2_OW_CR,1,0.004513218447043192,0.7857701226611097
MEASURE_ET_DC_RD_S22ang_18GHz,1,0.0045111140461280355,0.7869272180904393
MEASURE_ET_DC_Diode_S11_dB_forw,1,0.004387027189044958,0.7880524853873604
MEASURE_ET_DC_SEC_X_Id_plus_Ig_at_Vboff_mA_mm,1,0.004361004738148026,0.7891710779563351
MEASURE_ET_Load_Pull_GL_set,1,0.004351641703357678,0.7902872689179352
MEASURE_ET_RF_Modeling_Mag_i,1,0.0043327721345221976,0.7913986198573968
MEASURE_ET_Rsh_an_ct2_OW_CR,1,0.004275524579673898,0.7924952868665968
SIN_ET_DC_RF_n_gd,1,0.004269355196175418,0.7935903714362098
MEASURE_ET_R_f_tn_1,1,0.004234778316620109,0.7946765870770206
MEASURE_ET_RF_Modeling_S22ang_10GHz,1,0.004234229698040911,0.7957626619978132
MEASURE_ET_C_CAT_2,1,0.0042305400496221255,0.7968477905281405
MEASURE_ET_DC_RF_Vbgs_0p01,1,0.0042246041447641805,0.7979313965058766
MEASURE_ET_DC_RF_S11dB_26GHz,1,0.0041770173602782585,0.7990027965295488
MEASURE_ET_DC_Diode_S21_dB_forw_9p5,1,0.004166821466873153,0.8000715813185943
MEASURE_ET_DC_RF_S12ang_10GHz,1,0.004158901860043767,0.8011383347378341
TOPSIN_ET_R414,1,0.0041425412881231725,0.802200891689683
MEASURE_ET_DC_RF_CF_S21_Mag_L1018,1,0.004112681592373943,0.8032557896648093
MEASURE_ET_DC_RF_Vt_gd,1,0.004070622567904065,0.8042998995497922
THIN_Measure1_Glue_thickness,1,0.004047588517500365,0.8053381012280288
MEASURE_ET_RF_Modeling_Delta_S21_19G,1,0.003981598188094534,0.8063593764646472
MEASURE_ET_RF_Modeling_Fmax,1,0.003939809360384601,0.8073699329162722
MEASURE_ET_DC_Diode_S11_dB_forw_9p5,1,0.0039353572100745676,0.8083793473965967
MEASURE_ET_DC_SEC_Vboff_2_1,1,0.003927261258622067,0.8093866852749275
MEASURE_ET_DC_SEC_X_Bin,1,0.003918328756743445,0.8103917319770676
MEASURE_ET_DC_SEC_S_Id_mA_mm_at_Vg3_SD3p5,1,0.0038816123350255715,0.8113873609603656
TOPSIN_ET_Probe_Number,1,0.003862288591264782,0.8123780334261926
MEASURE_ET_DC_RF_S11ang_26GHz_W,1,0.003856268205457884,0.8133671616701648
MEASURE_ET_DC_Big_S11dB_10GHz,1,0.00382825631419391,0.814349104897084
THIN_ET_DC_RF_Vbgd_0p01,1,0.0038076912772186814,0.8153257732162877
OHMIC_ET_OHMC,1,0.003796200683930568,0.816299494211873
MEASURE_ET_DC_RF_Vbin_gs,1,0.003790723415544698,0.817271810294581
MEASURE_ET_DC_RF_Max_S11_Ph_L1018,1,0.0037864074825688645,0.8182430193455736
TOPSIN_ET_DC_PIV_Ids1_QP1,1,0.003766714292774051,0.8192091771166237
ANODE_ET_Ran_con_2_OW_CR,1,0.0037623285483784816,0.8201742099494118
MEASURE_ET_DC_RF_S11dB_26GHz_W,1,0.003741956383542626,0.8211340173459605
SIN_GATE_ET_sh_GA144,1,0.003729518345015661,0.8220906344003049
TOPSIN_ET_DC_RF_Vds_max,1,0.0037073671360299517,0.8230415696956849
MEASURE_ET_LT_SEC_Id_min_mA_mm_Vd8,1,0.0036994344349042876,0.8239904702625873
MEASURE_ET_C385pf,1,0.003694694915183793,0.8249381551482745
THIN_ET_KLV_F_AB_4u,1,0.003660653358715174,0.8258771084148995
MEASURE_ET_DC_RF_Vbgs1,1,0.003642985594297536,0.8268115299208008
THIN_ET_Ran_con_1_OW_CR,1,0.003602691928840201,0.8277356161490622
FIC_ET_DC_PIV_Ids1_QP3,1,0.003599701186723459,0.8286589352555
MEASURE_ET_DC_Big_Vg_max_Vd,1,0.003526016764593444,0.8295633543946156
MEASURE_ET_Load_Pull_Gain_comp_Last,1,0.0035125068754718602,0.8304643082631142
MEASURE_ET_DC_Stress_Id_max_Ig_after,1,0.0035084846649404188,0.831364230439358
TOPSIN_ET_DC_SMALL_Vds_max,1,0.003505378974794267,0.8322633560097444
MEASURE_ET_DC_SEC_S_Ig_cut1_mAmm_neg_SD3p5,1,0.00349304905874599,0.8331593189712148
MEASURE_ET_DC_RF_Max_S11_Ph_L1002,1,0.0034834235972435387,0.8340528130131687
THIN_ET_R_4000_HOR,1,0.0034763211553316894,0.8349444852871536
FIC_ET_DC_RF_Vds_max_0p1,1,0.0034225812955512003,0.8358223733505225
OHMIC_ET_R114,1,0.0034031473814656863,0.8366952766378621
MEASURE_ET_LT_SEC_Vd_Id_min_Vd3,1,0.0034022164644827877,0.8375679411460942
TOPSIN_ET_sh_GA144,1,0.003358556995181364,0.8384294070519724
THIN_ET_Vbpin,1,0.0033407645413086164,0.8392863092144289
TOPSIN_ET_Load_Pull_PhL_meas,1,0.003303358809209363,0.8401336168507438
MEASURE_ET_DC_RD_Ft,1,0.003299069219556818,0.840979824212375
TOPSIN_ET_DC_PIV_Ids0_QP3,1,0.0032963654645494214,0.8418253380640376
TOPSIN_ET_DC_RF_Vbgs1,1,0.003271230557357113,0.8426644048416665
MEASURE_ET_LT_SEC_Id_min_mA_mm_Vd3,1,0.003268564718061983,0.8435027878346621
MEASURE_ET_R_f_hr_3,1,0.0032633920787280236,0.8443398440517729
THIN_ET_C20_0,1,0.0032579861648655154,0.8451755136583573
MEASURE_ET_DC_RD_MSG_35GHz,1,0.003250862060680826,0.8460093559406254
MEASURE_ET_DC_RF_Vbon_min,1,0.0032282820962896254,0.8468374064886734
THIN_ET_sh_f_hr_23,1,0.0031903743664518786,0.8476557337487525
MEASURE_ET_DC_SEC_S_Ig_mAmm_at_Vg_cond_neg_FPSD3p2,1,0.003182660693733003,0.8484720824608819
TOPSIN_ET_Load_Pull_Gss,1,0.003154561120839608,0.849281223665724
SIN_ET_DC_RF_Vt_gd,1,0.0031110860259981033,0.8500792135600437
MEASURE_ET_DC_RF_S11dB_10GHz,1,0.0030554927320268705,0.8508629438400647
TOPSIN_ET_Vds_max,1,0.0030433518253248797,0.8516435599918438
ANODE_ET_Probe_Number,1,0.003008834678541682,0.8524153225362063
MEASURE_ET_DC_SEC_X_Vg_at_I1_pos_FPSD3p2,1,0.002990386592397328,0.8531823531682432
MEASURE_ET_DC_SEC_S_Ids_max_FPSD3p2,1,0.0029809862996853795,0.8539469726362925
TOPSIN_ET_DC_RF_Vg_max_Vd,1,0.002914357944325741,0.8546945020098193
SIN_ET_Probe_Number,1,0.002875835214748769,0.8554321503486697
MEASURE_ET_DC_RF_S21ang_26GHz_W,1,0.002839270815051792,0.8561604199621471
FIC_ET_sh_f_tn_23,1,0.0028375587929727816,0.8568882504439814
EBCR2_Ali_Litho_Gate_to_ohmic_alignment,1,0.0028183806171875603,0.8576111617463588
FIC_ET_DC_RF_Vbgs1,1,0.0028112757460572136,0.8583322506576754
MEASURE_ET_DC_SEC_S_Id_at_Vboff_mA_mm_FPSD3p2,1,0.002772640467204701,0.8590434296655595
MEASURE_ET_DC_SEC_S_Ig_cut3_mAmm_neg_SD3p5,1,0.002768160505815536,0.8597534595686339
TOPSIN_ET_R_f_hr_2,1,0.0027552728614973253,0.8604601838061493
FIC_ET_DC_RF_Vbgd_0p1,1,0.0027531036020466276,0.8611663516311755
MEASURE_ET_DC_RF_MAG_26GHz,1,0.0027270967479706967,0.8618658487288214
SIN_GATE_ET_Ran_con_2,1,0.0027226970350303836,0.8625642173052903
ANODE_ET_Ran_con_3,1,0.0026748517686946767,0.8632503136274056
MEASURE_ET_DC_SMALL_Vbgs_0p01,1,0.0026726070393422877,0.8639358341790909
MEASURE_ET_DC_RF_Min_S21_Ph_L1018,1,0.00266067243729629,0.8646182935194353
MEASURE_ET_DC_RF_S11ang_10GHz,1,0.0026405107761955666,0.8652955814175
MEASURE_ET_DC_RF_CF_S22_Ph_L1018,1,0.0025938735895817164,0.8659609069322339
MEASURE_ET_DC_RD_Vbon_max,1,0.0025612076017948403,0.8666178536596493
TOPSIN_ET_DC_SMALL_Vds_max_0p1,1,0.0025334281965054143,0.86726767500239
TOPSIN_ET_R514,1,0.0025164014366871384,0.8679131290013302
MEASURE_ET_DC_RF_Vboff_ON,1,0.0024906922993476275,0.868551988636882
MEASURE_ET_DC_SEC_S_Ig_mAmm_at_Vg_cond_pos_SD3p5,1,0.0024675939625238533,0.8691849235762965
THIN_ET_DC_RF_Vt_gs,1,0.002451846834285365,0.8698138193959007
MEASURE_ET_DC_RF_Min_S21_Freq_L2180,1,0.0024474878335442587,0.870441597136959
MEASURE_ET_DC_SMALL_Vbgd_0p1,1,0.0024443739103815476,0.8710685761604006
MEASURE_ET_DC_RF_CF_S21_Mag_L1002,1,0.0024265841452750566,0.8716909921300858
MEASURE_ET_Load_Pull_PhL_set,1,0.0024206972036476455,0.8723118981061908
MEASURE_ET_DC_SEC_X_Ron_SD3p5,1,0.002406426515715552,0.8729291436676818
TOPSIN_ET_HIRS,1,0.002387425036478135,0.8735415153721717
TOPSIN_ET_C500pf,1,0.002378544850429682,0.8741516093194197
ANODE_ET_Ran_con_1_OW_CR,1,0.002378162900882894,0.8747616052970596
MEASURE_ET_RF_Modeling_R_Gs,1,0.002366066332537131,0.8753684985191938
FMESA_ET_Vbkd,1,0.0023188017120458967,0.8759632684219484
MEASURE_ET_Load_Pull_Gss,1,0.0023064354100352747,0.8765548663828304
FIC_ET_R_f_tn_2,1,0.002272535566652015,0.8771377690738894
MEASURE_ET_DC_RF_S22dB_26GHz_W,1,0.002258406069299087,0.8777170475655514
CATHODE_ET_Rc_cat_ct2,2,0.002230078285762538,0.8782890600141655
MEASURE_ET_DC_SEC_S_Vboff_Id_plus_Ig_FPSD3p2,1,0.002215912966930874,0.8788574390752156
MEASURE_ET_DC_SMALL_Vboff,1,0.0021879337665661556,0.87941864150439
MEASURE_ET_DC_Big_S12ang_10GHz,1,0.0021869209809094576,0.8799795841552386
MEASURE_ET_DC_RF_Max_S11_Freq_L2180,1,0.002183574190906849,0.880539668358401
MEASURE_ET_RF_Modeling_Ls,1,0.0021728872600118325,0.8810970113764004
TOPSIN_ET_Load_Pull_Id_ord,1,0.002144525268113375,0.8816470795769474
TOPSIN_ET_Load_Pull_IG_comp_Last_uA,1,0.0021406391675560937,0.8821961509972874
MEASURE_ET_RF_Modeling_Lg,1,0.002114192066123461,0.8827384387673198
MEASURE_ET_DC_RF_Max_S11_Mag_L1018,1,0.002110455387076215,0.8832797680835862
FIC_ET_DC_RF_Vg_optt1,1,0.002106780493278725,0.8838201547939302
MEASURE_ET_DC_RF_S22dB_10GHz,1,0.002099076727221108,0.8843585654973716
MEASURE_ET_RF_Modeling_Cds,1,0.0020949777754764778,0.8848959248245275
THIN_ET_Ran_con_3_OW_CR,1,0.0020833404378126424,0.8854302991883057
THIN_ET_DC_RF_Vbgs_0p01,1,0.0020697034607112864,0.8859611756835503
MEASURE_ET_DC_RF_Vt_gs,1,0.002066396526930841,0.8864912039541826
FIC_ET_R114,1,0.0020528301240507855,0.8870177524584857
MEASURE_ET_DC_RD_Vboff_ON,1,0.002048367753728476,0.8875431563700671
MEASURE_ET_DC_RF_CF_S11_Ph_L1018,1,0.0020455423971820134,0.8880678355810285
MEASURE_ET_DC_SEC_S_Ig_cut2_mAmm_pos_SD3p5,1,0.0020346368833711083,0.8885897175405668
MEASURE_ET_DC_SMALL_Vbin_gs,1,0.002008513100761741,0.8891048987806942
MEASURE_ET_DC_RF_Freq_cut_L1018,1,0.0020058963951611864,0.889619408838923
MEASURE_ET_RF_Modeling_Mag_d,1,0.001992190762319558,0.8901304034185018
MEASURE_ET_DC_RD_Vg_Vbon_min,1,0.0019579790881833186,0.8906326227440372
MEASURE_ET_DC_SMALL_Vdg_max_0p1,1,0.001944763513041085,0.8911314522901442
MEASURE_ET_DC_Diode_S21_dB_rev,1,0.0019427330988116595,0.8916297610373974
MEASURE_ET_DC_RF_S12dB_10GHz,1,0.0019198953098824283,0.8921222119187409
MEASURE_ET_DC_SEC_X_Vg_at_I2_neg,1,0.0019191374301369278,0.892614468404824
MEASURE_ET_DC_SEC_S_Ids_max_norm,1,0.001918542423669929,0.8931065722724504
MEASURE_ET_DC_Diode_S11_dB_rev,1,0.001910973815699069,0.8935967348010639
CHRE_Ali_Litho_Channel_to_Ohmic_Alignment,1,0.0018811754854837198,0.8940792540931417
MEASURE_ET_DC_SEC_Vgs_1V,1,0.0018782805418165274,0.8945610308355852
MEASURE_ET_LT_SEC_Ig_Id_min_mA_mm_Vd7,1,0.0018778027598588924,0.8950426850275205
THIN_ET_R_f_tn_1,1,0.001876554746979904,0.895524019105625
MESA_ET_Probe_Number,1,0.0018678915684645595,0.8960031310886637
MEASURE_ET_DC_SEC_S_Vg_at_I2_neg_SD3p5,1,0.0018519733809034874,0.8964781600753777
TOPSIN_ET_sh_f_hr_23,1,0.0018435337509749728,0.8969510243069746
MEASURE_ET_DC_RF_S12ang_26GHz,1,0.0018387319830979886,0.8974226568907775
MEASURE_ET_RF_Modeling_Vth,1,0.001819444371498831,0.8978893422249663
TOPSIN_ET_DC_SMALL_Vdg_max,1,0.001773366994571116,0.8983442087663484
MEASURE_ET_DC_SEC_X_Vg_at_I3_pos_SD3p5,1,0.0017712389204747384,0.898798529459236
MEASURE_ET_DC_RF_CF_S21_Ph_L2180,1,0.0017490553288775333,0.8992471600870576
MEASURE_ET_DC_SEC_X_Id_mA_mm_at_Vg3_SD3p5,1,0.0017247050183639167,0.8996895448889678
TOPSIN_ET_G2_per_6K,1,0.0017197525504403226,0.9001306593887
MEASURE_ET_DC_Big_Vg_optt1,1,0.0016820395547246971,0.9005621005495357
MEASURE_ET_RF_Modeling_Rd,1,0.001679940599794373,0.9009930033309086
MEASURE_ET_DC_SEC_S_Vboff_Id,1,0.0016780119751042117,0.9014234114223245
FIC_ET_G_per_15,1,0.0016658416124685587,0.9018506978300865
MEASURE_ET_DC_SEC_X_Ig_cut3_mAmm_pos,1,0.0016490200182111396,0.9022736695187723
MEASURE_ET_DC_SEC_S_Vg_at_I3_neg_SD3p5,1,0.0016450452601600753,0.9026956216867086
MEASURE_ET_R_4000_VER,1,0.0016446226408944776,0.9031174654533021
TOPSIN_ET_DC_PIV_Ids1_QP3,1,0.001640808457764859,0.9035383308864238
SIN_ET_DC_RF_n_gs,1,0.0016327588363304782,0.9039571316011469
MEASURE_ET_DC_SEC_S_Ids_max,1,0.0016265338340559893,0.9043743356101325
MEASURE_ET_i5021_1,1,0.0016232413442744717,0.9047906950993746
MEASURE_ET_RF_Modeling_S12dB_10GHz,1,0.0016213446527966954,0.905206568089491
MEASURE_ET_DC_RF_CF_S22_Ph_L1002,1,0.0016069030594838374,0.9056187368279649
THIN_ET_DC_RF_Vt_gd,1,0.0015988507767826427,0.9060288401654284
MEASURE_ET_DC_SEC_S_Vg_at_I3_neg_FPSD3p2,1,0.0015687238881230913,0.906431215991503
MEASURE_ET_DC_Diode_S21_dB_forw,1,0.0015499385798397915,0.9068287734081711
MEASURE_ET_DC_SEC_X_Ids_max_FPSD3p2,1,0.0015463360477659728,0.9072254067796137
SIN_ET_DC_RF_Vbgs1,1,0.0015321592754100784,0.9076184038256769
MEASURE_ET_TF_AB_2,1,0.0015271067483894948,0.9080101049045216
TOPSIN_ET_DC_SMALL_Vbgs1,1,0.0015179958839945673,0.9083994690574007
MEASURE_ET_DC_RD_S22dB_18GHz,1,0.0015167610276426117,0.9087885164710827
THIN_ET_Rsh_F_AB_2,1,0.0015142255125910145,0.9091769135281461
MEASURE_ET_DC_RF_Vds_max_0p1,1,0.001512320707121029,0.9095648220048542
MEASURE_ET_C20_0,1,0.0015000594545507523,0.9099495854847475
MEASURE_ET_DC_SMALL_Vdg_max,1,0.001499288805318365,0.910334151294022
MEASURE_ET_DC_SEC_X_Vboff_Id_plus_Ig,1,0.0014967006420338637,0.9107180532424682
MEASURE_ET_DC_SEC_X_Vboff_Id_plus_Ig_FPSD3p2,1,0.0014912528561621962,0.9111005578402673
MEASURE_ET_DC_SEC_S_Ron_FPSD3p2,1,0.0014879272737701454,0.9114822094301074
MEASURE_ET_DC_SEC_X_Ron_FPSD3p2,1,0.0014866359982409442,0.9118635298092981
MEASURE_ET_DC_SEC_S_Vg_at_I2_pos,1,0.001480433286330411,0.9122432592002033
TOPSIN_ET_DC_SMALL_Vbgs_0p1,1,0.0014775176382435754,0.912622240730815
THIN_ET_Er,1,0.0014635020110667636,0.9129976272695955
MEASURE_ET_DC_SEC_X_Ron,1,0.0014624640776952455,0.9133727475796911
MEASURE_ET_RF_Modeling_S11ang_10GHz,1,0.0014607451470783387,0.913747426986112
FIC_ET_Vds_max,1,0.0014595871407980482,0.9141218093652884
MEASURE_ET_DC_RF_Vdg_max,1,0.001453544750782566,0.9144946418785564
MEASURE_ET_DC_RF_S12dB_26GHz_W,1,0.0014414009802816278,0.9148643595290217
FIC_ET_DC_RF_Vdg_max_0p1mA,1,0.0014377267523227647,0.9152331347443514
MEASURE_ET_LT_SEC_Vbgd1_Vd3,1,0.0014325248723891086,0.9156005756836167
MEASURE_ET_DC_SEC_X_Ig_cut2_mAmm_pos_SD3p5,1,0.001424538568386383,0.9159659681453299
MEASURE_ET_DC_SEC_Ids_max_ON,1,0.0014219382740551633,0.9163306936346157
MEASURE_ET_DC_SEC_S_Id_at_Vboff_mA_mm_SD3p5,1,0.0014070443253600923,0.9166915988436374
MEASURE_ET_DC_RF_Max_S11_Mag_L2180,1,0.0014009619817887686,0.9170509439387107
MEASURE_ET_DC_RF_CF_S12_Ph_L1018,1,0.0013863997575439702,0.9174065538404499
MEASURE_ET_DC_RF_CF_S11_Mag_L2180,1,0.0013838035552111078,0.9177614978193545
SIN_Thickness2_RefractiveIndex,1,0.0013792812899174993,0.9181152818425479
MEASURE_ET_DC_SEC_S_Id_at_Vboff_mA_mm,1,0.0013749744049145402,0.9184679611548205
MEASURE_ET_DC_SEC_S_Ig_cut2_mAmm_neg_FPSD3p2,1,0.0013722277327954128,0.918819935948936
FIC_ET_Ig_mAmm_at_Vd_cond,1,0.0013557536513133155,0.919167685160592
MEASURE_ET_DC_RF_Vbin_gd,1,0.0013511782050495767,0.9195142607756808
MEASURE_ET_LT_SEC_Vd_Id_min,1,0.001341075951763053,0.9198582451747231
MEASURE_ET_DC_RF_S22dB_26GHz,1,0.0013337515301546023,0.9202003508682665
THIN_ET_DC_RF_Vbgd1,1,0.001332281758169632,0.92054207956703
MEASURE_ET_DC_RF_CF_S21_Ph_L1002,1,0.0013317074264764407,0.9208836609503921
MEASURE_ET_DC_SEC_Vds_min_ON,1,0.001314824824348996,0.9212209119662313
GATE2_Ali_Litho_Gate_to_recess_alignment,1,0.001305181614337168,0.9215556895100825
MEASURE_ET_DC_SEC_X_Vg_at_I2_pos,1,0.0012870105454727957,0.9218858061962132
MEASURE_ET_DC_SEC_S_Ig_cut1_mAmm_neg_FPSD3p2,1,0.0012840193042494826,0.9222151556325001
FIC_ET_DC_RF_Vt_gd,1,0.0012772629476324713,0.9225427720712878
FIC_ET_DC_PIV_Ids1_QP2,1,0.0012744484609273157,0.922869666597557
MEASURE_ET_DC_Big_S22ang_10GHz,1,0.0012723327700420901,0.9231960184516108
SIN_ET_DC_RF_Vbgs_0p01,1,0.0012692680398673905,0.9235215842059914
TOPSIN_ET_DC_RF_Vdg_max,1,0.0012646597719833826,0.923845967945098
MEASURE_ET_DC_SEC_X_Vboff_Id,1,0.001264143295388097,0.9241702192085672
MEASURE_ET_sh_GA144,1,0.0012597122994999744,0.9244933339268202
TOPSIN_ET_R_f_tn_1,1,0.0012583691545846724,0.9248161041299875
MEASURE_ET_DC_RD_S12dB_18GHz,1,0.0012562139784987824,0.9251383215330319
FIC_ET_DC_RF_Vdg_max,1,0.0012541720437148187,0.925460015182214
MEASURE_ET_RF_Modeling_R_Gg,1,0.0012458408672112473,0.9257795718944545
TOPSIN_ET_Vdg_max,1,0.001241952752135937,0.9260981313097664
MEASURE_ET_DC_RF2_Ft,1,0.001232079347550591,0.9264141582084536
MEASURE_ET_RF_Modeling_ids_m0p2_W,1,0.0012314970472485913,0.9267300357478006
MEASURE_ET_G_per_6K,1,0.0012310200241916662,0.9270457909312964
TOPSIN_ET_R_f_tn_3,1,0.0012304952404821547,0.9273614115083899
THIN_ET_Rc_f_tn_23,1,0.0012220901216899733,0.927674876182432
MEASURE_ET_DC_RF_CF_S12_Mag_L1018,1,0.001221416325389074,0.927988168028518
SIN_ET_DC_RF_Vds_max_0p1mA,1,0.0012192912717521594,0.9283009148008541
MEASURE_ET_DC_RF_MAG_35GHz,1,0.0012130118623123064,0.928612050912079
MEASURE_ET_DC_Diode_Rs,1,0.0012099602655815471,0.9289224042923436
MEASURE_ET_Vbpin_D60,1,0.0012011182712062475,0.9292304897114853
MEASURE_ET_DC_SEC_X_Vboff_Id_plus_Ig_SD3p5,1,0.0011953846214756434,0.9295371044562372
TOPSIN_ET_OHMC,1,0.0011913265354754044,0.929842678306719
MEASURE_ET_RF_Modeling_MAG_19G_After,1,0.0011864857454996288,0.9301470105002845
MEASURE_ET_DC_RF2_MAG_35GHz,1,0.0011809103572030378,0.9304499126133313
MEASURE_ET_DC_Diode_S11_dB_rev_9p5,1,0.0011782122227998269,0.9307521226580878
MEASURE_ET_DC_Big_S11ang_10GHz,1,0.0011732639699474445,0.931053063481827
THIN_ET_C_AN_2_OW_CR,1,0.001170623676954221,0.9313533270735292
THIN_ET_DC_RF_Vbgs1,1,0.001164459342656395,0.9316520095207586
MEASURE_ET_DC_SEC_X_Ig_cut3_mAmm_pos_SD3p5,1,0.001153488137525344,0.9319478778668188
MEASURE_ET_DC_RD_S21ang_18GHz,1,0.0011439217296199248,0.9322412924405403
TOPSIN_ET_DC_RF_Vbgd_0p01,1,0.0011435549800887213,0.93253461294344
TOPSIN_ET_Load_Pull_Freq,1,0.0011404091409786953,0.9328271265423204
SIN_ET_DC_RF_Vt_gs,1,0.0011392491072734913,0.9331193425939242
MEASURE_ET_RF_Modeling_S21_25G_After,1,0.001135954712348038,0.9334107136371173
BRGM_ET_Probe_Number,1,0.0011328713901545163,0.9337012938118063
MEASURE_ET_DC_SEC_S_Ig_mAmm_at_Vg_cond_pos_FPSD3p2,1,0.0011310730863047873,0.9339914127236801
THIN_ET_sh_GA142,1,0.0011299454055971687,0.9342812423867831
MEASURE_ET_DC_PIV_Ids0_QP3,1,0.0011278613028442527,0.9345705374799893
TOPSIN_ET_DC_RF_Vbgd1,1,0.0011145735485202813,0.9348564242798922
MEASURE_ET_DC_SEC_S_Vg_at_I1_neg_SD3p5,1,0.0011143597186430325,0.935142256232684
MEASURE_ET_Rc_OG144,1,0.0011054471574548498,0.9354258021240485
MEASURE_ET_RF_Modeling_S21dB_10GHz,1,0.0011033677061314388,0.9357088146386026
MEASURE_ET_DC_SMALL_Vg_max_Vd,1,0.0010942328331760899,0.9359894840690234
SIN_ET_DC_RF_Vbgd1,1,0.0010926111600450075,0.9362697375421999
MEASURE_ET_DC_SEC_Vgs_back_0p5V,1,0.0010829756967996756,0.9365475195304247
MEASURE_ET_DC_SEC_S_Ig_cut2_mAmm_neg_SD3p5,1,0.001080274197168411,0.936824608587182
THIN_ET_OHMC,1,0.0010795470756380047,0.9371015111381249
MEASURE_ET_DC_RF2_S12ang_26GHz,1,0.001079000114032795,0.9373782733940613
MEASURE_ET_RF_Modeling_Tau_err,1,0.0010757509863319025,0.9376542022525769
MEASURE_ET_DC_SEC_Vboff_1,1,0.0010739451638694408,0.9379296679197618
MEASURE_ET_DC_SEC_Vboff_Vds_min_ON,1,0.0010721671331222773,0.9382046775241584
FIC_ET_GT_lin25,1,0.0010694750913315834,0.9384789966230124
MEASURE_ET_DC_RF_Min_S21_Ph_L2180,1,0.00106548502081942,0.9387522922734887
FIC_ET_DC_RF_n_gd,1,0.0010593459532050743,0.9390240132603664
THIN_ET_Probe_Number,1,0.0010439575557994153,0.9392917871414693
MEASURE_ET_Ran_con_1,1,0.0010374238282331283,0.9395578851291619
MEASURE_ET_DC_RD_S11ang_18GHz,1,0.0010273699356766228,0.9398214043052782
MEASURE_ET_DC_RF_Vbon_max,1,0.0010250938662902918,0.9400843396722827
MEASURE_ET_RF_Modeling_S21ang_10GHz,1,0.0010191864355502667,0.9403457597902738
THIN_ET_DC_RF_Vbin_gs,1,0.0010156602879868293,0.9406062754555761
MEASURE_ET_DC_Diode_Vbpin,1,0.0010043522873287136,0.9408638906320538
MEASURE_ET_R_660_VER,1,0.0010000149853246366,0.941120393295686
FIC_ET_DC_PIV_Ids0_QP2,1,0.000986122889650048,0.9413733326531715
FIC_ET_DC_RF_n_gs,1,0.0009849210853070897,0.9416259637492612
ANODE_ET_C_AN_2,1,0.0009825768008551753,0.9418779935391555
SIN_ET_DC_RF_Vg_max_Vd,1,0.0009786830251902012,0.9421290245801867
FIC_ET_HIRS,1,0.0009781571261383835,0.9423799207287317
MEASURE_ET_DC_SEC_X_Id_mA_mm_at_Vg3_FPSD3p2,1,0.0009771072813842745,0.9426305475933363
MEASURE_ET_I_5,1,0.000976683922414468,0.9428810658668646
MEASURE_ET_DC_RF_Min_S21_Mag_L1018,1,0.0009754877055456173,0.9431312773121777
TOPSIN_ET_DC_SMALL_Vbgd_0p01,1,0.0009740541056031599,0.9433811210407975
MEASURE_ET_DC_Stress_Id_max_Ig_before,1,0.0009730872336482718,0.9436307167679018
MEASURE_ET_DC_RD_S21dB_18GHz,1,0.0009719425064067911,0.9438800188738194
MEASURE_ET_DC_RF2_S22ang_26GHz,1,0.0009673654637367482,0.9441281469736936
MEASURE_ET_DC_Stress_Id_stress_after,1,0.0009655372303384532,0.9443758061338585
MEASURE_ET_Load_Pull_Pin_Last,1,0.0009618574431850535,0.9446225214329611
THIN_ET_DC_RF_Vbgs_0p1,1,0.0009616614629026193,0.9448691864633524
MEASURE_ET_LT_SEC_Vg_Id_min,1,0.0009376892473458576,0.9451097026487427
TOPSIN_ET_sh_GA142_GN,1,0.000935810066661993,0.9453497368265051
OHMIC_ET_Ran_con_1,1,0.000934057584351352,0.9455893214946232
FIC_ET_OHMC,1,0.0009259287587061792,0.9458268211285558
MEASURE_ET_DC_RF_Min_S21_Mag_L1002,1,0.0009241583602821714,0.9460638666573818
SIN_ET_DC_RF_Vds_max_0p1,1,0.0009225401307057851,0.9463004971122312
TOPSIN_ET_RGAN2,1,0.0009212930844425049,0.9465368077011858
MEASURE_ET_DC_SEC_X_Vg_at_I2_neg_SD3p5,1,0.0009209239033659198,0.9467730235956298
FIC_ET_G_per_6K,1,0.0009201272232039322,0.9470090351425523
TOPSIN_ET_DC_RF_Vbin_gs,1,0.0009180908712669194,0.9472445243676062
MEASURE_ET_DC_RF_S12dB_26GHz,1,0.0009153959916348622,0.9474793223592147
MEASURE_ET_DC_SEC_X_Vg_at_I2_neg_FPSD3p2,1,0.0009140186549474776,0.9477137670655882
MEASURE_ET_RF_Modeling_K,1,0.000913852989964096,0.947948169279089
THIN_ET_TF_AB_3,1,0.0009080886579278917,0.9481810929482248
MEASURE_ET_VIA_KLV_2,1,0.000905118507057882,0.9484132547771676
THIN_ET_C_CAT_2,1,0.0009030532130451585,0.9486448868606333
MEASURE_ET_RF_Modeling_L_Gg,1,0.0008974793842694824,0.9488750892635957
VIA_Etch_Via_etch_end_point_time,1,0.0008953746778002652,0.9491047518118323
THIN_ET_DC_RF_Vg_max_Vd,1,0.0008880125272475153,0.9493325259771402
GATE2_ET_Ids2_Gate_recess_current,1,0.0008850367942256828,0.9495595368704396
MEASURE_ET_DC_SMALL_Vbgd_0p01,1,0.000879149905653072,0.9497850377837672
SIN_GATE_ET_R514,1,0.0008789454554911745,0.9500104862558696
MEASURE_ET_R_f_tn_3,1,0.0008779373103377805,0.9502356761399298
MEASURE_ET_DC_SEC_X_Ids_max_SD3p5,1,0.0008757254059728981,0.9504602986731306
TOPSIN_ET_C500pf_0,1,0.0008682572126063074,0.950683005623546
MEASURE_ET_DC_RF_CF_S12_Mag_L2180,1,0.0008638896028938216,0.9509045922872243
TOPSIN_ET_DC_PIV_Ids0_QP2,1,0.0008602767276763741,0.9511252522526729
MEASURE_ET_DC_RF_S22ang_26GHz,1,0.0008587176307438901,0.951345512311598
CATHODE_ET_Probe_Number,1,0.0008565719871634969,0.951565222015477
MEASURE_ET_DC_SEC_X_Ig_cut2_mAmm_pos_FPSD3p2,1,0.0008549962310152364,0.9517845275397634
FIC_ET_DC_RF_Vbin_gd,1,0.0008523003844959198,0.9520031415825989
MEASURE_ET_DC_RF_CF_S12_Ph_L1002,1,0.0008510217500384878,0.9522214276572051
MEASURE_ET_DC_SEC_X_Id_mA_mm_at_Vg2,1,0.0008475496901412357,0.9524388231525448
TOPSIN_ET_R_f_tn_2,1,0.0008459118130280917,0.9526557985343379
THIN_ET_R_400_VER,1,0.00083574650489614,0.9528701665265911
MEASURE_ET_LT_SEC_Vbgd1,1,0.0008202077557015227,0.9530805488480129
TOPSIN_ET_Ids_m2,1,0.0008179440029034557,0.9532903505195134
TOPSIN_ET_R_f_hr_1,1,0.0008135456235241539,0.9534990240118936
MEASURE_ET_RF_Modeling_Gds_err,1,0.000812527743172445,0.9537074364191648
MEASURE_ET_DC_SEC_X_Ig_mAmm_at_Vg_cond_pos_SD3p5,1,0.0008119583176913372,0.9539157027694721
FIC_ET_DC_RF_Vbgd1,1,0.0008100139386147303,0.9541234703888407
MEASURE_ET_RF_Modeling_S11dB_10GHz,1,0.000804105062971523,0.9543297223885799
MEASURE_ET_DC_SEC_X_Vg_at_I1_pos,1,0.0008038342584242615,0.9545359049272722
MEASURE_ET_DC_SEC_X_Id_mA_mm_at_Vg1,1,0.0007959685243585626,0.954740069914459
SIN_GATE_ET_Probe_Number,1,0.0007943140688540134,0.9549438105357613
MEASURE_ET_DC_RF_Vdg_max_0p1,1,0.0007911210753157672,0.955146732157989
MEASURE_ET_DC_RF_Ids_m0p2,1,0.000790690736060644,0.9553495433987055
MEASURE_ET_DC_SMALL_Vbgd1,1,0.0007905215327753212,0.9555523112389791
SIN_ET_DC_RF_Vg_optt2,1,0.0007857457213534938,0.9557538540892588
MEASURE_ET_DC_RF_CF_S22_Ph_L2180,1,0.000785299238797261,0.9559552824172898
MEASURE_ET_C385pf_0,1,0.0007809199873215955,0.9561555874724851
MEASURE_ET_OHMC,1,0.0007784758083172549,0.95635526559865
MEASURE_ET_DC_SEC_S_Ig_cut3_mAmm_pos_SD3p5,1,0.0007779742381280911,0.9565548150726535
MEASURE_ET_DC_PIV_Gate_Lag_0,1,0.0007779351989111331,0.9567543545331438
THIN_ET_Rsh_an_ct2,1,0.000773131386678455,0.9569526618214654
MEASURE_ET_R_4000_HOR,1,0.0007729868842140982,0.9571509320450753
FIC_ET_R214,1,0.0007727159936479781,0.9573491327855748
THIN_ET_DC_RD_Vboff,1,0.0007717888306345094,0.9575470957098553
MEASURE_ET_DC_SEC_X_Ig_cut3_mAmm_neg_SD3p5,1,0.0007626139645483783,0.957742705291812
THIN_ET_Ran_con_2,1,0.0007592964389206848,0.9579374639323601
MEASURE_ET_Probe_Number,1,0.000755442102765569,0.9581312339402329
MEASURE_ET_DC_SMALL_Vbin_gd,1,0.000754321990823086,0.9583247166407143
OHMIC_ET_R314,1,0.0007468666300107763,0.9585162870499453
MEASURE_ET_DC_Big_S22dB_10GHz,1,0.0007414352094595922,0.9587064643062144
SIN_GATE_ET_OHMC_GN,1,0.0007370308728935797,0.9588955118553518
MEASURE_ET_DC_SMALL_Vg_optt,1,0.0007356736207780704,0.9590842112709234
THIN_ET_DC_RF_Vbgd_0p1,1,0.00073558845506418,0.9592728888415898
SIN_ET_DC_RF_Vbgs_0p1,1,0.0007316755746506893,0.9594605627630476
MEASURE_ET_R_660_HOR,1,0.0007274305929791683,0.9596471478517161
MEASURE_ET_DC_SEC_X_Bin_SD3p5,1,0.0007247679997956556,0.9598330499883752
MEASURE_ET_DC_SEC_S_Vg_at_I3_pos_SD3p5,1,0.0007204152994387,0.9600178356625292
MEASURE_ET_Ids_m2,1,0.0007180384890984022,0.9602020116876359
MEASURE_ET_R_f_hr_2,1,0.0007128157655626688,0.9603848480903189
TOPSIN_ET_C385pf,1,0.0007117298161384919,0.9605674059482561
MEASURE_ET_DC_SEC_X_Vboff_Id_FPSD3p2,1,0.0007105443016759985,0.9607496597231326
TOPSIN_ET_DC_RF_Vbin_gd,1,0.0007097035471440906,0.960931697845464
TOPSIN_ET_TR_1F,1,0.0007065307337003934,0.9611129221448911
MEASURE_ET_DC_RD_S12ang_18GHz,1,0.0007062225021549787,0.9612940673832906
TOPSIN_ET_DC_PIV_Ids0_QP1,1,0.0007000232103872114,0.9614736225106674
MEASURE_ET_OHMC_GN,1,0.0006980257551625424,0.9616526652931362
TOPSIN_ET_C450pf_0,1,0.0006961414215148726,0.9618312247462482
MEASURE_ET_DC_PIV_Ids1_QP1,1,0.0006930761804867917,0.9620089979686536
BRGM_Height3_TOP_metal_thickness,1,0.000691797182554233,0.9621864431295987
MEASURE_ET_DC_Stress_Stress_time,1,0.000685810949281041,0.9623623528287734
SIN_GATE_ET_OHMC,1,0.0006818589616013517,0.962537248847772
SIN_Thickness1_RefractiveIndex,1,0.0006813325557054751,0.9627120098442795
THIN_ET_Vbpin_D60,1,0.0006789244837584609,0.9628861531731744
MEASURE_ET_DC_Big_Vds_max_0p1mA,1,0.0006739864732431797,0.9630590299081992
SIN_GATE_ET_RGAN3,1,0.0006731311263036574,0.9632316872477436
SIN_ET_DC_RF_Vdg_max,1,0.0006730886754107055,0.9634043336986838
THIN_ET_Rsh_an_ct2_OW_CR,1,0.0006712059450255023,0.9635764972315022
MEASURE_ET_DC_RF_MAG_35GHz_W,1,0.0006703406745207801,0.9637484388234573
SIN_ET_DC_RF_Vdg_max_0p1mA,1,0.0006695837496432446,0.9639201862650744
FIC_ET_DC_RF_Vg_optt,1,0.0006628948743969328,0.9640902180180843
MEASURE_ET_DC_SEC_S_Vg_at_I3_pos_FPSD3p2,1,0.0006620394737655368,0.9642600303618417
SIN_GATE_ET_RGAN1,1,0.0006577232246448828,0.9644287355927932
MEASURE_ET_RF_Modeling_Ld,1,0.0006569249385663331,0.9645972360643077
FIC_ET_Gate_res,1,0.0006553280738043545,0.964765326941895
MEASURE_ET_RF_Modeling_S21_19G_Before,1,0.0006538345127708821,0.9649330347228398
TOPSIN_ET_Load_Pull_GL_meas,1,0.000647734676276326,0.9650991779029221
MEASURE_ET_Load_Pull_Id_ini,1,0.0006425259420734583,0.9652639850488282
MEASURE_ET_RF_Modeling_S22dB_10GHz,1,0.0006415443648227152,0.9654285404213278
TOPSIN_ET_G_per_6K,1,0.0006414747096684262,0.9655930779273624
ANODE_ET_Rsh_an_ct2_OW_CR,1,0.0006404224052980906,0.9657573455185678
THIN_ET_DC_RF_Vdg_max_0p1mA,1,0.0006397188893133454,0.9659214326587535
THIN_ET_R214,1,0.0006365904653852316,0.9660847173618934
TOPSIN_ET_DC_SMALL_Vbgd1,1,0.0006339123295994261,0.9662473151263646
TOPSIN_ET_DC_PIV_Ids1_QP2,1,0.0006311467927754277,0.9664092035339041
MEASURE_ET_DC_SEC_X_Id_at_Vboff_mA_mm_FPSD3p2,1,0.0006256891537509331,0.9665696920634742
MEASURE_ET_DC_RF_CF_S11_Mag_L1018,1,0.0006179925712068571,0.9667282064287044
TOPSIN_ET_Load_Pull_Pin_Last,1,0.0006150167489821499,0.9668859574990457
MEASURE_ET_Vk,1,0.0006125099155724923,0.9670430655695758
TOPSIN_ET_Vg_Vds_max,1,0.0006102998418275853,0.9671996067587982
TOPSIN_ET_C175pf,1,0.0006102442430604054,0.9673561336870026
THIN_ET_C_CAT_2_OW_ST,1,0.0006098768853315853,0.9675125663883831
MEASURE_ET_Load_Pull_Pin_Cut,1,0.0006038551730530911,0.9676674545276702
MEASURE_ET_DC_SEC_S_Vg_at_I1_neg,1,0.000595078681803938,0.967820091507309
MEASURE_ET_DC_SEC_Vt_gs,1,0.0005926444113068764,0.9679721040994378
MEASURE_ET_DC_SEC_S_Vg_at_I1_pos_FPSD3p2,1,0.0005883040694871451,0.9681230033990118
MEASURE_ET_DC_RF_Vg_max_Vd_0p1mA,1,0.0005866043149406897,0.9682734667135506
MEASURE_ET_DC_RF_Freq_cut_L1002,1,0.000581817616852872,0.9684227022456786
MEASURE_ET_DC_SEC_S_Id_mA_mm_at_Vg2,1,0.0005816351208086159,0.9685718909677866
CHRE_CD_2_Channel_recess_CD_Etch,1,0.0005769117089457552,0.9687198681403258
GATE2_CD_330nm_Gate_Win_Length,1,0.0005756458782543982,0.9688675206287864
HIRS_M_Gauge_P_E_MoSi,1,0.0005708300569922938,0.9690139378647765
MEASURE_ET_C500pf,1,0.0005701208660974717,0.9691601731941388
TANR_M_Gauge_P_E_TaN,1,0.0005679025031443852,0.9693058395160217
TOPSIN_ET_KLV_F_AB_4u_FEMSO,1,0.000567800827857307,0.9694514797583133
MEASURE_ET_Rsh_an_ct2,1,0.0005660265733747445,0.9695966649064238
MEASURE_ET_Load_Pull_Vg,1,0.0005649137108455075,0.969741564606609
MEASURE_ET_DC_SEC_X_Ig_cut2_mAmm_pos,1,0.0005609964523563391,0.9698854595346144
MEASURE_ET_DC_SEC_S_Vg_at_I1_pos_SD3p5,1,0.0005588157107619318,0.9700287951049742
MEASURE_ET_DC_SEC_S_Ig_cut3_mAmm_neg_FPSD3p2,1,0.0005569149802704859,0.9701716431402061
MEASURE_ET_DC_Stress_Ig_max_after,1,0.000550206914696276,0.9703127705645342
MEASURE_ET_DC_RF_CF_S21_Mag_L2180,1,0.0005470815347207081,0.9704530963325869
SIN_ET_DC_RF_Vdg_max_0p1,1,0.0005460444444045123,0.9705931560881973
MEASURE_ET_DC_SEC_S_Ids_max_norm_FPSD3p2,1,0.0005415006902190893,0.9707320503762212
SIN_CAPACITOR_ThicknessGN1_RefractiveIndex,1,0.0005391900241114182,0.9708703519811152
SIN_ET_DC_RF_Vg_max_Vd_0p1mA,1,0.0005388068945505564,0.971008555313729
CATHODE_ET_C_CAT_2_OW_ST,1,0.0005375102078729794,0.9711464260477402
MEASURE_ET_RF_Modeling_Delta_MAG_25G,1,0.0005369784127145057,0.9712841603769208
MEASURE_ET_DC_SEC_X_Ig_cut1_mAmm_pos_SD3p5,1,0.0005336721319327009,0.9714210466489825
GATE2_CD_310nm_Gate_Win_Length,1,0.0005320509600925277,0.9715575170923804
MEASURE_ET_DC_RF_K,1,0.0005302604311644328,0.9716935282672212
MEASURE_ET_DC_SEC_X_Ig_cut3_mAmm_neg_FPSD3p2,1,0.0005282714529441506,0.9718290292714957
MEASURE_ET_DC_SEC_X_Id_mA_mm_at_Vg2_FPSD3p2,1,0.0005259975960999975,0.971963947034173
MEASURE_ET_DC_Big_MAG_10GHz,1,0.0005235626874471655,0.9720982402456543
TOPSIN_ET_DC_SMALL_Vt_gd,1,0.0005219299273807154,0.9722321146561053
MEASURE_ET_DC_SEC_S_Ig_cut1_mAmm_pos,1,0.0005213750541942404,0.9723658467422388
MEASURE_ET_DC_RF_Vg_optt,1,0.0005210142696271666,0.9724994862875566
MEASURE_ET_DC_RF_Max_S11_Freq_L1002,1,0.0005204105210972193,0.9726329709720889
FIC_ET_Vg_Vds_max,1,0.0005202837913078646,0.9727664231505798
THIN_Measure2_Thickness_after_grinding,1,0.0005181595285947726,0.9728993304581917
MEASURE_ET_DC_SEC_X_Vg_at_I3_neg,1,0.0005171673425131715,0.9730319832712444
MEASURE_ET_DC_RF_CF_S12_Ph_L2180,1,0.0005135473803208521,0.9731637075682666
MEASURE_ET_DC_SEC_X_Ids_max,1,0.0005130288984606103,0.9732952988753036
MEASURE_ET_sh_f_tn_23,1,0.0005090374462818286,0.973425866379567
SIN_Thickness1_SiN_Thickness_1st,1,0.0005083003341946551,0.9735562448154499
MEASURE_ET_RF_Modeling_MAG_25G_After,1,0.0005076634038590404,0.9736864598794533
FMESA_ET_Probe_Number,1,0.0005049665622662438,0.9738159832067707
GATE2_CD_330nm_Gate_Leg_Length,1,0.0005025426044999732,0.9739448847917814
MEASURE_ET_Gate_res,1,0.0004996985859849533,0.9740730568893994
MEASURE_ET_DC_SEC_Vg_max_ON,1,0.0004980518190284176,0.9742008065932362
TOPSIN_ET_DC_RF_Vds_max_0p1,1,0.0004955544664793473,0.9743279157290913
MEASURE_ET_R_f_hr_1,1,0.0004920860481713526,0.9744541352197434
MEASURE_ET_RF_Modeling_Ft_ext,1,0.0004885531053462803,0.9745794485147301
THIN_ET_R114,1,0.0004837223992011157,0.9747035227392911
FP2_Height2_FP2_Height2,1,0.0004820629605003141,0.9748271713197837
MEASURE_ET_DC_SEC_X_Ig_mAmm_at_Vg_cond_pos,1,0.0004817855227040932,0.974950748737809
TOPSIN_ET_DC_SMALL_n_gs,1,0.00048159030321506715,0.9750742760822656
MEASURE_ET_C175pf_0,1,0.0004791026874819749,0.9751971653562225
TOPSIN_ET_Load_Pull_Gain_comp_Last,1,0.00047535483865690596,0.9753190933113783
MEASURE_ET_RF_Modeling_Cds_err,1,0.0004750957395924153,0.97544095480793
MEASURE_ET_DC_SEC_S_Ids_max_norm_SD3p5,1,0.000474035388103199,0.9755625443255761
SIN_ET_DC_RF_Ids_m0p2,1,0.000469117669051545,0.9756828724540887
MEASURE_ET_Load_Pull_Pout_W_last,1,0.0004686977532007843,0.975803092874681
SIN_ET_DC_RF_Vbin_gd,1,0.00046471190815622094,0.975922290930723
SIN_ET_DC_RF_Vg_optt3,1,0.0004585903743167028,0.9760399188205592
MEASURE_ET_DC_SEC_Vds_max_ON,1,0.0004557334498078304,0.9761568139126302
FIC_ET_TANR,1,0.00045402338994309703,0.976273270376364
MEASURE_ET_DC_SEC_X_Ig_cut2_mAmm_neg_SD3p5,1,0.0004448920983691875,0.9763873846745849
TOPSIN_ET_Load_Pull_Id_SS,1,0.00044392568576974163,0.9765012510891143
MEASURE_ET_Ran_con_2_OW_CR,1,0.00044305651610844845,0.9766148945626514
THIN_ET_DC_RF_Vbin_gd,1,0.00044222211654608104,0.9767283240136854
MEASURE_ET_DC_SMALL_Vg_max_Vd_0p1,1,0.00044176408461518485,0.9768416359800696
MESA_CD_Mesa_CD_Radius,1,0.00044175985677807634,0.9769549468620184
THIN_ET_TFR_AB,1,0.0004411220820846666,0.9770680941555113
TOPSIN_ET_R114,1,0.00043999720016771836,0.9771809529181198
THIN_ET_DC_RF_Vg_optt2,1,0.00043934215939142655,0.9772936436635423
TOPSIN_ET_DC_SMALL_Vboff,1,0.0004379217921684091,0.9774059700864481
MEASURE_ET_DC_SEC_Vgs_0p5V,1,0.00043616283013653626,0.9775178453376686
FIC_ET_Vd_at_Id_cut_cond,1,0.0004353832326320763,0.9776295206230492
TOPSIN_ET_KLV_F_M1_4u,1,0.0004327800058735763,0.9777405281838382
MEASURE_ET_DC_SEC_S_Id_mA_mm_at_Vg3,1,0.0004313581563545517,0.9778511710419034
CATHODE_ET_Rsh_cat_c2_OW_ST,1,0.00042834638260612633,0.9779610413835563
TOPSIN_ET_GC_Igs,1,0.0004243693167858962,0.9780698916125197
MEASURE_ET_DC_Big_MAG_18GHz,1,0.0004240134045620035,0.9781786505504175
MEASURE_ET_DC_SEC_X_Id_mA_mm_at_Vg1_FPSD3p2,1,0.0004188783114023846,0.9782860923429799
MEASURE_ET_DC_RF_Vbgd_0p1,1,0.00041827527488555536,0.9783933794573872
TOPSIN_ET_DC_RF_Vdg_max_0p1,1,0.0004173396945328007,0.9785004265965381
MEASURE_ET_DC_Stress_Ig_max_before,1,0.0004171140374477098,0.9786074158549131
MEASURE_ET_DC_SEC_S_Id_mA_mm_at_Vg2_SD3p5,1,0.0004112743747573482,0.9787129072466992
MEASURE_ET_DC_RF_Max_S11_Mag_L1002,1,0.0004104326910807447,0.9788181827476156
GATE2_CD_Gate_Win_Length,1,0.0004065080208593821,0.9789224515752517
MEASURE_ET_DC_RD_MSG_18GHz,1,0.000406487390991295,0.979026715111351
SIN_Thickness_SiN_Thickness,1,0.00040564802630088735,0.9791307633513976
FIN_CD1_CD_PL_FIN,1,0.0004053709869149979,0.9792347405311688
ABVIA_CD_AB_VIA_litho,1,0.00040533046658982626,0.9793387073175243
SIN_Thickness_RefractiveIndex,1,0.00040456504868511433,0.9794424777750905
ANODE_ET_Ran_con_3_OW_CR,1,0.00040409542807560826,0.9795461277755246
MEASURE_ET_DC_SEC_S_Vboff_Id_FPSD3p2,1,0.00040320227100991294,0.9796495486822254
THIN_ET_C20,1,0.00040078960454393046,0.9797523507428247
FIN_Etch_Soft_Bias,1,0.00039873694821472284,0.9798546262994979
MEASURE_ET_DC_Big_Vg_optt3,1,0.00039764772189847773,0.9799566224709063
MEASURE_ET_RF_Modeling_Rs,1,0.00039433149532885437,0.9800577680341132
FIC_ET_Vdg_max,1,0.0003937852078809114,0.9801587734752343
MEASURE_ET_DC_RF_Max_S11_Freq_L1018,1,0.00039295687286709736,0.9802595664494017
MEASURE_ET_DC_SEC_S_Bin,1,0.00039241837825705953,0.9803602213003373
TOPSIN_ET_Load_Pull_ID_comp_Last_mA,1,0.00039122907740691713,0.9804605710970082
SIN_ThicknessGN2_RefractiveIndex,1,0.00039066500552094075,0.980560776209906
MEASURE_ET_DC_RF_Min_S21_Mag_L2180,1,0.00038947088022135636,0.9806606750310737
THIN_ET_DC_RF_Vdg_max,1,0.0003868824451331485,0.9807599099216958
BRIDGE_METAL_Height_Final_TOP_metal_thickness,1,0.00038660300691295064,0.9808590731367443
TOPSIN_ET_C450pf,1,0.00038600067635841795,0.9809580818547161
TOPSIN_ThicknessGN_RefractiveIndex,1,0.00038194174121811413,0.9810560494606145
MEASURE_ET_DC_SEC_S_Ig_cut3_mAmm_pos_FPSD3p2,1,0.00038164437498760053,0.9811539407924257
SIN_ET_DC_RF_Vg_optt,1,0.0003812868537690986,0.9812517404204663
MEASURE_ET_DC_RD_Id_Vbon_max,1,0.00038088323983324744,0.9813494365220085
MEASURE_ET_DC_SEC_S_Id_plus_Ig_at_Vboff_mA_mm_SD3p5,1,0.00038059446989881457,0.9814470585544034
FIC_ET_FC_lin_4,1,0.00038049088443013317,0.9815446540172478
MEASURE_ET_LT_SEC_ChipStatus,1,0.0003804522395583138,0.9816422395677282
FIN_Etch_Hard_Bias,1,0.00037940217142188405,0.9817395557769708
ANODE_ET_Ran_con_2,1,0.0003793102476674994,0.9818368484078789
GATE2_Thickness4_PMMA_PR_etch_thickness,1,0.0003758324693074155,0.9819332489927416
SIN_ET_DC_RF_Vbgd_0p1,1,0.0003735811549172328,0.9820290721181201
MEASURE_ET_DC_Stress_Vd_stress,1,0.00037291975113811973,0.9821247255942096
OHMIC_ET_OHMIC_conc,1,0.0003710215065699454,0.9822198921728075
MEASURE_ET_LT_SEC_Vg_Id_min_Vd7,1,0.0003614490324798484,0.9823126034230977
TOPSIN_ET_OHMC_GN,1,0.0003565522258408732,0.9824040586482636
THIN_ET_R_660_VER,1,0.0003557949642879457,0.9824953196367349
MEASURE_ET_DC_RF_CF_S22_Mag_L1002,1,0.0003549513276408749,0.9825863642334017
ANODE_CD_Anode_CD_litho,1,0.00035291054254611655,0.9826768853711001
MEASURE_ET_DC_RF_Vbgd_0p01,1,0.0003525655582652202,0.9827673180207374
MEASURE_ET_R114,1,0.00035256102062470316,0.9828577495064753
MEASURE_ET_Ran_con_3,1,0.0003518750147051615,0.9829480050325045
MEASURE_ET_DC_SEC_X_Id_at_Vboff_mA_mm,1,0.00035142877037065657,0.9830381460973884
THIN_ET_F_AB,1,0.00035130532873710535,0.9831282554996389
MEASURE_ET_RF_Modeling_Vd_set,1,0.0003510821856725771,0.9832183076659569
MEASURE_ET_DC_SEC_X_Id_mA_mm_at_Vg2_SD3p5,1,0.00035030532603146406,0.9833081605686936
MEASURE_ET_DC_SEC_S_Vg_at_I3_pos,1,0.0003482728007383817,0.9833974921310911
MEASURE_ET_DC_Stress_Vg_max_Ig_before,1,0.00034691828848052277,0.9834864762626929
TOPSIN_ET_DC_RF_n_gs,1,0.0003456767060890517,0.9835751419298766
MEASURE_ET_DC_RF_Freq_cut_L2180,1,0.0003447437692330396,0.9836635682998576
TOPSIN_ET_DC_SMALL_Vg_max_Vd_0p1,1,0.00034276274610977133,0.9837514865397452
FIC_ET_DC_RF_Vg_optt2,1,0.000341425460599773,0.9838390617674777
MEASURE_ET_RF_Modeling_Ft_int,1,0.00034053538835162234,0.9839264086927288
BRGM_Cd_Litho_BRGM_litho_CD,1,0.0003404041317404178,0.9840137219508142
MEASURE_ET_RF_Modeling_Fmax_int,1,0.00033996467924007635,0.9841009224898517
MEASURE_ET_DC_SEC_X_Ig_mAmm_at_Vg_cond_neg_SD3p5,1,0.0003397838769615941,0.9841880766533181
MEASURE_ET_R214,1,0.00033354759712294333,0.9842736312183653
THIN_ET_R_f_hr_3,1,0.0003325679105237617,0.9843589344949559
THIN_ET_Vk,1,0.0003321967505948203,0.9844441425694628
MEASURE_ET_DC_SMALL_n_gd,1,0.00033008113903244314,0.9845288079921005
MEASURE_ET_LT_SEC_Ig_Id_min_mA_mm_Vd8,1,0.0003297813465350322,0.9846133965183164
MEASURE_ET_DC_SEC_Vg_min_ON,1,0.0003265016029057405,0.9846971437941617
MEASURE_ET_Er,1,0.00032622717056703804,0.9847808206784361
CATHODE_ET_C_CAT_2,1,0.0003261406214962864,0.9848644753629759
MEASURE_ET_DC_RF_S22ang_10GHz,1,0.00032340428998856865,0.9849474281817132
MEASURE_ET_DC_SEC_X_Vg_at_I3_neg_SD3p5,1,0.00031898071572241575,0.9850292463588713
MEASURE_ET_TANR,1,0.0003188619086156358,0.9851110340621467
THIN_Measure4_Wafer_thickness_final,1,0.00031879715939128533,0.9851928051573227
MEASURE_ET_DC_SMALL_Vt_gs,1,0.00031833493350716445,0.9852744576921046
TOPSIN_ET_DC_RF_Vbgs_0p01,1,0.00031757740505016375,0.9853559159217314
MEASURE_ET_DC_SEC_S_Vboff_Id_plus_Ig_SD3p5,1,0.00031586527052011724,0.9854369349908717
MEASURE_ET_DC_RF_MSG_18GHz,1,0.0003155533224232443,0.9855178740456932
MEASURE_ET_C175pf,1,0.00031523864156655435,0.9855987323852463
MEASURE_ET_DC_SEC_S_Id_mA_mm_at_Vg1_SD3p5,1,0.0003140109170194293,0.9856792758149019
MEASURE_ET_DC_SEC_Ids_m0p2,1,0.0003131844902383514,0.9857596072670635
MEASURE_ET_DC_RF_Vg_Vbon_max,1,0.00031313374644558747,0.9858399257035021
MEASURE_ET_DC_Big_Ids_m0p2,1,0.00030780276575783803,0.9859188767496851
MEASURE_ET_Rsh_cat_c2,1,0.00030764555741577315,0.9859977874721142
MEASURE_ET_R_f_tn_2,1,0.0003064127123656883,0.9860763819712427
TOPSIN_ThicknessGN_SiN_Thickness,1,0.0003043562262595055,0.9861544489841118
BRGM_Cd_Metal_BRGM_Final_metal_CD,1,0.00030402658047617905,0.9862324314432264
BRIDGE_METAL_CD_BRGM_Final_metal_CD,1,0.0003036327034213161,0.9863103128733413
MEASURE_ET_RF_Modeling_Fmax_ext,1,0.0003022007802933612,0.9863878270168637
MEASURE_ET_DC_RF_MSG_10GHz,1,0.0003016615930061178,0.9864652028594831
TOPSIN_ET_DC_SMALL_Vg_optt,1,0.0003007523211626151,0.9865423454749477
SIN_GATE_ET_R214,1,0.0003006559550013721,0.9866194633726056
FIC_ET_DC_PIV_Ids0_QP1,1,0.0003003069192961061,0.9866964917430171
FIC_ET_TR_1F,1,0.0002995210528904192,0.9867733185396228
THIN_ET_TANR,1,0.00029625212923055247,0.9868493068611675
BMETAL1_Height_Metal1_metal_thickness,1,0.0002936867194993902,0.9869246371581436
MEASURE_ET_DC_SMALL_n_gs,1,0.00029334214527352426,0.9869998790722373
MEASURE_ET_DC_SEC_X_Vg_at_I3_pos_FPSD3p2,1,0.00029258779174548224,0.9870749274955413
OHMIC_ET_Ran_con_2,1,0.00029220943535839927,0.9871498788708785
MEASURE_ET_RF_Modeling_L_Gd,1,0.00029143571298061003,0.9872246317873388
SIN_ET_DC_RF_Vds_max,1,0.00029060208318068927,0.9872991708787392
FIC_ET_R_f_tn_3,1,0.00029015458045606715,0.9873735951862189
SIN_GATE_ET_TR_1F,1,0.00029013200542821687,0.9874480137032305
FIC_ET_DC_RF_Ids_m0p2,1,0.00028817025016122596,0.9875219290323313
MEASURE_ET_DC_RF2_S21dB_26GHz,1,0.0002881222589471481,0.9875958320517422
MEASURE_ET_R314,1,0.00028797717701184325,0.9876696978578079
TOPSIN_ET_R314,1,0.0002856016381961383,0.9877429543409707
MEASURE_ET_TF_AB_3,1,0.00028499430979821193,0.9878160550451162
TOPSIN_ET_DC_SMALL_Vg_max_Vd,1,0.0002837696286682782,0.9878888416199971
MEASURE_ET_DC_SEC_X_Id_mA_mm_at_Vg3,1,0.00028266143014140613,0.9879613439432635
THIN_ET_R_f_hr_1,1,0.0002823202670571408,0.9880337587586016
MEASURE_ET_DC_Big_Vdg_max,1,0.0002796003119872644,0.9881054759086738
MEASURE_ET_R_400_VER,1,0.00027871372511701216,0.9881769656502603
MEASURE_ET_DC_RF_S12ang_26GHz_W,1,0.00027820241688086215,0.9882483242418874
TOPSIN_ET_ABVIETCH,1,0.00027460543672720185,0.9883187602123499
FMESA_Height_Fmesa_Height,1,0.000273897851437884,0.9883890146880208
MEASURE_ET_Rsh_F_AB_2,1,0.0002730820306359105,0.9884590599066186
MEASURE_ET_DC_RF_Vbgd1,1,0.00027303201230523147,0.9885290922955737
MEASURE_ET_DC_SEC_S_Vg_at_I2_neg_FPSD3p2,1,0.0002726476138674092,0.9885990260867831
FIC_ET_DC_RF_Vdg_max_0p1,1,0.0002713267113734609,0.9886686210680615
THIN_ET_Rsh_TF_AB2,1,0.00027083823079047454,0.9887380907546469
MEASURE_ET_Load_Pull_Id_SS,1,0.0002705362756290579,0.9888074829900898
MEASURE_ET_DC_SEC_S_Ig_mAmm_at_Vg_cond_neg_SD3p5,1,0.000270164889971966,0.9888767799655498
SIN_GATE_ET_I_5,1,0.0002696985183065481,0.988945957317228
SIN_GATE_ET_Ran_con_1,1,0.0002696128281941794,0.9890151126894935
FIC_ET_DC_RF_Vt_gs,1,0.000267553613503245,0.9890837398756208
MEASURE_ET_DC_SEC_S_Vg_at_I2_neg,1,0.0002655576608091853,0.9891518551022376
MEASURE_ET_C_CAT_2_OW_ST,1,0.00026543459513646837,0.9892199387626545
MEASURE_ET_DC_SEC_S_Ids_max_SD3p5,1,0.0002642497543831917,0.9892877185128163
BRIDGE_METAL_Height2_BRGM_Height2,1,0.0002639883030670384,0.989355431201024
FIC_ET_DC_RF_Vds_max_0p1mA,1,0.00026273224088824165,0.9894228217107652
TOPSIN_ET_Load_Pull_Pout_Last,1,0.0002616801033245051,0.9894899423484629
MEASURE_ET_RF_Modeling_Cgs,1,0.0002599089820345844,0.9895566086956399
MEASURE_ET_F_AB,1,0.00025951046543694453,0.9896231728237798
SIN_GATE_ET_sh_GA142_GN,1,0.0002585332010328495,0.9896894862847533
GATE2_CD_HPA_CB_Gate_Win_Length,1,0.0002580935277597596,0.9897556869700511
TFRP_M_Gauge_P_E_Resistors,1,0.00025570425793514676,0.9898212748104586
MEASURE_ET_DC_Stress_Vg_max_Ig_after,1,0.0002553964458821501,0.9898867836974375
MEASURE_ET_DC_SEC_X_Vboff_Id_SD3p5,1,0.0002518832741897945,0.9899513914600233
MEASURE_ET_DC_SEC_X_ChipStatus,1,0.0002507362137105486,0.9900157050029498
MEASURE_ET_DC_RF_ids_m0p2_W,1,0.0002505785137504392,0.9900799780960227
MEASURE_ET_sh_f_hr_23,1,0.0002501075272391711,0.9901441303816111
GATE2_Ali_Litho2_Gate_to_ohmic_alignment,1,0.0002491812926931525,0.9902080450891315
THIN_ET_i5021_3,1,0.00024564524936975137,0.9902710528057123
TOPSIN_ET_R214,1,0.00024563896020237254,0.9903340589091292
MEASURE_ET_DC_SMALL_Vds_max,1,0.0002444801923113028,0.9903967677899493
TOPSIN_ET_Load_Pull_Pin_Cut,1,0.00024329661107149372,0.9904591730835783
MEASURE_ET_DC_SEC_S_Vboff_Id_plus_Ig,1,0.0002429673166461581,0.9905214939135757
MEASURE_ET_DC_Big_Ft,1,0.00024221307075224778,0.9905836212803913
VIA_GaN_Height_Ni_height,1,0.00024157793484477552,0.9906455857355964
MEASURE_ET_DC_SEC_S_Ig_cut1_mAmm_neg,1,0.00024119593478220494,0.9907074522082361
MEASURE_ET_DC_SEC_S_Ig_cut3_mAmm_neg,1,0.00024062572341073193,0.9907691724223319
FIC_ET_DC_RF_Vboff,1,0.00024048792024231212,0.9908308572900776
MEASURE_ET_LT_SEC_Vd_Id_min_Vd8,1,0.0002391316687996179,0.9908921942809288
FIC_ET_sh_f_hr_23,1,0.00023889980767262815,0.9909534717996745
MEASURE_ET_DC_SEC_S_Id_plus_Ig_at_Vboff_mA_mm,1,0.000238010144255373,0.9910145211208036
GATE1_Thickness1_Triple_E-beam_thickness,1,0.0002377879355702394,0.9910755134456671
SIN_ET_DC_RF_Vg_optt1,1,0.00023669806575165315,0.9911362262202084
TOPSIN_ET_DC_SMALL_Vdg_max_0p1,1,0.000236403987663787,0.9911968635640671
MEASURE_ET_DC_SEC_S_Vg_at_I3_neg,1,0.00023565089832993763,0.9912573077414004
MEASURE_ET_DC_SEC_S_Ig_cut2_mAmm_neg,1,0.00023395383886739047,0.9913173166249843
MEASURE_ET_DC_SEC_S_Vboff_Id_SD3p5,1,0.00023380834211289076,0.9913772881888224
MEASURE_ET_DC_SEC_X_Vg_at_I1_neg,1,0.00023266003620548537,0.9914369652135503
SIN_ET_DC_RF_Vbgd_0p01,1,0.0002280525915869594,0.9914954604341707
TOPSIN_ET_Load_Pull_PhL_set,1,0.00022657451147501092,0.9915535765289867
CHRE_CD_Channel_recess_CD,1,0.0002264383314988508,0.9916116576937993
MEASURE_ET_DC_RD_S11dB_18GHz,1,0.00022620128742531135,0.9916696780570871
MEASURE_ET_DC_Big_K,1,0.0002256050698649642,0.9917275454912741
EBCR2_CD_2_EBCR_cd_etch,1,0.0002244984608005561,0.9917851290815418
MEASURE_ET_TR_1F,1,0.0002243889185718662,0.9918426845743573
TOPSIN_ET_DC_SMALL_Ids_m0p2,1,0.00022355282081167526,0.991900025609084
MEASURE_ET_DC_RF_S21dB_26GHz_W,1,0.0002235316879980784,0.9919573612232689
MEASURE_ET_DC_SEC_X_Ig_mAmm_at_Vg_cond_neg_FPSD3p2,1,0.0002229612745459038,0.9920145505270764
GATE2_CD_310nm_Gate_Leg_Length,1,0.00022107598198780096,0.9920712562555676
MEASURE_ET_DC_SEC_S_Ig_mAmm_at_Vg_cond_pos,1,0.00022094591304383152,0.9921279286215282
MEASURE_ET_KLV_F_AB_4u,1,0.00021942968082001103,0.9921842120757127
SIN_ThicknessGN2_SiN_Thickness,1,0.0002190433579981391,0.9922403964385493
THIN_ET_DC_RF_Vg_max_Vd_0p1mA,1,0.0002185701499789636,0.9922964594240874
MEASURE_ET_DC_SEC_X_Ig_cut3_mAmm_neg,1,0.00021787512981706858,0.9923523441377741
MEASURE_ET_DC_Big_S21dB_10GHz,1,0.00021601071420226025,0.9924077506310558
TOPSIN_ET_DC_RF_Vbgd_0p1,1,0.00021583508841623174,0.9924631120765306
SIN_GATE_ET_Rsh_an_ct2,1,0.00021582086453082017,0.9925184698735956
MEASURE_ET_DC_Big_Vdg_max_0p1mA,1,0.00021496070097812444,0.9925736070397243
MEASURE_ET_DC_RF_S21dB_26GHz,1,0.00021461193596136792,0.9926286547480379
MEASURE_ET_RF_Modeling_Rgs_err,1,0.0002137271695698588,0.9926834755148162
MEASURE_ET_RF_Modeling_MAG_18,1,0.00021315437362921173,0.9927381493601115
TOPSIN_ET_Load_Pull_Id_ini,1,0.00021264093095603166,0.9927926915079672
TOPSIN_ET_TANR,1,0.00021251150505490618,0.9928472004582319
FIC_ET_R_f_tn_1,1,0.00021240475784235776,0.9929016820279627
MEASURE_ET_DC_SEC_S_Ig_mAmm_at_Vg_cond_neg,1,0.00021209829954658404,0.9929560849915021
MEASURE_ET_DC_SEC_S_Vg_at_I2_pos_FPSD3p2,1,0.00021145093054040693,0.9930103219056554
MEASURE_ET_DC_SEC_X_Vg_at_I1_neg_FPSD3p2,1,0.00021134704775715817,0.9930645321739974
FIN_CD2_CD_etch_FIN,1,0.00021054046090232146,0.9931185355537631
MEASURE_ET_DC_RF_Vds_max_0p1mA,1,0.00021013947141670938,0.9931724360801988
SIN_Thickness2_SiN_Thickness,1,0.00020860491929086512,0.9932259429958251
BRGM_Height2_BRGM_Height2,1,0.00020854567276998794,0.9932794347147887
MEASURE_ET_DC_RF_Id_Vbon_min,1,0.0002083743468775456,0.9933328824888633
MEASURE_ET_DC_RD_Vg_Vbon_max,1,0.00020779989421804683,0.9933861829165085
FIC_ET_R314,1,0.0002074121339949016,0.993439383884114
TOPSIN_ET_C175pf_0,1,0.00020739393347510805,0.9934925801833078
TOPSIN_ET_Gate_res,1,0.0002073503095625416,0.9935457652930195
MEASURE_ET_DC_SEC_Vgs_back_0p1V,1,0.0002068676378720565,0.9935988265980121
THIN_ET_R_f_tn_3,1,0.0002067696861069594,0.9936518627784925
MEASURE_ET_DC_SEC_S_Ig_cut3_mAmm_pos,1,0.00020652846165859166,0.9937048370851866
MEASURE_ET_DC_RF_S22ang_26GHz_W,1,0.00020606011377427287,0.9937576912612011
THIN_ET_Ran_con_3,1,0.00020549933324549418,0.9938104015976718
MEASURE_ET_DC_PIV_Ids1_QP3,1,0.00020462674956976318,0.9938628881174593
MEASURE_ET_C_AN_2,1,0.0002044826027729866,0.9939153376637635
FIC_ET_DC_PIV_Ids0_QP3,1,0.00020376218176835077,0.9939676024229301
MEASURE_ET_Load_Pull_PhL_meas,1,0.0002036627840775088,0.9940198416867064
TOPSIN_ET_Load_Pull_GL_set,1,0.00020333372038810384,0.9940719965460347
MEASURE_ET_DC_RF2_K,1,0.00020308843882517084,0.9941240884909315
THIN_ET_DC_RF_n_gd,1,0.00020285300821640094,0.994176120048155
OHMIC_ET_Probe_Number,1,0.00020246355427706836,0.9942280517109027
TOPSIN_ET_C385pf_0,1,0.00020222912037713955,0.9942799232416317
MEASURE_ET_C20,1,0.0002017132198144857,0.9943316624444751
MEASURE_ET_DC_SEC_X_Vg_at_I1_neg_SD3p5,1,0.0002010829993897738,0.9943832399965234
MEASURE_ET_DC_SMALL_Vt_gd,1,0.000199692641027987,0.9944344609232926
SIN_GATE_ET_OHMIC_conc,1,0.0001972912179595189,0.9944850658878787
TOPSIN_ET_DC_SMALL_Vbin_gs,1,0.00019698389317835476,0.994535592024021
MEASURE_ET_Ran_con_2,1,0.000196694340534575,0.9945860438902518
MEASURE_ET_DC_RD_Vboff,1,0.0001951094124325075,0.994636089224295
SIN_ET_TR_1F,1,0.00019455415246388895,0.9946859921348113
MEASURE_ET_DC_SEC_S_Vg_at_I2_pos_SD3p5,1,0.00019327136278134708,0.994735566011288
MEASURE_ET_RF_Modeling_MAG_25G_Before,1,0.00019018093105482845,0.9947843471956738
MEASURE_ET_DC_SEC_X_Vg_at_I3_neg_FPSD3p2,1,0.00018765672209000776,0.9948324809234388
MEASURE_ET_RF_Modeling_Rgd,1,0.00018754252283961312,0.9948805853592309
FIC_ET_Id_mAmm_at_Vd_cond,1,0.0001869870312018112,0.9949285473120734
MEASURE_ET_DC_SEC_S_Id_mA_mm_at_Vg2_FPSD3p2,1,0.00018640343961246944,0.9949763595743619
MEASURE_ET_DC_SEC_S_Ron_SD3p5,1,0.00018570972891725055,0.9950239939006758
TOPSIN_ET_DC_RF_Vg_optt,1,0.0001843495578426031,0.9950712793447141
MEASURE_ET_RF_Modeling_Tau,1,0.00018382800084118243,0.9951184310099969
ANODE_ET_Rsh_an_ct2,1,0.0001836427960761454,0.9951655351704761
TOPSIN_ET_DC_RF_n_gd,1,0.00018326649214569094,0.9952125428094413
THIN_ET_DC_RF_Ids_m0p2,1,0.00018143501347842787,0.9952590806762897
OHMIC_ET_Ran_con_3,1,0.000181277423982652,0.9953055781216182
MEASURE_ET_DC_RF_n_gd,1,0.0001795547327051445,0.9953516336986671
MEASURE_ET_DC_RF_CF_S11_Mag_L1002,1,0.00017895554821379392,0.9953975355856011
MEASURE_ET_LT_SEC_Vg_Id_min_Vd3,1,0.00017886554996946196,0.9954434143880915
THIN_ET_DC_RF_Vds_max,1,0.00017821784352444443,0.9954891270546432
THIN_ET_R_f_tn_2,1,0.0001775782914421591,0.9955346756768404
TOPSIN_ET_DC_SMALL_Vbgs_0p01,1,0.0001746714652508341,0.99557947870155
BFIC_Height_FIC_metal_thickness,1,0.000173437861465566,0.9956239653083443
MEASURE_ET_LT_SEC_Id_min_mA_mm_Vd7,1,0.00017334917591921458,0.9956684291674006
TOPSIN_ET_DC_RF_Vt_gs,1,0.00017318171350013453,0.9957128500725441
MEASURE_ET_DC_RF_S21ang_26GHz,1,0.00017267809769785843,0.9957571418008286
TOPSIN_ET_KLV_F_AB_4u,1,0.00017123574703621275,0.9958010635678705
MEASURE_ET_RF_Modeling_Cgd,1,0.00017092709764910397,0.9958449061667087
MEASURE_ET_RF_Modeling_Delta_S21_25G,1,0.00017011978006959387,0.9958885416895407
FIC_ET_G2_per_6K,1,0.00016857320131135207,0.9959317805167461
MEASURE_ET_DC_RF_Ft_W,1,0.00016786927806801535,0.9959748387884704
MEASURE_ET_DC_RF_n_gs,1,0.00016781894076888746,0.9960178841487368
TOPSIN_ET_Load_Pull_Vg,1,0.00016716063930377492,0.9960607606554543
FIC_ET_DC_PIV_Ids1_QP1,1,0.000166204866238064,0.9961033920075084
FIC_ET_R_f_hr_3,1,0.00016464510712114322,0.9961456232831896
MEASURE_ET_DC_SEC_Vgs_back_1V,1,0.0001632811299522046,0.9961875047003367
MEASURE_ET_RF_Modeling_R_Gd,1,0.00016267907840703764,0.9962292316919726
FIC_ET_R_f_hr_1,1,0.00016226951458527382,0.9962708536309719
SIN_GATE_ET_Ran_con_3,1,0.00016136567048803625,0.9963122437350267
MEASURE_ET_DC_SEC_X_Ig_cut1_mAmm_neg_SD3p5,1,0.00016090068777332756,0.996353514571564
TFRP_ET_TF_AB_3,1,0.00016082039954339917,0.9963947648142649
MEASURE_ET_DC_RD_Id_Vbon_min,1,0.00016033657263512735,0.996435890955935
MEASURE_ET_sh_GA142,1,0.0001590468952586567,0.9964766862968798
MEASURE_ET_RF_Modeling_Rg,1,0.0001582134244225056,0.9965172678535388
FIC_ET_DC_RF_Vds_max,1,0.00015738727270313385,0.9965576375032565
MEASURE_ET_RF_Modeling_Gds,1,0.00015538218921316946,0.9965974928514254
MEASURE_ET_RGAN3,1,0.00015501902572046154,0.9966372550485869
STREETS_Height_Backside_metal_thickness,1,0.00015480829940638959,0.9966769631946976
MEASURE_ET_DC_SEC_X_Ig_cut1_mAmm_neg_FPSD3p2,1,0.00015450267263850747,0.9967165929479028
TFRP_ET_TF_AB_2,1,0.00015417945456127396,0.9967561397960528
MEASURE_ET_DC_RF_Vds_max,1,0.0001538317759815206,0.9967955974650573
MEASURE_ET_LT_SEC_Vg_Id_min_Vd8,1,0.0001537721011063885,0.9968350398275267
THIN_Measure2GN_Thickness_after_grinding,1,0.00015257237921080877,0.9968741744627458
MEASURE_ET_DC_RF_CF_S22_Mag_L1018,1,0.00014944920133874931,0.9969125080065263
SIN_GATE_ET_R414,1,0.0001484631711179078,0.9969505886347186
GATE2_CD_358nm_Gate_Win_Length,1,0.00014839959345550684,0.9969886529553158
MEASURE_ET_DC_SEC_S_Ig_cut1_mAmm_pos_SD3p5,1,0.00014738930390306314,0.9970264581378349
THIN_ET_i5021_1,1,0.00014664191193062277,0.997064071615195
TOPSIN_ET_DC_RF_Vbgs_0p1,1,0.00014644687682063425,0.9971016350662796
MEASURE_ET_RF_Modeling_Rgs,1,0.00014608032848187837,0.9971391044981478
MEASURE_ET_DC_SMALL_Vds_max_0p1,1,0.00014585417704858974,0.9971765159224403
MEASURE_ET_DC_SEC_X_Vg_at_I2_pos_SD3p5,1,0.00014471250900302502,0.9972136345102264
MESA_Height_Mesa_Height,1,0.00014444578833268845,0.9972506846844753
MEASURE_ET_DC_SEC_S_Id_mA_mm_at_Vg1,1,0.0001443169461065527,0.9972877018108451
MEASURE_ET_DC_SEC_S_Ron,1,0.0001434401850920449,0.9973244940490495
SIN_GATE_ET_R114,1,0.0001431373990680075,0.997361208622996
MEASURE_ET_DC_SEC_S_Ig_cut2_mAmm_pos,1,0.00014295583028624438,0.9973978766247643
MEASURE_ET_LT_SEC_Ig_Id_min_mA_mm,1,0.00014142124863176557,0.9974341510081491
MESA_ET_Vbkd,1,0.00013896737912450565,0.9974697959769011
FIC_ET_sh_GA142,1,0.0001388153651293213,0.9975054019542428
MEASURE_ET_Rsh_cat_c2_OW_ST,1,0.0001384578136386714,0.997540916220049
THIN_ET_R_660_HOR,1,0.00013826026980547063,0.9975763798160951
MEASURE_ET_Vbpin,1,0.00013732620168676164,0.997611603824771
MEASURE_ET_DC_SEC_S_Id_plus_Ig_at_Vboff_mA_mm_FPSD3p2,1,0.00013728119276178717,0.9976468162887108
MEASURE_ET_Ran_con_3_OW_CR,1,0.00013653543898581576,0.9976818374676871
SIN_ET_DC_RF_Vboff,1,0.00013588981747284933,0.9977166930455073
TFRP_ET_Probe_Number,1,0.00013566340696422892,0.997751490549299
MEASURE_ET_DC_RF_CF_S21_Ph_L1018,1,0.0001351023589906448,0.9977861441449478
MEASURE_ET_DC_SMALL_Vbgs1,1,0.0001348739996189977,0.9978207391666872
THIN_ET_Ran_con_1,1,0.00013396101253380747,0.9978551000083167
MEASURE_ET_DC_SEC_S_Ig_cut2_mAmm_pos_FPSD3p2,1,0.00013265464103161644,0.9978891257671973
MEASURE_ET_LT_SEC_Ig_Id_min_mA_mm_Vd3,1,0.00013257170392526698,0.9979231302528082
FP2_Height1_FP2_Height1,1,0.0001321142274782361,0.9979570173962502
MEASURE_ET_Load_Pull_Id_ord,1,0.00013088316867726485,0.9979905887745626
TOPSIN_ET_RGAN1,1,0.0001302836236262167,0.9980240063702769
WIN_CD_WIN_CD,1,0.0001302673917424993,0.998057419802532
TOPSIN_ET_DC_RF_Vg_max_Vd_0p1,1,0.00013006886048628742,0.9980907823117543
MEASURE_ET_sh_GA142_GN,1,0.00012997130190570702,0.9981241197973159
TFRP_ET_TFRP,1,0.00012941028969076822,0.9981573133839063
MEASURE_ET_DC_RF_Id_Vbon_max,1,0.00012768143847053808,0.998190063522199
MEASURE_ET_G2_per_6K,1,0.00012751373652641077,0.9982227706451408
OHMIC_CD_Ohmic_CD_litho,1,0.00012668748847073955,0.9982552658364314
MEASURE_ET_TF_AB_1,1,0.0001252189325435949,0.9982873843448599
MEASURE_ET_DC_PIV_Ids1_QP2,1,0.00012494890508616676,0.9983194335915639
MEASURE_ET_DC_SEC_S_Ig_cut1_mAmm_pos_FPSD3p2,1,0.0001244470985058902,0.9983513541254724
MEASURE_ET_DC_Diode_S21_dB_rev_9p5,1,0.00012387659871292435,0.9983831283268573
FIC_ET_DC_RF_Vg_optt3,1,0.00011963467617209564,0.9984138144801162
MEASURE_ET_VIA_KLV_8p5,1,0.0001194072246522296,0.9984444422923289
FIC_ET_R_f_hr_2,1,0.0001190458201342994,0.9984749774047089
TOPSIN_ET_Load_Pull_Pout_W_last,1,0.00011882113506674588,0.9985054548856344
CHRE_ET_Ids_Channel_recess_current,1,0.00011785394513226611,0.998535684283483
MEASURE_ET_TFR_AB,1,0.00011617720061182289,0.9985654835983409
THIN_ET_R_4000_VER,1,0.00011556263098869089,0.9985951252768156
MEASURE_ET_RF_Modeling_Vg_Stress,1,0.00011479286984366171,0.998624569512465
MEASURE_ET_DC_Big_Vds_max,1,0.00011342555102750163,0.9986536630324517
MEASURE_ET_DC_SEC_X_Id_mA_mm_at_Vg1_SD3p5,1,0.00011276133333757935,0.9986825861813847
OHMIC_ET_R214,1,0.00011203018823070068,0.9987113217924606
GATE2_CD_358nm_Gate_Leg_Length,1,0.0001115020527012811,0.9987399219373965
ANODE_ET_C_AN_2_OW_CR,1,0.0001106845962799439,0.998768312405725
BPLATE_Height_BPLATE_metal_thickness,1,0.0001105326596537202,0.998796663902488
MEASURE_ET_DC_PIV_Ids0_QP2,1,0.00010964470580407397,0.9988247876401366
FIC_ET_Ids_m2,1,0.00010944581024704503,0.9988528603613095
MEASURE_ET_DC_RF_Ft,1,0.00010868520165658835,0.9988807379872766
MEASURE_ET_DC_RD_Vbon_min,1,0.00010696127901150686,0.9989081734291195
TOPSIN_ET_DC_RF_Vboff,1,0.0001048812674257699,0.9989350753504453
MEASURE_ET_DC_SEC_X_Ids_max_norm,1,0.00010470519301579284,0.9989619321088927
MEASURE_ET_DC_SEC_X_Bin_FPSD3p2,1,0.00010420028939276081,0.9989886593601568
TOPSIN_ET_DC_SMALL_n_gd,1,0.00010319804929260767,0.9990151295380177
MEASURE_ET_RF_Modeling_Vd_stress,1,0.00010246443230831877,0.999041411543988
FIC_ET_DC_RF_Vg_max_Vd_0p1,1,0.00010213843814107823,0.999067609932839
TOPSIN_ET_RGAN3,1,0.00010131208586036861,0.9990935963633052
MEASURE_ET_i5021_2,1,0.00010061237237455947,0.999119403318088
MEASURE_ET_C500pf_0,1,0.00010043925917960709,0.9991451658695405
MEASURE_ET_RF_Modeling_Stress_time,1,9.864037258607162e-05,0.9991704670087047
SIN_GATE_ET_R314,1,9.792922982482049e-05,0.99919558574059
MEASURE_ET_RF_Modeling_Rgd_err,1,9.703019986390387e-05,0.999220473872351
MEASURE_ET_DC_SEC_S_Bin_SD3p5,1,9.524726979483836e-05,0.9992449046846534
MEASURE_ET_RF_Modeling_Cgs_err,1,9.482298832662529e-05,0.9992692266692599
MEASURE_ET_RF_Modeling_L_Gs,1,9.381500154089629e-05,0.9992932901064454
MEASURE_ET_Rsh_TF_AB2,1,9.207066904047517e-05,0.9993169061244029
THIN_ET_R_400_HOR,1,9.110742464686726e-05,0.9993402750713103
THIN_Measure1GN_Thickness_after_bonding,1,8.928051183869255e-05,0.9993631754172383
MEASURE_ET_Load_Pull_Pout_Last,1,8.917678445427709e-05,0.9993860491572145
THIN_ET_R_f_hr_2,1,8.893726213933482e-05,0.9994088614599996
THIN_ET_Rsh_cat_c2,1,8.878701007625555e-05,0.9994316352233078
CATHODE_ET_Rsh_cat_c2,1,8.705739061783696e-05,0.9994539653412661
MEASURE_ET_DC_SEC_X_Ig_mAmm_at_Vg_cond_pos_FPSD3p2,1,8.521746464089936e-05,0.9994758235203826
MEASURE_ET_R_400_HOR,1,8.373857840351297e-05,0.9994973023669242
MEASURE_ET_DC_SEC_X_Vg_at_I2_pos_FPSD3p2,1,8.216617908163098e-05,0.9995183778948955
VIA_GaN_Measure4GN_Final_GaN_thickness,1,7.898534605993774e-05,0.9995386375429505
METAL1_Height_Metal1_metal_thickness,1,7.868789641652895e-05,0.9995588208955228
MEASURE_ET_Ran_con_1_OW_CR,1,7.785596785271126e-05,0.9995787908594003
WIN_WIN_Alignment_WIN_to_FIN_Alignment,1,7.689223319338695e-05,0.999598513626475
MEASURE_ET_Load_Pull_Freq,1,7.572907846367755e-05,0.9996179380457341
MEASURE_ET_Load_Pull_IG_comp_Last_uA,1,7.3690275314497e-05,0.9996368395143914
THIN_ET_DC_RF_n_gs,1,7.24375785797074e-05,0.9996554196678146
MEASURE_ET_DC_SEC_X_Ig_cut2_mAmm_neg_FPSD3p2,1,7.196609646007899e-05,0.9996738788866304
MEASURE_ET_DC_SEC_S_Bin_FPSD3p2,1,7.087490714566699e-05,0.9996920582166748
FIC_ET_DC_RF_Vbgd_0p01,1,7.00017882836681e-05,0.9997100135927615
TFRP_ET_TF_AB_1,1,6.908893295161912e-05,0.9997277348225327
THIN_ET_sh_f_tn_23,1,6.879668107226942e-05,0.9997453810900417
THIN_ET_R314,1,6.781754616276156e-05,0.9997627762106019
MEASURE_ET_DC_SEC_S_ChipStatus,1,6.780508306877426e-05,0.9997801681343933
MEASURE_ET_RF_Modeling_Delta_MAG_19G,1,6.734157824767116e-05,0.9997974411697449
MEASURE_ET_DC_RF_S21dB_10GHz,1,6.550474691645024e-05,0.9998142430600278
THIN_ET_Ran_con_2_OW_CR,1,6.190333820897956e-05,0.9998301211932271
TOPSIN_ET_DC_RF_Ids_m0p2,1,6.153563889582986e-05,0.9998459050119866
TOPSIN_ET_DC_RF_Vt_gd,1,6.0513857197115117e-05,0.999861426744946
FIC_Height_FIC_metal_thickness,1,6.029415559184073e-05,0.9998768921247031
MEASURE_ET_DC_SEC_S_Vg_at_I1_pos,1,5.7332807738698985e-05,0.9998915979222305
MEASURE_ET_R514,1,5.727531149604446e-05,0.9999062889720394
THIN_ET_HIRS,1,5.715746548201382e-05,0.9999209497944849
MEASURE_ET_Vbkdn_C385pf,1,5.6639410368875495e-05,0.9999354777364051
MEASURE_ET_DC_RF_Vdg_max_0p1mA,1,5.413550393152936e-05,0.999949363429279
MEASURE_ET_Load_Pull_GL_meas,1,5.139576049199507e-05,0.9999625463811938
THIN_ET_Rsh_cat_c2_OW_ST,1,4.908922574543185e-05,0.9999751377096681
THIN_Measure3GN_Thickness_after_etchback,1,4.010735224463496e-05,0.9999854251981887
MEASURE_ET_DC_SMALL_Vbgs_0p1,1,2.199143429039188e-05,0.9999910659751324
MEASURE_ET_DC_RF_S21ang_10GHz,1,2.0766298862337724e-05,0.9999963925062846
MEASURE_ET_DC_RF_MAG_26GHz_W,1,1.4064367687903744e-05,0.9999999999999993
