parameter_A,module_A,parameter_B,module_B,shared_suffix,stage_relationship_pattern,direction_higher_A_minus_B,effect_range_yield_pct,shape_fold_consistency,direction_fold_consistency,evidence_label,reason
ANODE_ET_C_AN_2,ANODE,THIN_ET_C_AN_2,THIN,C_AN_2,threshold,n/a,1.2111,4/5,4/5,STRONG,"Shape consistent in 4/5 folds, direction in 4/5."
TFRP_ET_TF_AB_2,TFRP,THIN_ET_TF_AB_2,THIN,TF_AB_2,threshold,n/a,1.693,4/5,4/5,STRONG,"Shape consistent in 4/5 folds, direction in 4/5."
TFRP_ET_Rc_TF_AB_2,TFRP,THIN_ET_Rc_TF_AB_2,THIN,Rc_TF_AB_2,threshold,n/a,1.402,5/5,5/5,STRONG,"Shape consistent in 5/5 folds, direction in 5/5."
FIC_ET_DC_RF_Vg_optt3,FIC,THIN_ET_DC_RF_Vg_optt3,THIN,DC_RF_Vg_optt3,threshold,n/a,0.9281,4/5,4/5,STRONG,"Shape consistent in 4/5 folds, direction in 4/5."
SIN_ET_DC_RF_Vp_01,SIN,TOPSIN_ET_DC_RF_Vp_01,TOPSIN,DC_RF_Vp_01,threshold,n/a,1.3674,4/5,4/5,STRONG,"Shape consistent in 4/5 folds, direction in 4/5."
BRGM_ET_KLV_F_AB_4u,BRGM,THIN_ET_KLV_F_AB_4u,THIN,KLV_F_AB_4u,threshold,n/a,1.6462,4/5,4/5,STRONG,"Shape consistent in 4/5 folds, direction in 4/5."
BRGM_ET_KLV_F_AB_4u,BRGM,TOPSIN_ET_KLV_F_AB_4u,TOPSIN,KLV_F_AB_4u,threshold,n/a,1.6147,4/5,4/5,STRONG,"Shape consistent in 4/5 folds, direction in 4/5."
SIN_ET_DC_RF_Vg_max_Vd_0p1mA,SIN,THIN_ET_DC_RF_Vg_max_Vd_0p1mA,THIN,DC_RF_Vg_max_Vd_0p1mA,threshold,n/a,0.7385,5/5,5/5,STRONG,"Shape consistent in 5/5 folds, direction in 5/5."
SIN_ET_DC_RF_Vg_max_Vd,SIN,THIN_ET_DC_RF_Vg_max_Vd,THIN,DC_RF_Vg_max_Vd,threshold,positive,1.2409,5/5,4/5,STRONG,"Shape consistent in 5/5 folds, direction in 4/5."
FIC_ET_lkg_SY07_10,FIC,SIN_ET_lkg_SY07_10,SIN,lkg_SY07_10,threshold,n/a,1.5106,4/5,4/5,STRONG,"Shape consistent in 4/5 folds, direction in 4/5."
FIC_ET_DC_RF_Vg_max_Vd_0p1mA,FIC,SIN_ET_DC_RF_Vg_max_Vd_0p1mA,SIN,DC_RF_Vg_max_Vd_0p1mA,threshold,n/a,1.296,5/5,5/5,STRONG,"Shape consistent in 5/5 folds, direction in 5/5."
SIN_ET_DC_RF_Vg_max_Vd_0p1,SIN,TOPSIN_ET_DC_RF_Vg_max_Vd_0p1,TOPSIN,DC_RF_Vg_max_Vd_0p1,threshold,n/a,1.4748,4/5,4/5,STRONG,"Shape consistent in 4/5 folds, direction in 4/5."
BRGM_ET_i5021_1,BRGM,THIN_ET_i5021_1,THIN,i5021_1,threshold,positive,0.985,5/5,4/5,STRONG,"Shape consistent in 5/5 folds, direction in 4/5."
THIN_ET_DC_RF_Vp_01,THIN,TOPSIN_ET_DC_RF_Vp_01,TOPSIN,DC_RF_Vp_01,threshold,n/a,0.6659,4/5,4/5,STRONG,"Shape consistent in 4/5 folds, direction in 4/5."
FIC_ET_TR_1F,FIC,TOPSIN_ET_TR_1F,TOPSIN,TR_1F,threshold,n/a,0.7323,4/5,4/5,STRONG,"Shape consistent in 4/5 folds, direction in 4/5."
FIC_ET_DC_RF_Vg_optt,FIC,TOPSIN_ET_DC_RF_Vg_optt,TOPSIN,DC_RF_Vg_optt,threshold,n/a,0.6603,4/5,4/5,STRONG,"Shape consistent in 4/5 folds, direction in 4/5."
SIN_ET_DC_RF_Vds_max,SIN,THIN_ET_DC_RF_Vds_max,THIN,DC_RF_Vds_max,threshold,n/a,1.1562,4/5,4/5,STRONG,"Shape consistent in 4/5 folds, direction in 4/5."
THIN_ET_DC_RF_Vg_gm_max,THIN,TOPSIN_ET_DC_RF_Vg_gm_max,TOPSIN,DC_RF_Vg_gm_max,threshold,n/a,0.9417,4/5,4/5,STRONG,"Shape consistent in 4/5 folds, direction in 4/5."
FIC_ET_DC_RF_Vdg_max,FIC,TOPSIN_ET_DC_RF_Vdg_max,TOPSIN,DC_RF_Vdg_max,threshold,n/a,0.6325,4/5,4/5,STRONG,"Shape consistent in 4/5 folds, direction in 4/5."
FIC_ET_Rc_OG142,FIC,OHMIC_ET_Rc_OG142,OHMIC,Rc_OG142,threshold,n/a,1.0907,4/5,4/5,STRONG,"Shape consistent in 4/5 folds, direction in 4/5."
FIC_ET_DC_RF_Vbgd_0p1,FIC,SIN_ET_DC_RF_Vbgd_0p1,SIN,DC_RF_Vbgd_0p1,threshold,n/a,0.9275,5/5,5/5,STRONG,"Shape consistent in 5/5 folds, direction in 5/5."
FIC_ET_DC_RF_Vbgd_0p1,FIC,THIN_ET_DC_RF_Vbgd_0p1,THIN,DC_RF_Vbgd_0p1,threshold,n/a,0.6262,4/5,4/5,STRONG,"Shape consistent in 4/5 folds, direction in 4/5."
THIN_ET_DC_RF_Vbgd1,THIN,TOPSIN_ET_DC_RF_Vbgd1,TOPSIN,DC_RF_Vbgd1,threshold,n/a,1.1491,4/5,4/5,STRONG,"Shape consistent in 4/5 folds, direction in 4/5."
THIN_ET_R_f_tn_1,THIN,TOPSIN_ET_R_f_tn_1,TOPSIN,R_f_tn_1,threshold,negative,1.1,5/5,5/5,STRONG,"Shape consistent in 5/5 folds, direction in 5/5."
FIC_ET_lkg_5,FIC,OHMIC_ET_lkg_5,OHMIC,lkg_5,threshold,n/a,0.9025,5/5,5/5,STRONG,"Shape consistent in 5/5 folds, direction in 5/5."
OHMIC_ET_lkg_5,OHMIC,THIN_ET_lkg_5,THIN,lkg_5,threshold,n/a,1.0045,5/5,5/5,STRONG,"Shape consistent in 5/5 folds, direction in 5/5."
THIN_ET_lkg_5,THIN,TOPSIN_ET_lkg_5,TOPSIN,lkg_5,threshold,n/a,1.4805,5/5,5/5,STRONG,"Shape consistent in 5/5 folds, direction in 5/5."
FIC_ET_OHMC,FIC,OHMIC_ET_OHMC,OHMIC,OHMC,threshold,n/a,1.1495,5/5,5/5,STRONG,"Shape consistent in 5/5 folds, direction in 5/5."
FIC_ET_OHMC,FIC,TOPSIN_ET_OHMC,TOPSIN,OHMC,threshold,n/a,0.7431,5/5,5/5,STRONG,"Shape consistent in 5/5 folds, direction in 5/5."
FIC_ET_DC_RF_Vbin_gs,FIC,SIN_ET_DC_RF_Vbin_gs,SIN,DC_RF_Vbin_gs,threshold,negative,0.98,5/5,4/5,STRONG,"Shape consistent in 5/5 folds, direction in 4/5."
FIC_ET_DC_RF_Vbin_gd,FIC,SIN_ET_DC_RF_Vbin_gd,SIN,DC_RF_Vbin_gd,threshold,n/a,0.803,5/5,5/5,STRONG,"Shape consistent in 5/5 folds, direction in 5/5."
FIC_ET_Gm_max,FIC,TOPSIN_ET_Gm_max,TOPSIN,Gm_max,threshold,negative,2.0358,5/5,5/5,STRONG,"Shape consistent in 5/5 folds, direction in 5/5."
OHMIC_ET_R114,OHMIC,TOPSIN_ET_R114,TOPSIN,R114,threshold,n/a,2.0156,5/5,5/5,STRONG,"Shape consistent in 5/5 folds, direction in 5/5."
FIC_ET_DC_RF_Vbgs_0p01,FIC,SIN_ET_DC_RF_Vbgs_0p01,SIN,DC_RF_Vbgs_0p01,threshold,n/a,1.4681,4/5,4/5,STRONG,"Shape consistent in 4/5 folds, direction in 4/5."
FIC_ET_DC_RF_Vbgs_0p1,FIC,TOPSIN_ET_DC_RF_Vbgs_0p1,TOPSIN,DC_RF_Vbgs_0p1,threshold,n/a,1.1459,5/5,5/5,STRONG,"Shape consistent in 5/5 folds, direction in 5/5."
FIC_ET_DC_RF_Vbgs1,FIC,THIN_ET_DC_RF_Vbgs1,THIN,DC_RF_Vbgs1,threshold,n/a,1.2215,5/5,5/5,STRONG,"Shape consistent in 5/5 folds, direction in 5/5."
FIC_ET_sh_f_hr_23,FIC,THIN_ET_sh_f_hr_23,THIN,sh_f_hr_23,threshold,positive,0.6449,5/5,4/5,STRONG,"Shape consistent in 5/5 folds, direction in 4/5."
OHMIC_ET_R314,OHMIC,TOPSIN_ET_R314,TOPSIN,R314,threshold,n/a,0.9832,4/5,4/5,STRONG,"Shape consistent in 4/5 folds, direction in 4/5."
FIC_ET_DC_RF_Imax,FIC,THIN_ET_DC_RF_Imax,THIN,DC_RF_Imax,threshold,n/a,1.1099,4/5,4/5,STRONG,"Shape consistent in 4/5 folds, direction in 4/5."
FIC_ET_DC_RF_Gm_0,FIC,SIN_ET_DC_RF_Gm_0,SIN,DC_RF_Gm_0,threshold,n/a,0.6185,4/5,4/5,STRONG,"Shape consistent in 4/5 folds, direction in 4/5."
FIC_ET_DC_PIV_Drain_Lag_1,FIC,TOPSIN_ET_DC_PIV_Drain_Lag_1,TOPSIN,DC_PIV_Drain_Lag_1,threshold,n/a,1.6613,5/5,5/5,STRONG,"Shape consistent in 5/5 folds, direction in 5/5."
FIC_ET_DC_RF_Ids_m0p2,FIC,SIN_ET_DC_RF_Ids_m0p2,SIN,DC_RF_Ids_m0p2,threshold,negative,1.3857,5/5,5/5,STRONG,"Shape consistent in 5/5 folds, direction in 5/5."
FIC_ET_DC_RF_Ids_m0p2,FIC,THIN_ET_DC_RF_Ids_m0p2,THIN,DC_RF_Ids_m0p2,threshold,negative,0.9133,4/5,4/5,STRONG,"Shape consistent in 4/5 folds, direction in 4/5."
FIC_ET_DC_RF_Idss,FIC,TOPSIN_ET_DC_RF_Idss,TOPSIN,DC_RF_Idss,threshold,n/a,1.1683,4/5,4/5,STRONG,"Shape consistent in 4/5 folds, direction in 4/5."
SIN_ET_DC_RF_Vt_gs,SIN,TOPSIN_ET_DC_RF_Vt_gs,TOPSIN,DC_RF_Vt_gs,threshold,n/a,0.8314,4/5,4/5,STRONG,"Shape consistent in 4/5 folds, direction in 4/5."
FMESA_ET_Vbkd,FMESA,MESA_ET_Vbkd,MESA,Vbkd,threshold,negative,1.1457,4/5,4/5,STRONG,"Shape consistent in 4/5 folds, direction in 4/5."
FIC_ET_DC_RF_Vt_gd,FIC,TOPSIN_ET_DC_RF_Vt_gd,TOPSIN,DC_RF_Vt_gd,threshold,negative,0.7651,5/5,4/5,STRONG,"Shape consistent in 5/5 folds, direction in 4/5."
SIN_ET_DC_RF_Vt_gd,SIN,THIN_ET_DC_RF_Vt_gd,THIN,DC_RF_Vt_gd,threshold,n/a,1.2542,5/5,5/5,STRONG,"Shape consistent in 5/5 folds, direction in 5/5."
FIC_ET_DC_RF_Gm_max,FIC,TOPSIN_ET_DC_RF_Gm_max,TOPSIN,DC_RF_Gm_max,threshold,n/a,1.1494,4/5,4/5,STRONG,"Shape consistent in 4/5 folds, direction in 4/5."
SIN_ET_DC_RF_Gm_max,SIN,TOPSIN_ET_DC_RF_Gm_max,TOPSIN,DC_RF_Gm_max,threshold,n/a,1.417,4/5,4/5,STRONG,"Shape consistent in 4/5 folds, direction in 4/5."
OHMIC_ET_Ran_con_1,OHMIC,THIN_ET_Ran_con_1,THIN,Ran_con_1,threshold,n/a,1.7948,5/5,5/5,STRONG,"Shape consistent in 5/5 folds, direction in 5/5."
THIN_ET_DC_RF_Id_gm_max,THIN,TOPSIN_ET_DC_RF_Id_gm_max,TOPSIN,DC_RF_Id_gm_max,threshold,n/a,0.5727,4/5,4/5,STRONG,"Shape consistent in 4/5 folds, direction in 4/5."
ANODE_ET_Rsh_an_ct2,ANODE,OHMIC_ET_Rsh_an_ct2,OHMIC,Rsh_an_ct2,threshold,n/a,0.8238,4/5,4/5,STRONG,"Shape consistent in 4/5 folds, direction in 4/5."
ANODE_ET_Ran_con_3_OW_CR,ANODE,THIN_ET_Ran_con_3_OW_CR,THIN,Ran_con_3_OW_CR,threshold,negative,0.9958,5/5,4/5,STRONG,"Shape consistent in 5/5 folds, direction in 4/5."
FIC_ET_Vg_gm_max,FIC,TOPSIN_ET_Vg_gm_max,TOPSIN,Vg_gm_max,threshold,n/a,0.8492,5/5,5/5,STRONG,"Shape consistent in 5/5 folds, direction in 5/5."
FIC_ET_Vds_max,FIC,TOPSIN_ET_Vds_max,TOPSIN,Vds_max,threshold,n/a,0.9888,4/5,4/5,STRONG,"Shape consistent in 4/5 folds, direction in 4/5."
FIC_ET_DC_RF_Imax,FIC,TOPSIN_ET_DC_RF_Imax,TOPSIN,DC_RF_Imax,threshold,n/a,0.3787,4/5,4/5,STRONG,"Shape consistent in 4/5 folds, direction in 4/5."
OHMIC_ET_sh_GA142,OHMIC,THIN_ET_sh_GA142,THIN,sh_GA142,threshold,n/a,1.9524,5/5,5/5,STRONG,"Shape consistent in 5/5 folds, direction in 5/5."
FIC_ET_DC_RF_Vds_max_0p1mA,FIC,SIN_ET_DC_RF_Vds_max_0p1mA,SIN,DC_RF_Vds_max_0p1mA,monotonic,positive,1.2773,0/5,5/5,MODERATE,"Shape consistent in 0/5 folds, direction in 5/5 -- majority but not unanimous."
FIC_ET_DC_RF_Vds_max_0p1,FIC,TOPSIN_ET_DC_RF_Vds_max_0p1,TOPSIN,DC_RF_Vds_max_0p1,threshold,negative,0.8522,4/5,2/5,MODERATE,"Shape consistent in 4/5 folds, direction in 2/5 -- majority but not unanimous."
CATHODE_ET_C_CAT_2,CATHODE,THIN_ET_C_CAT_2,THIN,C_CAT_2,monotonic,positive,1.2474,0/5,3/5,MODERATE,"Shape consistent in 0/5 folds, direction in 3/5 -- majority but not unanimous."
SIN_ET_TR_1F,SIN,TOPSIN_ET_TR_1F,TOPSIN,TR_1F,threshold,negative,0.8074,4/5,3/5,MODERATE,"Shape consistent in 4/5 folds, direction in 3/5 -- majority but not unanimous."
FIC_ET_DC_RF_Vdg_max_0p1,FIC,SIN_ET_DC_RF_Vdg_max_0p1,SIN,DC_RF_Vdg_max_0p1,threshold,n/a,0.782,3/5,3/5,MODERATE,"Shape consistent in 3/5 folds, direction in 3/5 -- majority but not unanimous."
FIC_ET_DC_RF_Vdg_max,FIC,THIN_ET_DC_RF_Vdg_max,THIN,DC_RF_Vdg_max,threshold,negative,0.721,3/5,3/5,MODERATE,"Shape consistent in 3/5 folds, direction in 3/5 -- majority but not unanimous."
OHMIC_ET_R314,OHMIC,THIN_ET_R314,THIN,R314,threshold,positive,0.9521,3/5,2/5,MODERATE,"Shape consistent in 3/5 folds, direction in 2/5 -- majority but not unanimous."
SIN_ET_DC_RF_Vbgs1,SIN,THIN_ET_DC_RF_Vbgs1,THIN,DC_RF_Vbgs1,threshold,positive,1.2488,3/5,3/5,MODERATE,"Shape consistent in 3/5 folds, direction in 3/5 -- majority but not unanimous."
SIN_ET_DC_RF_Vbgd_0p01,SIN,TOPSIN_ET_DC_RF_Vbgd_0p01,TOPSIN,DC_RF_Vbgd_0p01,threshold,n/a,1.441,3/5,3/5,MODERATE,"Shape consistent in 3/5 folds, direction in 3/5 -- majority but not unanimous."
FIC_ET_sh_f_hr_23,FIC,TOPSIN_ET_sh_f_hr_23,TOPSIN,sh_f_hr_23,threshold,negative,0.4289,5/5,3/5,MODERATE,"Shape consistent in 5/5 folds, direction in 3/5 -- majority but not unanimous."
FIC_ET_DC_RF_n_gd,FIC,SIN_ET_DC_RF_n_gd,SIN,DC_RF_n_gd,threshold,n/a,0.9394,3/5,3/5,MODERATE,"Shape consistent in 3/5 folds, direction in 3/5 -- majority but not unanimous."
THIN_ET_DC_RF_Imax,THIN,TOPSIN_ET_DC_RF_Imax,TOPSIN,DC_RF_Imax,threshold,negative,0.7557,4/5,3/5,MODERATE,"Shape consistent in 4/5 folds, direction in 3/5 -- majority but not unanimous."
FIC_ET_R_f_hr_3,FIC,TOPSIN_ET_R_f_hr_3,TOPSIN,R_f_hr_3,threshold,positive,1.3961,3/5,3/5,MODERATE,"Shape consistent in 3/5 folds, direction in 3/5 -- majority but not unanimous."
FIC_ET_R_f_tn_1,FIC,TOPSIN_ET_R_f_tn_1,TOPSIN,R_f_tn_1,monotonic,negative,1.1519,2/5,3/5,MODERATE,"Shape consistent in 2/5 folds, direction in 3/5 -- majority but not unanimous."
FIC_ET_DC_RF_Vds_max,FIC,SIN_ET_DC_RF_Vds_max,SIN,DC_RF_Vds_max,threshold,n/a,0.8863,3/5,3/5,MODERATE,"Shape consistent in 3/5 folds, direction in 3/5 -- majority but not unanimous."
FIC_ET_DC_RF_Vdg_max_0p1mA,FIC,SIN_ET_DC_RF_Vdg_max_0p1mA,SIN,DC_RF_Vdg_max_0p1mA,monotonic,negative,1.0681,0/5,4/5,MODERATE,"Shape consistent in 0/5 folds, direction in 4/5 -- majority but not unanimous."
SIN_ET_DC_RF_Vdg_max_0p1,SIN,TOPSIN_ET_DC_RF_Vdg_max_0p1,TOPSIN,DC_RF_Vdg_max_0p1,threshold,positive,0.5916,3/5,2/5,MODERATE,"Shape consistent in 3/5 folds, direction in 2/5 -- majority but not unanimous."
FIC_ET_Gm_m2,FIC,TOPSIN_ET_Gm_m2,TOPSIN,Gm_m2,threshold,negative,0.8658,3/5,1/5,MODERATE,"Shape consistent in 3/5 folds, direction in 1/5 -- majority but not unanimous."
CATHODE_ET_Rcat_cn_1_OW_ST,CATHODE,THIN_ET_Rcat_cn_1_OW_ST,THIN,Rcat_cn_1_OW_ST,threshold,negative,0.3935,4/5,2/5,MODERATE,"Shape consistent in 4/5 folds, direction in 2/5 -- majority but not unanimous."
CATHODE_ET_Rc_cat_ct2,CATHODE,THIN_ET_Rc_cat_ct2,THIN,Rc_cat_ct2,threshold,n/a,0.935,3/5,3/5,MODERATE,"Shape consistent in 3/5 folds, direction in 3/5 -- majority but not unanimous."
CATHODE_ET_Rsh_cat_c2,CATHODE,THIN_ET_Rsh_cat_c2,THIN,Rsh_cat_c2,threshold,n/a,0.7438,3/5,3/5,MODERATE,"Shape consistent in 3/5 folds, direction in 3/5 -- majority but not unanimous."
FIC_ET_G_per_6K,FIC,TOPSIN_ET_G_per_6K,TOPSIN,G_per_6K,threshold,positive,0.5523,3/5,1/5,MODERATE,"Shape consistent in 3/5 folds, direction in 1/5 -- majority but not unanimous."
FIC_ET_DC_RF_Vg_optt,FIC,SIN_ET_DC_RF_Vg_optt,SIN,DC_RF_Vg_optt,threshold,positive,0.5372,3/5,1/5,MODERATE,"Shape consistent in 3/5 folds, direction in 1/5 -- majority but not unanimous."
FIC_ET_DC_RF_Vg_max_Vd,FIC,SIN_ET_DC_RF_Vg_max_Vd,SIN,DC_RF_Vg_max_Vd,monotonic,negative,1.319,1/5,5/5,MODERATE,"Shape consistent in 1/5 folds, direction in 5/5 -- majority but not unanimous."
FIC_ET_DC_RF_Vg_gm_max,FIC,SIN_ET_DC_RF_Vg_gm_max,SIN,DC_RF_Vg_gm_max,threshold,negative,0.8091,4/5,2/5,MODERATE,"Shape consistent in 4/5 folds, direction in 2/5 -- majority but not unanimous."
FIC_ET_R_f_hr_1,FIC,TOPSIN_ET_R_f_hr_1,TOPSIN,R_f_hr_1,threshold,n/a,0.7243,3/5,3/5,MODERATE,"Shape consistent in 3/5 folds, direction in 3/5 -- majority but not unanimous."
THIN_ET_R_f_hr_3,THIN,TOPSIN_ET_R_f_hr_3,TOPSIN,R_f_hr_3,threshold,positive,1.5303,3/5,2/5,MODERATE,"Shape consistent in 3/5 folds, direction in 2/5 -- majority but not unanimous."
FIC_ET_HIRS,FIC,THIN_ET_HIRS,THIN,HIRS,threshold,positive,0.4161,3/5,1/5,MODERATE,"Shape consistent in 3/5 folds, direction in 1/5 -- majority but not unanimous."
FIC_ET_R_f_hr_2,FIC,TOPSIN_ET_R_f_hr_2,TOPSIN,R_f_hr_2,threshold,positive,1.2319,3/5,4/5,MODERATE,"Shape consistent in 3/5 folds, direction in 4/5 -- majority but not unanimous."
FIC_ET_R_f_hr_2,FIC,THIN_ET_R_f_hr_2,THIN,R_f_hr_2,threshold,n/a,0.6058,3/5,3/5,MODERATE,"Shape consistent in 3/5 folds, direction in 3/5 -- majority but not unanimous."
THIN_ET_R_f_hr_2,THIN,TOPSIN_ET_R_f_hr_2,TOPSIN,R_f_hr_2,threshold,positive,1.4439,3/5,4/5,MODERATE,"Shape consistent in 3/5 folds, direction in 4/5 -- majority but not unanimous."
SIN_ET_DC_RF_Vbin_gs,SIN,THIN_ET_DC_RF_Vbin_gs,THIN,DC_RF_Vbin_gs,monotonic,positive,1.5193,1/5,5/5,MODERATE,"Shape consistent in 1/5 folds, direction in 5/5 -- majority but not unanimous."
FIC_ET_HIRS,FIC,TOPSIN_ET_HIRS,TOPSIN,HIRS,threshold,positive,0.8708,4/5,2/5,MODERATE,"Shape consistent in 4/5 folds, direction in 2/5 -- majority but not unanimous."
SIN_ET_DC_RF_Vbgs1,SIN,TOPSIN_ET_DC_RF_Vbgs1,TOPSIN,DC_RF_Vbgs1,threshold,n/a,0.8783,3/5,3/5,MODERATE,"Shape consistent in 3/5 folds, direction in 3/5 -- majority but not unanimous."
THIN_ET_DC_RF_Vbgs1,THIN,TOPSIN_ET_DC_RF_Vbgs1,TOPSIN,DC_RF_Vbgs1,threshold,negative,1.2982,4/5,3/5,MODERATE,"Shape consistent in 4/5 folds, direction in 3/5 -- majority but not unanimous."
FIC_ET_DC_RF_Vbin_gd,FIC,THIN_ET_DC_RF_Vbin_gd,THIN,DC_RF_Vbin_gd,threshold,n/a,0.6298,3/5,3/5,MODERATE,"Shape consistent in 3/5 folds, direction in 3/5 -- majority but not unanimous."
FIC_ET_DC_RF_Vbin_gd,FIC,TOPSIN_ET_DC_RF_Vbin_gd,TOPSIN,DC_RF_Vbin_gd,threshold,negative,1.2434,3/5,3/5,MODERATE,"Shape consistent in 3/5 folds, direction in 3/5 -- majority but not unanimous."
FIC_ET_DC_RF_Vbin_gs,FIC,TOPSIN_ET_DC_RF_Vbin_gs,TOPSIN,DC_RF_Vbin_gs,threshold,negative,0.4631,3/5,2/5,MODERATE,"Shape consistent in 3/5 folds, direction in 2/5 -- majority but not unanimous."
FIC_ET_DC_RF_n_gd,FIC,THIN_ET_DC_RF_n_gd,THIN,DC_RF_n_gd,threshold,positive,0.6014,3/5,2/5,MODERATE,"Shape consistent in 3/5 folds, direction in 2/5 -- majority but not unanimous."
THIN_ET_DC_RF_Vbgd_0p01,THIN,TOPSIN_ET_DC_RF_Vbgd_0p01,TOPSIN,DC_RF_Vbgd_0p01,threshold,n/a,1.4012,3/5,3/5,MODERATE,"Shape consistent in 3/5 folds, direction in 3/5 -- majority but not unanimous."
THIN_ET_DC_RF_Vbgs_0p1,THIN,TOPSIN_ET_DC_RF_Vbgs_0p1,TOPSIN,DC_RF_Vbgs_0p1,threshold,n/a,1.09,3/5,3/5,MODERATE,"Shape consistent in 3/5 folds, direction in 3/5 -- majority but not unanimous."
FIC_ET_R_f_tn_2,FIC,THIN_ET_R_f_tn_2,THIN,R_f_tn_2,monotonic,positive,0.8718,0/5,5/5,MODERATE,"Shape consistent in 0/5 folds, direction in 5/5 -- majority but not unanimous."
FIC_ET_R314,FIC,OHMIC_ET_R314,OHMIC,R314,threshold,n/a,0.9852,3/5,3/5,MODERATE,"Shape consistent in 3/5 folds, direction in 3/5 -- majority but not unanimous."
FIC_ET_R314,FIC,THIN_ET_R314,THIN,R314,threshold,negative,0.5537,3/5,1/5,MODERATE,"Shape consistent in 3/5 folds, direction in 1/5 -- majority but not unanimous."
FIC_ET_R_f_tn_3,FIC,THIN_ET_R_f_tn_3,THIN,R_f_tn_3,threshold,n/a,0.6937,3/5,3/5,MODERATE,"Shape consistent in 3/5 folds, direction in 3/5 -- majority but not unanimous."
THIN_ET_R_f_tn_2,THIN,TOPSIN_ET_R_f_tn_2,TOPSIN,R_f_tn_2,threshold,negative,0.5516,3/5,1/5,MODERATE,"Shape consistent in 3/5 folds, direction in 1/5 -- majority but not unanimous."
OHMIC_ET_OHMC,OHMIC,TOPSIN_ET_OHMC,TOPSIN,OHMC,threshold,n/a,0.7696,3/5,3/5,MODERATE,"Shape consistent in 3/5 folds, direction in 3/5 -- majority but not unanimous."
FIC_ET_R_f_hr_1,FIC,THIN_ET_R_f_hr_1,THIN,R_f_hr_1,threshold,negative,0.7756,4/5,2/5,MODERATE,"Shape consistent in 4/5 folds, direction in 2/5 -- majority but not unanimous."
FIC_ET_DC_RF_Vbgd_0p01,FIC,SIN_ET_DC_RF_Vbgd_0p01,SIN,DC_RF_Vbgd_0p01,threshold,n/a,1.8877,3/5,3/5,MODERATE,"Shape consistent in 3/5 folds, direction in 3/5 -- majority but not unanimous."
THIN_ET_TANR,THIN,TOPSIN_ET_TANR,TOPSIN,TANR,threshold,positive,1.045,4/5,2/5,MODERATE,"Shape consistent in 4/5 folds, direction in 2/5 -- majority but not unanimous."
SIN_ET_DC_RF_Vg_gm_max,SIN,TOPSIN_ET_DC_RF_Vg_gm_max,TOPSIN,DC_RF_Vg_gm_max,threshold,negative,0.3733,4/5,0/5,MODERATE,"Shape consistent in 4/5 folds, direction in 0/5 -- majority but not unanimous."
FIC_ET_DC_RF_Vg_optt1,FIC,SIN_ET_DC_RF_Vg_optt1,SIN,DC_RF_Vg_optt1,threshold,negative,0.8621,3/5,2/5,MODERATE,"Shape consistent in 3/5 folds, direction in 2/5 -- majority but not unanimous."
SIN_ET_DC_RF_Vg_optt,SIN,TOPSIN_ET_DC_RF_Vg_optt,TOPSIN,DC_RF_Vg_optt,threshold,n/a,1.099,3/5,3/5,MODERATE,"Shape consistent in 3/5 folds, direction in 3/5 -- majority but not unanimous."
BRGM_ET_Rsh_F_AB_2,BRGM,THIN_ET_Rsh_F_AB_2,THIN,Rsh_F_AB_2,complex_nonmonotonic,n/a,1.3357,3/5,3/5,MODERATE,"Shape consistent in 3/5 folds, direction in 3/5 -- majority but not unanimous."
FIC_ET_DC_RF_Vds_max,FIC,THIN_ET_DC_RF_Vds_max,THIN,DC_RF_Vds_max,threshold,negative,0.7668,3/5,2/5,MODERATE,"Shape consistent in 3/5 folds, direction in 2/5 -- majority but not unanimous."
CATHODE_ET_C_CAT_2_OW_ST,CATHODE,THIN_ET_C_CAT_2_OW_ST,THIN,C_CAT_2_OW_ST,monotonic,positive,1.0728,0/5,3/5,MODERATE,"Shape consistent in 0/5 folds, direction in 3/5 -- majority but not unanimous."
SIN_ET_DC_RF_Vboff,SIN,TOPSIN_ET_DC_RF_Vboff,TOPSIN,DC_RF_Vboff,threshold,negative,0.4965,3/5,2/5,MODERATE,"Shape consistent in 3/5 folds, direction in 2/5 -- majority but not unanimous."
FIC_ET_DC_RF_Vp_1,FIC,TOPSIN_ET_DC_RF_Vp_1,TOPSIN,DC_RF_Vp_1,threshold,n/a,1.0,3/5,3/5,MODERATE,"Shape consistent in 3/5 folds, direction in 3/5 -- majority but not unanimous."
ANODE_ET_Ran_con_1,ANODE,OHMIC_ET_Ran_con_1,OHMIC,Ran_con_1,monotonic,negative,1.1425,0/5,5/5,MODERATE,"Shape consistent in 0/5 folds, direction in 5/5 -- majority but not unanimous."
BRGM_ET_i5021_3,BRGM,THIN_ET_i5021_3,THIN,i5021_3,threshold,n/a,1.4323,3/5,3/5,MODERATE,"Shape consistent in 3/5 folds, direction in 3/5 -- majority but not unanimous."
FIC_ET_DC_RF_Vp_01,FIC,SIN_ET_DC_RF_Vp_01,SIN,DC_RF_Vp_01,threshold,positive,0.5718,3/5,1/5,MODERATE,"Shape consistent in 3/5 folds, direction in 1/5 -- majority but not unanimous."
SIN_ET_DC_RF_Vg_optt2,SIN,THIN_ET_DC_RF_Vg_optt2,THIN,DC_RF_Vg_optt2,threshold,n/a,0.7742,3/5,3/5,MODERATE,"Shape consistent in 3/5 folds, direction in 3/5 -- majority but not unanimous."
SIN_ET_DC_RF_Vg_max_Vd,SIN,TOPSIN_ET_DC_RF_Vg_max_Vd,TOPSIN,DC_RF_Vg_max_Vd,complex_nonmonotonic,n/a,1.8595,3/5,3/5,MODERATE,"Shape consistent in 3/5 folds, direction in 3/5 -- majority but not unanimous."
THIN_ET_KLV_F_AB_4u,THIN,TOPSIN_ET_KLV_F_AB_4u,TOPSIN,KLV_F_AB_4u,threshold,negative,0.6351,4/5,3/5,MODERATE,"Shape consistent in 4/5 folds, direction in 3/5 -- majority but not unanimous."
FIC_ET_DC_RF_Vp_1,FIC,THIN_ET_DC_RF_Vp_1,THIN,DC_RF_Vp_1,threshold,positive,0.6847,3/5,3/5,MODERATE,"Shape consistent in 3/5 folds, direction in 3/5 -- majority but not unanimous."
FIC_ET_DC_RF_Vp_01,FIC,TOPSIN_ET_DC_RF_Vp_01,TOPSIN,DC_RF_Vp_01,threshold,negative,1.2492,5/5,1/5,MODERATE,"Shape consistent in 5/5 folds, direction in 1/5 -- majority but not unanimous."
SIN_ET_DC_RF_Vg_optt1,SIN,THIN_ET_DC_RF_Vg_optt1,THIN,DC_RF_Vg_optt1,monotonic,positive,1.3765,0/5,3/5,MODERATE,"Shape consistent in 0/5 folds, direction in 3/5 -- majority but not unanimous."
FIC_ET_DC_RF_Vg_optt2,FIC,THIN_ET_DC_RF_Vg_optt2,THIN,DC_RF_Vg_optt2,monotonic,negative,0.9864,0/5,3/5,MODERATE,"Shape consistent in 0/5 folds, direction in 3/5 -- majority but not unanimous."
ANODE_ET_Rsh_an_ct2_OW_CR,ANODE,THIN_ET_Rsh_an_ct2_OW_CR,THIN,Rsh_an_ct2_OW_CR,threshold,negative,0.6036,3/5,0/5,MODERATE,"Shape consistent in 3/5 folds, direction in 0/5 -- majority but not unanimous."
BRGM_ET_C100,BRGM,THIN_ET_C100,THIN,C100,threshold,n/a,1.1206,3/5,3/5,MODERATE,"Shape consistent in 3/5 folds, direction in 3/5 -- majority but not unanimous."
THIN_ET_DC_RF_Vt_gs,THIN,TOPSIN_ET_DC_RF_Vt_gs,TOPSIN,DC_RF_Vt_gs,threshold,negative,0.9592,3/5,3/5,MODERATE,"Shape consistent in 3/5 folds, direction in 3/5 -- majority but not unanimous."
ANODE_ET_Ran_con_2_OW_CR,ANODE,THIN_ET_Ran_con_2_OW_CR,THIN,Ran_con_2_OW_CR,threshold,negative,0.6774,3/5,2/5,MODERATE,"Shape consistent in 3/5 folds, direction in 2/5 -- majority but not unanimous."
ANODE_ET_Ran_con_2,ANODE,THIN_ET_Ran_con_2,THIN,Ran_con_2,threshold,n/a,0.7675,3/5,3/5,MODERATE,"Shape consistent in 3/5 folds, direction in 3/5 -- majority but not unanimous."
OHMIC_ET_Ran_con_3,OHMIC,THIN_ET_Ran_con_3,THIN,Ran_con_3,threshold,n/a,0.8852,3/5,3/5,MODERATE,"Shape consistent in 3/5 folds, direction in 3/5 -- majority but not unanimous."
FIC_ET_DC_RF_Vt_gs,FIC,THIN_ET_DC_RF_Vt_gs,THIN,DC_RF_Vt_gs,monotonic,positive,0.9425,1/5,4/5,MODERATE,"Shape consistent in 1/5 folds, direction in 4/5 -- majority but not unanimous."
FIC_ET_DC_RF_Vt_gs,FIC,TOPSIN_ET_DC_RF_Vt_gs,TOPSIN,DC_RF_Vt_gs,threshold,n/a,0.7519,3/5,3/5,MODERATE,"Shape consistent in 3/5 folds, direction in 3/5 -- majority but not unanimous."
SIN_ET_DC_RF_Vp_1,SIN,THIN_ET_DC_RF_Vp_1,THIN,DC_RF_Vp_1,threshold,n/a,0.709,3/5,3/5,MODERATE,"Shape consistent in 3/5 folds, direction in 3/5 -- majority but not unanimous."
ANODE_ET_Rsh_an_ct2,ANODE,THIN_ET_Rsh_an_ct2,THIN,Rsh_an_ct2,threshold,positive,0.3986,4/5,2/5,MODERATE,"Shape consistent in 4/5 folds, direction in 2/5 -- majority but not unanimous."
SIN_ET_DC_RF_Ids_m0p2,SIN,TOPSIN_ET_DC_RF_Ids_m0p2,TOPSIN,DC_RF_Ids_m0p2,threshold,n/a,0.5384,3/5,3/5,MODERATE,"Shape consistent in 3/5 folds, direction in 3/5 -- majority but not unanimous."
FIC_ET_Vdg_max,FIC,TOPSIN_ET_Vdg_max,TOPSIN,Vdg_max,threshold,negative,0.6624,3/5,1/5,MODERATE,"Shape consistent in 3/5 folds, direction in 1/5 -- majority but not unanimous."
THIN_ET_DC_RF_Gm_max,THIN,TOPSIN_ET_DC_RF_Gm_max,TOPSIN,DC_RF_Gm_max,threshold,positive,1.0953,4/5,2/5,MODERATE,"Shape consistent in 4/5 folds, direction in 2/5 -- majority but not unanimous."
SIN_ET_DC_RF_Gm_max,SIN,THIN_ET_DC_RF_Gm_max,THIN,DC_RF_Gm_max,threshold,positive,0.8052,3/5,3/5,MODERATE,"Shape consistent in 3/5 folds, direction in 3/5 -- majority but not unanimous."
FIC_ET_DC_RF_Id_gm_max,FIC,TOPSIN_ET_DC_RF_Id_gm_max,TOPSIN,DC_RF_Id_gm_max,threshold,negative,0.8074,4/5,3/5,MODERATE,"Shape consistent in 4/5 folds, direction in 3/5 -- majority but not unanimous."
FIC_ET_DC_RF_Id_gm_max,FIC,THIN_ET_DC_RF_Id_gm_max,THIN,DC_RF_Id_gm_max,threshold,negative,0.7823,4/5,3/5,MODERATE,"Shape consistent in 4/5 folds, direction in 3/5 -- majority but not unanimous."
FIC_ET_DC_RF_Gm_max,FIC,SIN_ET_DC_RF_Gm_max,SIN,DC_RF_Gm_max,threshold,negative,0.4948,4/5,1/5,MODERATE,"Shape consistent in 4/5 folds, direction in 1/5 -- majority but not unanimous."
SIN_ET_DC_RF_Gm_0,SIN,THIN_ET_DC_RF_Gm_0,THIN,DC_RF_Gm_0,threshold,negative,0.5803,3/5,2/5,MODERATE,"Shape consistent in 3/5 folds, direction in 2/5 -- majority but not unanimous."
SIN_ET_DC_RF_Vt_gs,SIN,THIN_ET_DC_RF_Vt_gs,THIN,DC_RF_Vt_gs,monotonic,positive,1.3213,0/5,4/5,MODERATE,"Shape consistent in 0/5 folds, direction in 4/5 -- majority but not unanimous."
FIC_ET_DC_PIV_Ids0_QP3,FIC,TOPSIN_ET_DC_PIV_Ids0_QP3,TOPSIN,DC_PIV_Ids0_QP3,threshold,n/a,0.5965,3/5,3/5,MODERATE,"Shape consistent in 3/5 folds, direction in 3/5 -- majority but not unanimous."
FIC_ET_Vp_1,FIC,TOPSIN_ET_Vp_1,TOPSIN,Vp_1,threshold,n/a,0.506,3/5,3/5,MODERATE,"Shape consistent in 3/5 folds, direction in 3/5 -- majority but not unanimous."
SIN_ET_DC_RF_n_gd,SIN,THIN_ET_DC_RF_n_gd,THIN,DC_RF_n_gd,threshold,negative,0.8048,3/5,0/5,MODERATE,"Shape consistent in 3/5 folds, direction in 0/5 -- majority but not unanimous."
THIN_ET_DC_RF_n_gs,THIN,TOPSIN_ET_DC_RF_n_gs,TOPSIN,DC_RF_n_gs,threshold,n/a,1.2222,3/5,3/5,MODERATE,"Shape consistent in 3/5 folds, direction in 3/5 -- majority but not unanimous."
SIN_ET_DC_RF_n_gd,SIN,TOPSIN_ET_DC_RF_n_gd,TOPSIN,DC_RF_n_gd,threshold,n/a,0.7958,3/5,3/5,MODERATE,"Shape consistent in 3/5 folds, direction in 3/5 -- majority but not unanimous."
SIN_ET_DC_RF_Idss,SIN,TOPSIN_ET_DC_RF_Idss,TOPSIN,DC_RF_Idss,threshold,n/a,0.8543,3/5,3/5,MODERATE,"Shape consistent in 3/5 folds, direction in 3/5 -- majority but not unanimous."
FIC_ET_DC_PIV_Gate_Lag_0,FIC,TOPSIN_ET_DC_PIV_Gate_Lag_0,TOPSIN,DC_PIV_Gate_Lag_0,complex_nonmonotonic,n/a,1.9896,3/5,3/5,MODERATE,"Shape consistent in 3/5 folds, direction in 3/5 -- majority but not unanimous."
FIC_ET_DC_PIV_Ids0_QP2,FIC,TOPSIN_ET_DC_PIV_Ids0_QP2,TOPSIN,DC_PIV_Ids0_QP2,threshold,negative,0.5809,3/5,1/5,MODERATE,"Shape consistent in 3/5 folds, direction in 1/5 -- majority but not unanimous."
FIC_ET_DC_RF_n_gs,FIC,THIN_ET_DC_RF_n_gs,THIN,DC_RF_n_gs,threshold,negative,0.9475,3/5,1/5,MODERATE,"Shape consistent in 3/5 folds, direction in 1/5 -- majority but not unanimous."
THIN_ET_DC_RF_n_gd,THIN,TOPSIN_ET_DC_RF_n_gd,TOPSIN,DC_RF_n_gd,threshold,negative,0.3552,3/5,1/5,MODERATE,"Shape consistent in 3/5 folds, direction in 1/5 -- majority but not unanimous."
FIC_ET_DC_RF_Vp_1,FIC,SIN_ET_DC_RF_Vp_1,SIN,DC_RF_Vp_1,threshold,positive,0.6795,2/5,1/5,WEAK,"Shape consistent in 2/5 folds, direction in 1/5 -- inconsistent."
BRGM_ET_ABVIETCH,BRGM,TOPSIN_ET_ABVIETCH,TOPSIN,ABVIETCH,complex_nonmonotonic,n/a,2.2078,2/5,2/5,WEAK,"Shape consistent in 2/5 folds, direction in 2/5 -- inconsistent."
SIN_ET_DC_RF_Vds_max_0p1mA,SIN,THIN_ET_DC_RF_Vds_max_0p1mA,THIN,DC_RF_Vds_max_0p1mA,inverted_U,n/a,1.5901,2/5,2/5,WEAK,"Shape consistent in 2/5 folds, direction in 2/5 -- inconsistent."
BRGM_ET_C200_0,BRGM,THIN_ET_C200_0,THIN,C200_0,complex_nonmonotonic,n/a,1.6006,2/5,2/5,WEAK,"Shape consistent in 2/5 folds, direction in 2/5 -- inconsistent."
SIN_ET_DC_RF_Vp_01,SIN,THIN_ET_DC_RF_Vp_01,THIN,DC_RF_Vp_01,threshold,n/a,1.3339,2/5,2/5,WEAK,"Shape consistent in 2/5 folds, direction in 2/5 -- inconsistent."
FIC_ET_Rc_f_tn_23,FIC,THIN_ET_Rc_f_tn_23,THIN,Rc_f_tn_23,threshold,positive,0.9464,2/5,2/5,WEAK,"Shape consistent in 2/5 folds, direction in 2/5 -- inconsistent."
THIN_ET_R114,THIN,TOPSIN_ET_R114,TOPSIN,R114,threshold,n/a,0.81,2/5,2/5,WEAK,"Shape consistent in 2/5 folds, direction in 2/5 -- inconsistent."
FIC_ET_R114,FIC,TOPSIN_ET_R114,TOPSIN,R114,threshold,negative,1.1118,2/5,1/5,WEAK,"Shape consistent in 2/5 folds, direction in 1/5 -- inconsistent."
FIC_ET_R_f_tn_2,FIC,TOPSIN_ET_R_f_tn_2,TOPSIN,R_f_tn_2,threshold,positive,0.7966,2/5,2/5,WEAK,"Shape consistent in 2/5 folds, direction in 2/5 -- inconsistent."
FIC_ET_R214,FIC,OHMIC_ET_R214,OHMIC,R214,threshold,positive,0.381,2/5,1/5,WEAK,"Shape consistent in 2/5 folds, direction in 1/5 -- inconsistent."
FIC_ET_DC_RF_Vbgs_0p01,FIC,TOPSIN_ET_DC_RF_Vbgs_0p01,TOPSIN,DC_RF_Vbgs_0p01,complex_nonmonotonic,n/a,1.6531,2/5,2/5,WEAK,"Shape consistent in 2/5 folds, direction in 2/5 -- inconsistent."
THIN_ET_DC_RF_Vbgs_0p01,THIN,TOPSIN_ET_DC_RF_Vbgs_0p01,TOPSIN,DC_RF_Vbgs_0p01,complex_nonmonotonic,n/a,1.9878,2/5,2/5,WEAK,"Shape consistent in 2/5 folds, direction in 2/5 -- inconsistent."
SIN_ET_DC_RF_Vbgs_0p1,SIN,TOPSIN_ET_DC_RF_Vbgs_0p1,TOPSIN,DC_RF_Vbgs_0p1,complex_nonmonotonic,n/a,1.1001,2/5,2/5,WEAK,"Shape consistent in 2/5 folds, direction in 2/5 -- inconsistent."
FIC_ET_DC_RF_Vbin_gs,FIC,THIN_ET_DC_RF_Vbin_gs,THIN,DC_RF_Vbin_gs,complex_nonmonotonic,n/a,1.0062,2/5,2/5,WEAK,"Shape consistent in 2/5 folds, direction in 2/5 -- inconsistent."
FIC_ET_DC_RF_Vboff,FIC,TOPSIN_ET_DC_RF_Vboff,TOPSIN,DC_RF_Vboff,threshold,positive,0.5964,2/5,0/5,WEAK,"Shape consistent in 2/5 folds, direction in 0/5 -- inconsistent."
FIC_ET_Ids_m2,FIC,TOPSIN_ET_Ids_m2,TOPSIN,Ids_m2,complex_nonmonotonic,n/a,1.4,2/5,2/5,WEAK,"Shape consistent in 2/5 folds, direction in 2/5 -- inconsistent."
FIC_ET_DC_RF_Vboff,FIC,SIN_ET_DC_RF_Vboff,SIN,DC_RF_Vboff,threshold,n/a,0.5204,2/5,2/5,WEAK,"Shape consistent in 2/5 folds, direction in 2/5 -- inconsistent."
THIN_ET_DC_RF_Vbin_gs,THIN,TOPSIN_ET_DC_RF_Vbin_gs,TOPSIN,DC_RF_Vbin_gs,monotonic,negative,0.6802,0/5,2/5,WEAK,"Shape consistent in 0/5 folds, direction in 2/5 -- inconsistent."
THIN_ET_OHMC,THIN,TOPSIN_ET_OHMC,TOPSIN,OHMC,threshold,positive,1.0472,2/5,2/5,WEAK,"Shape consistent in 2/5 folds, direction in 2/5 -- inconsistent."
SIN_ET_DC_RF_Vg_gm_max,SIN,THIN_ET_DC_RF_Vg_gm_max,THIN,DC_RF_Vg_gm_max,threshold,positive,0.5787,2/5,1/5,WEAK,"Shape consistent in 2/5 folds, direction in 1/5 -- inconsistent."
CATHODE_ET_Rcat_cn_1,CATHODE,THIN_ET_Rcat_cn_1,THIN,Rcat_cn_1,threshold,negative,0.6334,2/5,2/5,WEAK,"Shape consistent in 2/5 folds, direction in 2/5 -- inconsistent."
BRGM_ET_KLV_F_M1_4u,BRGM,TOPSIN_ET_KLV_F_M1_4u,TOPSIN,KLV_F_M1_4u,complex_nonmonotonic,n/a,2.0607,2/5,2/5,WEAK,"Shape consistent in 2/5 folds, direction in 2/5 -- inconsistent."
FIC_ET_DC_PIV_Ids1_QP2,FIC,TOPSIN_ET_DC_PIV_Ids1_QP2,TOPSIN,DC_PIV_Ids1_QP2,threshold,n/a,0.3416,2/5,2/5,WEAK,"Shape consistent in 2/5 folds, direction in 2/5 -- inconsistent."
FIC_ET_DC_RF_Idss,FIC,SIN_ET_DC_RF_Idss,SIN,DC_RF_Idss,monotonic,positive,1.1367,0/5,2/5,WEAK,"Shape consistent in 0/5 folds, direction in 2/5 -- inconsistent."
FIC_ET_DC_RF_Imax,FIC,SIN_ET_DC_RF_Imax,SIN,DC_RF_Imax,threshold,positive,0.5242,2/5,1/5,WEAK,"Shape consistent in 2/5 folds, direction in 1/5 -- inconsistent."
FIC_ET_sh_GA142,FIC,OHMIC_ET_sh_GA142,OHMIC,sh_GA142,inverted_U,n/a,1.4724,2/5,2/5,WEAK,"Shape consistent in 2/5 folds, direction in 2/5 -- inconsistent."
THIN_ET_sh_f_tn_23,THIN,TOPSIN_ET_sh_f_tn_23,TOPSIN,sh_f_tn_23,complex_nonmonotonic,n/a,1.2666,2/5,2/5,WEAK,"Shape consistent in 2/5 folds, direction in 2/5 -- inconsistent."
FIC_ET_TANR,FIC,THIN_ET_TANR,THIN,TANR,threshold,n/a,0.9999,2/5,2/5,WEAK,"Shape consistent in 2/5 folds, direction in 2/5 -- inconsistent."
FIC_ET_Vg_Vds_max,FIC,TOPSIN_ET_Vg_Vds_max,TOPSIN,Vg_Vds_max,monotonic,positive,1.0663,0/5,2/5,WEAK,"Shape consistent in 0/5 folds, direction in 2/5 -- inconsistent."
FIC_ET_DC_RF_Gm_0,FIC,THIN_ET_DC_RF_Gm_0,THIN,DC_RF_Gm_0,threshold,negative,0.5935,2/5,1/5,WEAK,"Shape consistent in 2/5 folds, direction in 1/5 -- inconsistent."
OHMIC_ET_Ran_con_2,OHMIC,THIN_ET_Ran_con_2,THIN,Ran_con_2,threshold,n/a,0.7086,2/5,2/5,WEAK,"Shape consistent in 2/5 folds, direction in 2/5 -- inconsistent."
THIN_ET_DC_RF_Vt_gd,THIN,TOPSIN_ET_DC_RF_Vt_gd,TOPSIN,DC_RF_Vt_gd,threshold,n/a,0.733,2/5,2/5,WEAK,"Shape consistent in 2/5 folds, direction in 2/5 -- inconsistent."
FIC_ET_DC_RF_Vt_gs,FIC,SIN_ET_DC_RF_Vt_gs,SIN,DC_RF_Vt_gs,complex_nonmonotonic,n/a,0.8758,1/5,1/5,INCONCLUSIVE,Shape/direction agree in only 1/5 and 1/5 folds.
SIN_ET_DC_RF_Vt_gd,SIN,TOPSIN_ET_DC_RF_Vt_gd,TOPSIN,DC_RF_Vt_gd,complex_nonmonotonic,n/a,1.1374,0/5,0/5,INCONCLUSIVE,Shape/direction agree in only 0/5 and 0/5 folds.
FIC_ET_DC_RF_Vt_gd,FIC,THIN_ET_DC_RF_Vt_gd,THIN,DC_RF_Vt_gd,inverted_U,n/a,1.1847,0/5,0/5,INCONCLUSIVE,Shape/direction agree in only 0/5 and 0/5 folds.
FIC_ET_DC_RF_Vt_gd,FIC,SIN_ET_DC_RF_Vt_gd,SIN,DC_RF_Vt_gd,complex_nonmonotonic,n/a,0.9902,0/5,0/5,INCONCLUSIVE,Shape/direction agree in only 0/5 and 0/5 folds.
THIN_ET_DC_RF_Vp_1,THIN,TOPSIN_ET_DC_RF_Vp_1,TOPSIN,DC_RF_Vp_1,complex_nonmonotonic,n/a,0.9876,0/5,0/5,INCONCLUSIVE,Shape/direction agree in only 0/5 and 0/5 folds.
SIN_ET_DC_RF_Vp_1,SIN,TOPSIN_ET_DC_RF_Vp_1,TOPSIN,DC_RF_Vp_1,U_shape,n/a,1.3097,0/5,0/5,INCONCLUSIVE,Shape/direction agree in only 0/5 and 0/5 folds.
ANODE_ET_Rc_an_ct2_OW_CR,ANODE,THIN_ET_Rc_an_ct2_OW_CR,THIN,Rc_an_ct2_OW_CR,inverted_U,n/a,1.5245,1/5,1/5,INCONCLUSIVE,Shape/direction agree in only 1/5 and 1/5 folds.
OHMIC_ET_Rc_an_ct2,OHMIC,THIN_ET_Rc_an_ct2,THIN,Rc_an_ct2,complex_nonmonotonic,n/a,1.5144,0/5,0/5,INCONCLUSIVE,Shape/direction agree in only 0/5 and 0/5 folds.
ANODE_ET_Rc_an_ct2,ANODE,THIN_ET_Rc_an_ct2,THIN,Rc_an_ct2,complex_nonmonotonic,n/a,1.7673,1/5,1/5,INCONCLUSIVE,Shape/direction agree in only 1/5 and 1/5 folds.
ANODE_ET_Rc_an_ct2,ANODE,OHMIC_ET_Rc_an_ct2,OHMIC,Rc_an_ct2,complex_nonmonotonic,n/a,0.9507,0/5,0/5,INCONCLUSIVE,Shape/direction agree in only 0/5 and 0/5 folds.
ANODE_ET_Ran_con_3,ANODE,THIN_ET_Ran_con_3,THIN,Ran_con_3,complex_nonmonotonic,n/a,0.708,0/5,0/5,INCONCLUSIVE,Shape/direction agree in only 0/5 and 0/5 folds.
ANODE_ET_Ran_con_3,ANODE,OHMIC_ET_Ran_con_3,OHMIC,Ran_con_3,complex_nonmonotonic,n/a,0.6854,0/5,0/5,INCONCLUSIVE,Shape/direction agree in only 0/5 and 0/5 folds.
ANODE_ET_Ran_con_2,ANODE,OHMIC_ET_Ran_con_2,OHMIC,Ran_con_2,flat,n/a,0.5475,2/5,2/5,INCONCLUSIVE,Main-split shape is 'flat' -- no stable evidence.
ANODE_ET_Ran_con_1_OW_CR,ANODE,THIN_ET_Ran_con_1_OW_CR,THIN,Ran_con_1_OW_CR,monotonic,positive,0.949,0/5,1/5,INCONCLUSIVE,Shape/direction agree in only 0/5 and 1/5 folds.
SIN_ET_DC_RF_Id_gm_max,SIN,TOPSIN_ET_DC_RF_Id_gm_max,TOPSIN,DC_RF_Id_gm_max,complex_nonmonotonic,n/a,0.7811,0/5,0/5,INCONCLUSIVE,Shape/direction agree in only 0/5 and 0/5 folds.
SIN_ET_DC_RF_Id_gm_max,SIN,THIN_ET_DC_RF_Id_gm_max,THIN,DC_RF_Id_gm_max,inverted_U,n/a,1.3405,0/5,0/5,INCONCLUSIVE,Shape/direction agree in only 0/5 and 0/5 folds.
FIC_ET_DC_RF_Id_gm_max,FIC,SIN_ET_DC_RF_Id_gm_max,SIN,DC_RF_Id_gm_max,flat,n/a,0.3815,4/5,4/5,INCONCLUSIVE,Main-split shape is 'flat' -- no stable evidence.
FIC_ET_DC_RF_Gm_max,FIC,THIN_ET_DC_RF_Gm_max,THIN,DC_RF_Gm_max,complex_nonmonotonic,n/a,0.7685,0/5,0/5,INCONCLUSIVE,Shape/direction agree in only 0/5 and 0/5 folds.
THIN_ET_DC_RF_Gm_m0p2,THIN,TOPSIN_ET_DC_RF_Gm_m0p2,TOPSIN,DC_RF_Gm_m0p2,complex_nonmonotonic,n/a,1.0019,0/5,0/5,INCONCLUSIVE,Shape/direction agree in only 0/5 and 0/5 folds.
SIN_ET_DC_RF_Gm_m0p2,SIN,TOPSIN_ET_DC_RF_Gm_m0p2,TOPSIN,DC_RF_Gm_m0p2,complex_nonmonotonic,n/a,0.519,0/5,0/5,INCONCLUSIVE,Shape/direction agree in only 0/5 and 0/5 folds.
SIN_ET_DC_RF_Gm_m0p2,SIN,THIN_ET_DC_RF_Gm_m0p2,THIN,DC_RF_Gm_m0p2,U_shape,n/a,1.2386,0/5,0/5,INCONCLUSIVE,Shape/direction agree in only 0/5 and 0/5 folds.
FIC_ET_DC_RF_Gm_m0p2,FIC,TOPSIN_ET_DC_RF_Gm_m0p2,TOPSIN,DC_RF_Gm_m0p2,complex_nonmonotonic,n/a,0.9552,0/5,0/5,INCONCLUSIVE,Shape/direction agree in only 0/5 and 0/5 folds.
FIC_ET_DC_RF_Gm_m0p2,FIC,THIN_ET_DC_RF_Gm_m0p2,THIN,DC_RF_Gm_m0p2,complex_nonmonotonic,n/a,0.7821,0/5,0/5,INCONCLUSIVE,Shape/direction agree in only 0/5 and 0/5 folds.
FIC_ET_DC_RF_Gm_m0p2,FIC,SIN_ET_DC_RF_Gm_m0p2,SIN,DC_RF_Gm_m0p2,U_shape,n/a,0.8537,0/5,0/5,INCONCLUSIVE,Shape/direction agree in only 0/5 and 0/5 folds.
THIN_ET_DC_RF_Gm_0,THIN,TOPSIN_ET_DC_RF_Gm_0,TOPSIN,DC_RF_Gm_0,flat,n/a,0.337,3/5,3/5,INCONCLUSIVE,Main-split shape is 'flat' -- no stable evidence.
SIN_ET_DC_RF_Gm_0,SIN,TOPSIN_ET_DC_RF_Gm_0,TOPSIN,DC_RF_Gm_0,complex_nonmonotonic,n/a,0.761,0/5,0/5,INCONCLUSIVE,Shape/direction agree in only 0/5 and 0/5 folds.
FIC_ET_DC_RF_Gm_0,FIC,TOPSIN_ET_DC_RF_Gm_0,TOPSIN,DC_RF_Gm_0,flat,n/a,0.2262,3/5,3/5,INCONCLUSIVE,Main-split shape is 'flat' -- no stable evidence.
FIC_ET_DC_PIV_Ids1_QP3,FIC,TOPSIN_ET_DC_PIV_Ids1_QP3,TOPSIN,DC_PIV_Ids1_QP3,complex_nonmonotonic,n/a,0.9859,0/5,0/5,INCONCLUSIVE,Shape/direction agree in only 0/5 and 0/5 folds.
FIC_ET_DC_PIV_Ids1_QP1,FIC,TOPSIN_ET_DC_PIV_Ids1_QP1,TOPSIN,DC_PIV_Ids1_QP1,complex_nonmonotonic,n/a,1.7407,0/5,0/5,INCONCLUSIVE,Shape/direction agree in only 0/5 and 0/5 folds.
FIC_ET_DC_PIV_Ids0_QP1,FIC,TOPSIN_ET_DC_PIV_Ids0_QP1,TOPSIN,DC_PIV_Ids0_QP1,U_shape,n/a,1.0692,0/5,0/5,INCONCLUSIVE,Shape/direction agree in only 0/5 and 0/5 folds.
FIC_ET_DC_PIV_Gate_Lag_1,FIC,TOPSIN_ET_DC_PIV_Gate_Lag_1,TOPSIN,DC_PIV_Gate_Lag_1,complex_nonmonotonic,n/a,1.037,1/5,1/5,INCONCLUSIVE,Shape/direction agree in only 1/5 and 1/5 folds.
SIN_ET_DC_RF_Imax,SIN,THIN_ET_DC_RF_Imax,THIN,DC_RF_Imax,complex_nonmonotonic,n/a,0.7428,0/5,0/5,INCONCLUSIVE,Shape/direction agree in only 0/5 and 0/5 folds.
THIN_ET_DC_RF_Idss,THIN,TOPSIN_ET_DC_RF_Idss,TOPSIN,DC_RF_Idss,complex_nonmonotonic,n/a,0.5485,1/5,1/5,INCONCLUSIVE,Shape/direction agree in only 1/5 and 1/5 folds.
SIN_ET_DC_RF_Idss,SIN,THIN_ET_DC_RF_Idss,THIN,DC_RF_Idss,complex_nonmonotonic,n/a,0.8417,0/5,0/5,INCONCLUSIVE,Shape/direction agree in only 0/5 and 0/5 folds.
FIC_ET_DC_RF_Idss,FIC,THIN_ET_DC_RF_Idss,THIN,DC_RF_Idss,complex_nonmonotonic,n/a,1.1929,0/5,0/5,INCONCLUSIVE,Shape/direction agree in only 0/5 and 0/5 folds.
THIN_ET_DC_RF_Ids_m0p2,THIN,TOPSIN_ET_DC_RF_Ids_m0p2,TOPSIN,DC_RF_Ids_m0p2,complex_nonmonotonic,n/a,0.8255,0/5,0/5,INCONCLUSIVE,Shape/direction agree in only 0/5 and 0/5 folds.
SIN_ET_DC_RF_Ids_m0p2,SIN,THIN_ET_DC_RF_Ids_m0p2,THIN,DC_RF_Ids_m0p2,threshold,n/a,0.4268,1/5,1/5,INCONCLUSIVE,Shape/direction agree in only 1/5 and 1/5 folds.
FIC_ET_DC_RF_Ids_m0p2,FIC,TOPSIN_ET_DC_RF_Ids_m0p2,TOPSIN,DC_RF_Ids_m0p2,complex_nonmonotonic,n/a,1.5729,0/5,0/5,INCONCLUSIVE,Shape/direction agree in only 0/5 and 0/5 folds.
FIC_ET_DC_PIV_Drain_Lag_0,FIC,TOPSIN_ET_DC_PIV_Drain_Lag_0,TOPSIN,DC_PIV_Drain_Lag_0,complex_nonmonotonic,n/a,1.352,0/5,0/5,INCONCLUSIVE,Shape/direction agree in only 0/5 and 0/5 folds.
FIC_ET_TANR,FIC,TOPSIN_ET_TANR,TOPSIN,TANR,flat,n/a,0.4652,4/5,4/5,INCONCLUSIVE,Main-split shape is 'flat' -- no stable evidence.
FIC_ET_sh_GA142,FIC,THIN_ET_sh_GA142,THIN,sh_GA142,inverted_U,n/a,0.5648,0/5,0/5,INCONCLUSIVE,Shape/direction agree in only 0/5 and 0/5 folds.
FIC_ET_sh_f_tn_23,FIC,TOPSIN_ET_sh_f_tn_23,TOPSIN,sh_f_tn_23,complex_nonmonotonic,n/a,0.9437,0/5,0/5,INCONCLUSIVE,Shape/direction agree in only 0/5 and 0/5 folds.
FIC_ET_sh_f_tn_23,FIC,THIN_ET_sh_f_tn_23,THIN,sh_f_tn_23,inverted_U,n/a,1.4546,0/5,0/5,INCONCLUSIVE,Shape/direction agree in only 0/5 and 0/5 folds.
FIC_ET_DC_RF_Vbgd_0p01,FIC,THIN_ET_DC_RF_Vbgd_0p01,THIN,DC_RF_Vbgd_0p01,complex_nonmonotonic,n/a,1.5411,0/5,0/5,INCONCLUSIVE,Shape/direction agree in only 0/5 and 0/5 folds.
SIN_ET_DC_RF_n_gs,SIN,TOPSIN_ET_DC_RF_n_gs,TOPSIN,DC_RF_n_gs,complex_nonmonotonic,n/a,1.3816,0/5,0/5,INCONCLUSIVE,Shape/direction agree in only 0/5 and 0/5 folds.
SIN_ET_DC_RF_n_gs,SIN,THIN_ET_DC_RF_n_gs,THIN,DC_RF_n_gs,flat,n/a,0.4625,2/5,2/5,INCONCLUSIVE,Main-split shape is 'flat' -- no stable evidence.
FIC_ET_DC_RF_n_gs,FIC,TOPSIN_ET_DC_RF_n_gs,TOPSIN,DC_RF_n_gs,U_shape,n/a,0.9383,0/5,0/5,INCONCLUSIVE,Shape/direction agree in only 0/5 and 0/5 folds.
FIC_ET_DC_RF_n_gs,FIC,SIN_ET_DC_RF_n_gs,SIN,DC_RF_n_gs,threshold,positive,0.3781,1/5,0/5,INCONCLUSIVE,Shape/direction agree in only 1/5 and 0/5 folds.
FIC_ET_DC_RF_n_gd,FIC,TOPSIN_ET_DC_RF_n_gd,TOPSIN,DC_RF_n_gd,complex_nonmonotonic,n/a,0.6855,0/5,0/5,INCONCLUSIVE,Shape/direction agree in only 0/5 and 0/5 folds.
SIN_ET_DC_RF_Imax,SIN,TOPSIN_ET_DC_RF_Imax,TOPSIN,DC_RF_Imax,flat,n/a,0.2453,3/5,3/5,INCONCLUSIVE,Main-split shape is 'flat' -- no stable evidence.
THIN_ET_sh_f_hr_23,THIN,TOPSIN_ET_sh_f_hr_23,TOPSIN,sh_f_hr_23,complex_nonmonotonic,n/a,1.264,0/5,0/5,INCONCLUSIVE,Shape/direction agree in only 0/5 and 0/5 folds.
OHMIC_ET_Rc_OG142,OHMIC,THIN_ET_Rc_OG142,THIN,Rc_OG142,complex_nonmonotonic,n/a,1.5462,0/5,0/5,INCONCLUSIVE,Shape/direction agree in only 0/5 and 0/5 folds.
FIC_ET_Rc_OG142,FIC,THIN_ET_Rc_OG142,THIN,Rc_OG142,complex_nonmonotonic,n/a,1.3357,1/5,1/5,INCONCLUSIVE,Shape/direction agree in only 1/5 and 1/5 folds.
THIN_ET_Rc_f_tn_23,THIN,TOPSIN_ET_Rc_f_tn_23,TOPSIN,Rc_f_tn_23,complex_nonmonotonic,n/a,1.0381,0/5,0/5,INCONCLUSIVE,Shape/direction agree in only 0/5 and 0/5 folds.
FIC_ET_Rc_f_tn_23,FIC,TOPSIN_ET_Rc_f_tn_23,TOPSIN,Rc_f_tn_23,complex_nonmonotonic,n/a,0.9718,0/5,0/5,INCONCLUSIVE,Shape/direction agree in only 0/5 and 0/5 folds.
THIN_ET_Rc_f_hr_23,THIN,TOPSIN_ET_Rc_f_hr_23,TOPSIN,Rc_f_hr_23,complex_nonmonotonic,n/a,0.8163,0/5,0/5,INCONCLUSIVE,Shape/direction agree in only 0/5 and 0/5 folds.
FIC_ET_Rc_f_hr_23,FIC,TOPSIN_ET_Rc_f_hr_23,TOPSIN,Rc_f_hr_23,complex_nonmonotonic,n/a,1.0707,0/5,0/5,INCONCLUSIVE,Shape/direction agree in only 0/5 and 0/5 folds.
FIC_ET_Rc_f_hr_23,FIC,THIN_ET_Rc_f_hr_23,THIN,Rc_f_hr_23,complex_nonmonotonic,n/a,1.3638,1/5,1/5,INCONCLUSIVE,Shape/direction agree in only 1/5 and 1/5 folds.
THIN_ET_R314,THIN,TOPSIN_ET_R314,TOPSIN,R314,complex_nonmonotonic,n/a,1.0157,0/5,0/5,INCONCLUSIVE,Shape/direction agree in only 0/5 and 0/5 folds.
FIC_ET_R314,FIC,TOPSIN_ET_R314,TOPSIN,R314,inverted_U,n/a,1.4417,0/5,0/5,INCONCLUSIVE,Shape/direction agree in only 0/5 and 0/5 folds.
SIN_ET_DC_RF_Vbgd1,SIN,TOPSIN_ET_DC_RF_Vbgd1,TOPSIN,DC_RF_Vbgd1,complex_nonmonotonic,n/a,0.9216,0/5,0/5,INCONCLUSIVE,Shape/direction agree in only 0/5 and 0/5 folds.
SIN_ET_DC_RF_Vbgd1,SIN,THIN_ET_DC_RF_Vbgd1,THIN,DC_RF_Vbgd1,U_shape,n/a,1.4152,0/5,0/5,INCONCLUSIVE,Shape/direction agree in only 0/5 and 0/5 folds.
FIC_ET_DC_RF_Vbgd1,FIC,TOPSIN_ET_DC_RF_Vbgd1,TOPSIN,DC_RF_Vbgd1,complex_nonmonotonic,n/a,1.3864,1/5,1/5,INCONCLUSIVE,Shape/direction agree in only 1/5 and 1/5 folds.
FIC_ET_DC_RF_Vbgd1,FIC,THIN_ET_DC_RF_Vbgd1,THIN,DC_RF_Vbgd1,complex_nonmonotonic,n/a,0.9994,1/5,1/5,INCONCLUSIVE,Shape/direction agree in only 1/5 and 1/5 folds.
FIC_ET_DC_RF_Vbgd1,FIC,SIN_ET_DC_RF_Vbgd1,SIN,DC_RF_Vbgd1,complex_nonmonotonic,n/a,1.984,1/5,1/5,INCONCLUSIVE,Shape/direction agree in only 1/5 and 1/5 folds.
THIN_ET_DC_RF_Vbgd_0p1,THIN,TOPSIN_ET_DC_RF_Vbgd_0p1,TOPSIN,DC_RF_Vbgd_0p1,complex_nonmonotonic,n/a,1.057,0/5,0/5,INCONCLUSIVE,Shape/direction agree in only 0/5 and 0/5 folds.
SIN_ET_DC_RF_Vbgd_0p1,SIN,TOPSIN_ET_DC_RF_Vbgd_0p1,TOPSIN,DC_RF_Vbgd_0p1,inverted_U,n/a,1.124,0/5,0/5,INCONCLUSIVE,Shape/direction agree in only 0/5 and 0/5 folds.
SIN_ET_DC_RF_Vbgd_0p1,SIN,THIN_ET_DC_RF_Vbgd_0p1,THIN,DC_RF_Vbgd_0p1,complex_nonmonotonic,n/a,0.9133,0/5,0/5,INCONCLUSIVE,Shape/direction agree in only 0/5 and 0/5 folds.
FIC_ET_DC_RF_Vbgd_0p1,FIC,TOPSIN_ET_DC_RF_Vbgd_0p1,TOPSIN,DC_RF_Vbgd_0p1,complex_nonmonotonic,n/a,1.3366,0/5,0/5,INCONCLUSIVE,Shape/direction agree in only 0/5 and 0/5 folds.
SIN_ET_DC_RF_Vbgd_0p01,SIN,THIN_ET_DC_RF_Vbgd_0p01,THIN,DC_RF_Vbgd_0p01,inverted_U,n/a,1.419,0/5,0/5,INCONCLUSIVE,Shape/direction agree in only 0/5 and 0/5 folds.
FIC_ET_DC_RF_Vbgd_0p01,FIC,TOPSIN_ET_DC_RF_Vbgd_0p01,TOPSIN,DC_RF_Vbgd_0p01,complex_nonmonotonic,n/a,1.1104,0/5,0/5,INCONCLUSIVE,Shape/direction agree in only 0/5 and 0/5 folds.
FIC_ET_DC_RF_Vbgs1,FIC,TOPSIN_ET_DC_RF_Vbgs1,TOPSIN,DC_RF_Vbgs1,complex_nonmonotonic,n/a,0.8778,0/5,0/5,INCONCLUSIVE,Shape/direction agree in only 0/5 and 0/5 folds.
FIC_ET_DC_RF_Vbgs1,FIC,SIN_ET_DC_RF_Vbgs1,SIN,DC_RF_Vbgs1,complex_nonmonotonic,n/a,1.5089,0/5,0/5,INCONCLUSIVE,Shape/direction agree in only 0/5 and 0/5 folds.
SIN_ET_DC_RF_Vbgs_0p1,SIN,THIN_ET_DC_RF_Vbgs_0p1,THIN,DC_RF_Vbgs_0p1,complex_nonmonotonic,n/a,1.545,0/5,0/5,INCONCLUSIVE,Shape/direction agree in only 0/5 and 0/5 folds.
FIC_ET_DC_RF_Vbgs_0p1,FIC,THIN_ET_DC_RF_Vbgs_0p1,THIN,DC_RF_Vbgs_0p1,complex_nonmonotonic,n/a,1.3813,0/5,0/5,INCONCLUSIVE,Shape/direction agree in only 0/5 and 0/5 folds.
FIC_ET_DC_RF_Vbgs_0p1,FIC,SIN_ET_DC_RF_Vbgs_0p1,SIN,DC_RF_Vbgs_0p1,complex_nonmonotonic,n/a,0.853,0/5,0/5,INCONCLUSIVE,Shape/direction agree in only 0/5 and 0/5 folds.
SIN_ET_DC_RF_Vbgs_0p01,SIN,TOPSIN_ET_DC_RF_Vbgs_0p01,TOPSIN,DC_RF_Vbgs_0p01,threshold,negative,1.1352,1/5,1/5,INCONCLUSIVE,Shape/direction agree in only 1/5 and 1/5 folds.
SIN_ET_DC_RF_Vbgs_0p01,SIN,THIN_ET_DC_RF_Vbgs_0p01,THIN,DC_RF_Vbgs_0p01,complex_nonmonotonic,n/a,0.8165,0/5,0/5,INCONCLUSIVE,Shape/direction agree in only 0/5 and 0/5 folds.
FIC_ET_DC_RF_Vbgs_0p01,FIC,THIN_ET_DC_RF_Vbgs_0p01,THIN,DC_RF_Vbgs_0p01,complex_nonmonotonic,n/a,0.8198,0/5,0/5,INCONCLUSIVE,Shape/direction agree in only 0/5 and 0/5 folds.
THIN_ET_R214,THIN,TOPSIN_ET_R214,TOPSIN,R214,threshold,n/a,0.4317,1/5,1/5,INCONCLUSIVE,Shape/direction agree in only 1/5 and 1/5 folds.
OHMIC_ET_R214,OHMIC,TOPSIN_ET_R214,TOPSIN,R214,threshold,n/a,0.474,1/5,1/5,INCONCLUSIVE,Shape/direction agree in only 1/5 and 1/5 folds.
OHMIC_ET_R214,OHMIC,THIN_ET_R214,THIN,R214,inverted_U,n/a,0.6878,0/5,0/5,INCONCLUSIVE,Shape/direction agree in only 0/5 and 0/5 folds.
FIC_ET_R214,FIC,TOPSIN_ET_R214,TOPSIN,R214,complex_nonmonotonic,n/a,0.5468,0/5,0/5,INCONCLUSIVE,Shape/direction agree in only 0/5 and 0/5 folds.
FIC_ET_R214,FIC,THIN_ET_R214,THIN,R214,complex_nonmonotonic,n/a,0.4822,0/5,0/5,INCONCLUSIVE,Shape/direction agree in only 0/5 and 0/5 folds.
OHMIC_ET_R114,OHMIC,THIN_ET_R114,THIN,R114,complex_nonmonotonic,n/a,1.391,0/5,0/5,INCONCLUSIVE,Shape/direction agree in only 0/5 and 0/5 folds.
FIC_ET_R114,FIC,THIN_ET_R114,THIN,R114,complex_nonmonotonic,n/a,1.6499,0/5,0/5,INCONCLUSIVE,Shape/direction agree in only 0/5 and 0/5 folds.
FIC_ET_R114,FIC,OHMIC_ET_R114,OHMIC,R114,U_shape,n/a,1.1558,1/5,1/5,INCONCLUSIVE,Shape/direction agree in only 1/5 and 1/5 folds.
THIN_ET_R_f_tn_3,THIN,TOPSIN_ET_R_f_tn_3,TOPSIN,R_f_tn_3,complex_nonmonotonic,n/a,0.7958,1/5,1/5,INCONCLUSIVE,Shape/direction agree in only 1/5 and 1/5 folds.
FIC_ET_R_f_tn_3,FIC,TOPSIN_ET_R_f_tn_3,TOPSIN,R_f_tn_3,complex_nonmonotonic,n/a,0.6624,0/5,0/5,INCONCLUSIVE,Shape/direction agree in only 0/5 and 0/5 folds.
FIC_ET_R_f_tn_1,FIC,THIN_ET_R_f_tn_1,THIN,R_f_tn_1,complex_nonmonotonic,n/a,1.1,0/5,0/5,INCONCLUSIVE,Shape/direction agree in only 0/5 and 0/5 folds.
FIC_ET_R_f_hr_3,FIC,THIN_ET_R_f_hr_3,THIN,R_f_hr_3,threshold,negative,0.5597,1/5,1/5,INCONCLUSIVE,Shape/direction agree in only 1/5 and 1/5 folds.
THIN_ET_R_f_hr_1,THIN,TOPSIN_ET_R_f_hr_1,TOPSIN,R_f_hr_1,U_shape,n/a,1.3749,0/5,0/5,INCONCLUSIVE,Shape/direction agree in only 0/5 and 0/5 folds.
OHMIC_ET_OHMC,OHMIC,THIN_ET_OHMC,THIN,OHMC,complex_nonmonotonic,n/a,1.1536,0/5,0/5,INCONCLUSIVE,Shape/direction agree in only 0/5 and 0/5 folds.
FIC_ET_OHMC,FIC,THIN_ET_OHMC,THIN,OHMC,complex_nonmonotonic,n/a,1.7227,0/5,0/5,INCONCLUSIVE,Shape/direction agree in only 0/5 and 0/5 folds.
OHMIC_ET_lkg_5,OHMIC,TOPSIN_ET_lkg_5,TOPSIN,lkg_5,complex_nonmonotonic,n/a,1.7549,0/5,0/5,INCONCLUSIVE,Shape/direction agree in only 0/5 and 0/5 folds.
FIC_ET_lkg_5,FIC,TOPSIN_ET_lkg_5,TOPSIN,lkg_5,inverted_U,n/a,1.7018,0/5,0/5,INCONCLUSIVE,Shape/direction agree in only 0/5 and 0/5 folds.
FIC_ET_lkg_5,FIC,THIN_ET_lkg_5,THIN,lkg_5,U_shape,n/a,1.5208,0/5,0/5,INCONCLUSIVE,Shape/direction agree in only 0/5 and 0/5 folds.
THIN_ET_HIRS,THIN,TOPSIN_ET_HIRS,TOPSIN,HIRS,complex_nonmonotonic,n/a,1.3415,0/5,0/5,INCONCLUSIVE,Shape/direction agree in only 0/5 and 0/5 folds.
SIN_ET_DC_RF_Vbin_gs,SIN,TOPSIN_ET_DC_RF_Vbin_gs,TOPSIN,DC_RF_Vbin_gs,complex_nonmonotonic,n/a,1.0296,0/5,0/5,INCONCLUSIVE,Shape/direction agree in only 0/5 and 0/5 folds.
THIN_ET_DC_RF_Vbin_gd,THIN,TOPSIN_ET_DC_RF_Vbin_gd,TOPSIN,DC_RF_Vbin_gd,complex_nonmonotonic,n/a,1.3285,0/5,0/5,INCONCLUSIVE,Shape/direction agree in only 0/5 and 0/5 folds.
SIN_ET_DC_RF_Vbin_gd,SIN,TOPSIN_ET_DC_RF_Vbin_gd,TOPSIN,DC_RF_Vbin_gd,complex_nonmonotonic,n/a,1.1121,0/5,0/5,INCONCLUSIVE,Shape/direction agree in only 0/5 and 0/5 folds.
SIN_ET_DC_RF_Vbin_gd,SIN,THIN_ET_DC_RF_Vbin_gd,THIN,DC_RF_Vbin_gd,complex_nonmonotonic,n/a,1.7622,0/5,0/5,INCONCLUSIVE,Shape/direction agree in only 0/5 and 0/5 folds.
FIC_ET_Gate_res,FIC,TOPSIN_ET_Gate_res,TOPSIN,Gate_res,complex_nonmonotonic,n/a,1.4418,0/5,0/5,INCONCLUSIVE,Shape/direction agree in only 0/5 and 0/5 folds.
FIC_ET_G2_per_6K,FIC,TOPSIN_ET_G2_per_6K,TOPSIN,G2_per_6K,U_shape,n/a,0.8423,0/5,0/5,INCONCLUSIVE,Shape/direction agree in only 0/5 and 0/5 folds.
CATHODE_ET_Rsh_cat_c2_OW_ST,CATHODE,THIN_ET_Rsh_cat_c2_OW_ST,THIN,Rsh_cat_c2_OW_ST,U_shape,n/a,1.2522,0/5,0/5,INCONCLUSIVE,Shape/direction agree in only 0/5 and 0/5 folds.
CATHODE_ET_Rcat_cn_3_OW_ST,CATHODE,THIN_ET_Rcat_cn_3_OW_ST,THIN,Rcat_cn_3_OW_ST,inverted_U,n/a,1.3884,0/5,0/5,INCONCLUSIVE,Shape/direction agree in only 0/5 and 0/5 folds.
CATHODE_ET_Rcat_cn_3,CATHODE,THIN_ET_Rcat_cn_3,THIN,Rcat_cn_3,complex_nonmonotonic,n/a,0.7151,1/5,1/5,INCONCLUSIVE,Shape/direction agree in only 1/5 and 1/5 folds.
CATHODE_ET_Rcat_cn_2_OW_ST,CATHODE,THIN_ET_Rcat_cn_2_OW_ST,THIN,Rcat_cn_2_OW_ST,complex_nonmonotonic,n/a,1.7988,0/5,0/5,INCONCLUSIVE,Shape/direction agree in only 0/5 and 0/5 folds.
CATHODE_ET_Rcat_cn_2,CATHODE,THIN_ET_Rcat_cn_2,THIN,Rcat_cn_2,inverted_U,n/a,0.653,0/5,0/5,INCONCLUSIVE,Shape/direction agree in only 0/5 and 0/5 folds.
CATHODE_ET_Rc_cat_ct2_OW_ST,CATHODE,THIN_ET_Rc_cat_ct2_OW_ST,THIN,Rc_cat_ct2_OW_ST,U_shape,n/a,0.8999,0/5,0/5,INCONCLUSIVE,Shape/direction agree in only 0/5 and 0/5 folds.
FIC_ET_DC_RF_Vds_max,FIC,TOPSIN_ET_DC_RF_Vds_max,TOPSIN,DC_RF_Vds_max,complex_nonmonotonic,n/a,1.1072,0/5,0/5,INCONCLUSIVE,Shape/direction agree in only 0/5 and 0/5 folds.
SIN_ET_DC_RF_Vdg_max_0p1mA,SIN,THIN_ET_DC_RF_Vdg_max_0p1mA,THIN,DC_RF_Vdg_max_0p1mA,threshold,n/a,0.4031,1/5,1/5,INCONCLUSIVE,Shape/direction agree in only 1/5 and 1/5 folds.
FIC_ET_DC_RF_Vdg_max_0p1mA,FIC,THIN_ET_DC_RF_Vdg_max_0p1mA,THIN,DC_RF_Vdg_max_0p1mA,complex_nonmonotonic,n/a,1.2209,0/5,0/5,INCONCLUSIVE,Shape/direction agree in only 0/5 and 0/5 folds.
FIC_ET_DC_RF_Vdg_max_0p1,FIC,TOPSIN_ET_DC_RF_Vdg_max_0p1,TOPSIN,DC_RF_Vdg_max_0p1,threshold,negative,0.511,1/5,0/5,INCONCLUSIVE,Shape/direction agree in only 1/5 and 0/5 folds.
THIN_ET_DC_RF_Vdg_max,THIN,TOPSIN_ET_DC_RF_Vdg_max,TOPSIN,DC_RF_Vdg_max,inverted_U,n/a,1.6296,0/5,0/5,INCONCLUSIVE,Shape/direction agree in only 0/5 and 0/5 folds.
SIN_ET_DC_RF_Vdg_max,SIN,TOPSIN_ET_DC_RF_Vdg_max,TOPSIN,DC_RF_Vdg_max,flat,n/a,0.3486,2/5,2/5,INCONCLUSIVE,Main-split shape is 'flat' -- no stable evidence.
SIN_ET_DC_RF_Vdg_max,SIN,THIN_ET_DC_RF_Vdg_max,THIN,DC_RF_Vdg_max,inverted_U,n/a,0.9997,0/5,0/5,INCONCLUSIVE,Shape/direction agree in only 0/5 and 0/5 folds.
FIC_ET_DC_RF_Vdg_max,FIC,SIN_ET_DC_RF_Vdg_max,SIN,DC_RF_Vdg_max,complex_nonmonotonic,n/a,0.4179,0/5,0/5,INCONCLUSIVE,Shape/direction agree in only 0/5 and 0/5 folds.
FIC_ET_DC_RF_Vg_gm_max,FIC,TOPSIN_ET_DC_RF_Vg_gm_max,TOPSIN,DC_RF_Vg_gm_max,inverted_U,n/a,1.1462,1/5,1/5,INCONCLUSIVE,Shape/direction agree in only 1/5 and 1/5 folds.
FIC_ET_DC_RF_Vg_gm_max,FIC,THIN_ET_DC_RF_Vg_gm_max,THIN,DC_RF_Vg_gm_max,flat,n/a,0.3454,2/5,2/5,INCONCLUSIVE,Main-split shape is 'flat' -- no stable evidence.
FIC_ET_DC_RF_Vds_max_0p1mA,FIC,THIN_ET_DC_RF_Vds_max_0p1mA,THIN,DC_RF_Vds_max_0p1mA,U_shape,n/a,1.0698,0/5,0/5,INCONCLUSIVE,Shape/direction agree in only 0/5 and 0/5 folds.
SIN_ET_DC_RF_Vds_max_0p1,SIN,TOPSIN_ET_DC_RF_Vds_max_0p1,TOPSIN,DC_RF_Vds_max_0p1,flat,n/a,0.348,0/5,0/5,INCONCLUSIVE,Main-split shape is 'flat' -- no stable evidence.
FIC_ET_DC_RF_Vds_max_0p1,FIC,SIN_ET_DC_RF_Vds_max_0p1,SIN,DC_RF_Vds_max_0p1,complex_nonmonotonic,n/a,0.847,0/5,0/5,INCONCLUSIVE,Shape/direction agree in only 0/5 and 0/5 folds.
THIN_ET_DC_RF_Vds_max,THIN,TOPSIN_ET_DC_RF_Vds_max,TOPSIN,DC_RF_Vds_max,U_shape,n/a,2.0222,0/5,0/5,INCONCLUSIVE,Shape/direction agree in only 0/5 and 0/5 folds.
SIN_ET_DC_RF_Vds_max,SIN,TOPSIN_ET_DC_RF_Vds_max,TOPSIN,DC_RF_Vds_max,complex_nonmonotonic,n/a,0.7168,0/5,0/5,INCONCLUSIVE,Shape/direction agree in only 0/5 and 0/5 folds.
FIC_ET_TR_1F,FIC,SIN_ET_TR_1F,SIN,TR_1F,monotonic,positive,0.9352,0/5,1/5,INCONCLUSIVE,Shape/direction agree in only 0/5 and 1/5 folds.
BRGM_ET_TR_1F,BRGM,TOPSIN_ET_TR_1F,TOPSIN,TR_1F,complex_nonmonotonic,n/a,1.5332,0/5,0/5,INCONCLUSIVE,Shape/direction agree in only 0/5 and 0/5 folds.
BRGM_ET_TR_1F,BRGM,SIN_ET_TR_1F,SIN,TR_1F,complex_nonmonotonic,n/a,1.5482,0/5,0/5,INCONCLUSIVE,Shape/direction agree in only 0/5 and 0/5 folds.
BRGM_ET_TR_1F,BRGM,FIC_ET_TR_1F,FIC,TR_1F,complex_nonmonotonic,n/a,1.3176,0/5,0/5,INCONCLUSIVE,Shape/direction agree in only 0/5 and 0/5 folds.
BRGM_ET_Rc_F_AB_2,BRGM,THIN_ET_Rc_F_AB_2,THIN,Rc_F_AB_2,complex_nonmonotonic,n/a,1.4095,1/5,1/5,INCONCLUSIVE,Shape/direction agree in only 1/5 and 1/5 folds.
SIN_ET_lkg_SY8_80,SIN,TOPSIN_ET_lkg_SY8_80,TOPSIN,lkg_SY8_80,complex_nonmonotonic,n/a,2.002,0/5,0/5,INCONCLUSIVE,Shape/direction agree in only 0/5 and 0/5 folds.
FIC_ET_lkg_SY8_80,FIC,TOPSIN_ET_lkg_SY8_80,TOPSIN,lkg_SY8_80,inverted_U,n/a,1.8974,1/5,1/5,INCONCLUSIVE,Shape/direction agree in only 1/5 and 1/5 folds.
FIC_ET_lkg_SY8_80,FIC,SIN_ET_lkg_SY8_80,SIN,lkg_SY8_80,inverted_U,n/a,2.1301,0/5,0/5,INCONCLUSIVE,Shape/direction agree in only 0/5 and 0/5 folds.
BRGM_ET_lkg_SY8_80,BRGM,TOPSIN_ET_lkg_SY8_80,TOPSIN,lkg_SY8_80,complex_nonmonotonic,n/a,1.5968,1/5,1/5,INCONCLUSIVE,Shape/direction agree in only 1/5 and 1/5 folds.
BRGM_ET_lkg_SY8_80,BRGM,SIN_ET_lkg_SY8_80,SIN,lkg_SY8_80,complex_nonmonotonic,n/a,1.5968,1/5,1/5,INCONCLUSIVE,Shape/direction agree in only 1/5 and 1/5 folds.
BRGM_ET_lkg_SY8_80,BRGM,FIC_ET_lkg_SY8_80,FIC,lkg_SY8_80,complex_nonmonotonic,n/a,1.5968,1/5,1/5,INCONCLUSIVE,Shape/direction agree in only 1/5 and 1/5 folds.
SIN_ET_lkg_SY07_10,SIN,TOPSIN_ET_lkg_SY07_10,TOPSIN,lkg_SY07_10,complex_nonmonotonic,n/a,2.1482,0/5,0/5,INCONCLUSIVE,Shape/direction agree in only 0/5 and 0/5 folds.
FIC_ET_DC_RF_Vg_optt1,FIC,THIN_ET_DC_RF_Vg_optt1,THIN,DC_RF_Vg_optt1,complex_nonmonotonic,n/a,1.178,1/5,1/5,INCONCLUSIVE,Shape/direction agree in only 1/5 and 1/5 folds.
FIC_ET_DC_RF_Vg_max_Vd_0p1mA,FIC,THIN_ET_DC_RF_Vg_max_Vd_0p1mA,THIN,DC_RF_Vg_max_Vd_0p1mA,threshold,negative,0.7944,1/5,1/5,INCONCLUSIVE,Shape/direction agree in only 1/5 and 1/5 folds.
FIC_ET_DC_RF_Vg_max_Vd_0p1,FIC,TOPSIN_ET_DC_RF_Vg_max_Vd_0p1,TOPSIN,DC_RF_Vg_max_Vd_0p1,complex_nonmonotonic,n/a,0.9091,0/5,0/5,INCONCLUSIVE,Shape/direction agree in only 0/5 and 0/5 folds.
FIC_ET_DC_RF_Vg_max_Vd_0p1,FIC,SIN_ET_DC_RF_Vg_max_Vd_0p1,SIN,DC_RF_Vg_max_Vd_0p1,inverted_U,n/a,1.6436,0/5,0/5,INCONCLUSIVE,Shape/direction agree in only 0/5 and 0/5 folds.
THIN_ET_DC_RF_Vg_max_Vd,THIN,TOPSIN_ET_DC_RF_Vg_max_Vd,TOPSIN,DC_RF_Vg_max_Vd,complex_nonmonotonic,n/a,1.3148,0/5,0/5,INCONCLUSIVE,Shape/direction agree in only 0/5 and 0/5 folds.
FIC_ET_DC_RF_Vg_max_Vd,FIC,TOPSIN_ET_DC_RF_Vg_max_Vd,TOPSIN,DC_RF_Vg_max_Vd,complex_nonmonotonic,n/a,0.9091,1/5,1/5,INCONCLUSIVE,Shape/direction agree in only 1/5 and 1/5 folds.
FIC_ET_DC_RF_Vg_max_Vd,FIC,THIN_ET_DC_RF_Vg_max_Vd,THIN,DC_RF_Vg_max_Vd,complex_nonmonotonic,n/a,0.6577,0/5,0/5,INCONCLUSIVE,Shape/direction agree in only 0/5 and 0/5 folds.
FIC_ET_lkg_SY07_10,FIC,TOPSIN_ET_lkg_SY07_10,TOPSIN,lkg_SY07_10,inverted_U,n/a,2.0095,1/5,1/5,INCONCLUSIVE,Shape/direction agree in only 1/5 and 1/5 folds.
BRGM_ET_lkg_SY07_10,BRGM,TOPSIN_ET_lkg_SY07_10,TOPSIN,lkg_SY07_10,complex_nonmonotonic,n/a,1.6933,1/5,1/5,INCONCLUSIVE,Shape/direction agree in only 1/5 and 1/5 folds.
BRGM_ET_lkg_SY07_10,BRGM,SIN_ET_lkg_SY07_10,SIN,lkg_SY07_10,complex_nonmonotonic,n/a,1.6933,1/5,1/5,INCONCLUSIVE,Shape/direction agree in only 1/5 and 1/5 folds.
BRGM_ET_lkg_SY07_10,BRGM,FIC_ET_lkg_SY07_10,FIC,lkg_SY07_10,complex_nonmonotonic,n/a,1.6933,1/5,1/5,INCONCLUSIVE,Shape/direction agree in only 1/5 and 1/5 folds.
THIN_ET_lkg_C300,THIN,TOPSIN_ET_lkg_C300,TOPSIN,lkg_C300,complex_nonmonotonic,n/a,1.4149,1/5,1/5,INCONCLUSIVE,Shape/direction agree in only 1/5 and 1/5 folds.
BRGM_ET_lkg_C300,BRGM,TOPSIN_ET_lkg_C300,TOPSIN,lkg_C300,complex_nonmonotonic,n/a,1.0392,1/5,1/5,INCONCLUSIVE,Shape/direction agree in only 1/5 and 1/5 folds.
BRGM_ET_lkg_C300,BRGM,THIN_ET_lkg_C300,THIN,lkg_C300,complex_nonmonotonic,n/a,1.0392,1/5,1/5,INCONCLUSIVE,Shape/direction agree in only 1/5 and 1/5 folds.
BRGM_ET_lkg_C200,BRGM,THIN_ET_lkg_C200,THIN,lkg_C200,complex_nonmonotonic,n/a,1.3046,0/5,0/5,INCONCLUSIVE,Shape/direction agree in only 0/5 and 0/5 folds.
BRGM_ET_i5021_2,BRGM,THIN_ET_i5021_2,THIN,i5021_2,complex_nonmonotonic,n/a,1.1047,1/5,1/5,INCONCLUSIVE,Shape/direction agree in only 1/5 and 1/5 folds.
FIC_ET_DC_RF_Vp_01,FIC,THIN_ET_DC_RF_Vp_01,THIN,DC_RF_Vp_01,inverted_U,n/a,0.7603,0/5,0/5,INCONCLUSIVE,Shape/direction agree in only 0/5 and 0/5 folds.
SIN_ET_DC_RF_Vg_optt3,SIN,THIN_ET_DC_RF_Vg_optt3,THIN,DC_RF_Vg_optt3,U_shape,n/a,1.3127,0/5,0/5,INCONCLUSIVE,Shape/direction agree in only 0/5 and 0/5 folds.
FIC_ET_DC_RF_Vg_optt3,FIC,SIN_ET_DC_RF_Vg_optt3,SIN,DC_RF_Vg_optt3,U_shape,n/a,0.9765,0/5,0/5,INCONCLUSIVE,Shape/direction agree in only 0/5 and 0/5 folds.
FIC_ET_DC_RF_Vg_optt2,FIC,SIN_ET_DC_RF_Vg_optt2,SIN,DC_RF_Vg_optt2,inverted_U,n/a,0.9358,0/5,0/5,INCONCLUSIVE,Shape/direction agree in only 0/5 and 0/5 folds.
BRGM_ET_F_AB,BRGM,THIN_ET_F_AB,THIN,F_AB,complex_nonmonotonic,n/a,1.6458,1/5,1/5,INCONCLUSIVE,Shape/direction agree in only 1/5 and 1/5 folds.
THIN_ET_Cap_C300,THIN,TOPSIN_ET_Cap_C300,TOPSIN,Cap_C300,complex_nonmonotonic,n/a,0.7433,1/5,1/5,INCONCLUSIVE,Shape/direction agree in only 1/5 and 1/5 folds.
BRGM_ET_Cap_C300,BRGM,TOPSIN_ET_Cap_C300,TOPSIN,Cap_C300,complex_nonmonotonic,n/a,1.174,1/5,1/5,INCONCLUSIVE,Shape/direction agree in only 1/5 and 1/5 folds.
BRGM_ET_Cap_C300,BRGM,THIN_ET_Cap_C300,THIN,Cap_C300,complex_nonmonotonic,n/a,1.174,1/5,1/5,INCONCLUSIVE,Shape/direction agree in only 1/5 and 1/5 folds.
THIN_ET_C300_0,THIN,TOPSIN_ET_C300_0,TOPSIN,C300_0,complex_nonmonotonic,n/a,1.022,0/5,0/5,INCONCLUSIVE,Shape/direction agree in only 0/5 and 0/5 folds.
BRGM_ET_C300_0,BRGM,TOPSIN_ET_C300_0,TOPSIN,C300_0,threshold,n/a,0.5075,1/5,1/5,INCONCLUSIVE,Shape/direction agree in only 1/5 and 1/5 folds.
BRGM_ET_C300_0,BRGM,THIN_ET_C300_0,THIN,C300_0,threshold,n/a,0.5075,1/5,1/5,INCONCLUSIVE,Shape/direction agree in only 1/5 and 1/5 folds.
THIN_ET_C300,THIN,TOPSIN_ET_C300,TOPSIN,C300,complex_nonmonotonic,n/a,0.7852,0/5,0/5,INCONCLUSIVE,Shape/direction agree in only 0/5 and 0/5 folds.
BRGM_ET_C300,BRGM,TOPSIN_ET_C300,TOPSIN,C300,complex_nonmonotonic,n/a,1.3782,1/5,1/5,INCONCLUSIVE,Shape/direction agree in only 1/5 and 1/5 folds.
BRGM_ET_C300,BRGM,THIN_ET_C300,THIN,C300,complex_nonmonotonic,n/a,1.378,1/5,1/5,INCONCLUSIVE,Shape/direction agree in only 1/5 and 1/5 folds.
BRGM_ET_C200,BRGM,THIN_ET_C200,THIN,C200,complex_nonmonotonic,n/a,1.5145,1/5,1/5,INCONCLUSIVE,Shape/direction agree in only 1/5 and 1/5 folds.
OHMIC_ET_Rsh_an_ct2,OHMIC,THIN_ET_Rsh_an_ct2,THIN,Rsh_an_ct2,complex_nonmonotonic,n/a,0.9458,0/5,0/5,INCONCLUSIVE,Shape/direction agree in only 0/5 and 0/5 folds.
TFRP_ET_TF_AB_1,TFRP,THIN_ET_TF_AB_1,THIN,TF_AB_1,U_shape,n/a,1.4733,0/5,0/5,INCONCLUSIVE,Shape/direction agree in only 0/5 and 0/5 folds.
ANODE_ET_Ran_con_1,ANODE,THIN_ET_Ran_con_1,THIN,Ran_con_1,complex_nonmonotonic,n/a,0.8508,0/5,0/5,INCONCLUSIVE,Shape/direction agree in only 0/5 and 0/5 folds.
TFRP_ET_TF_AB_3,TFRP,THIN_ET_TF_AB_3,THIN,TF_AB_3,complex_nonmonotonic,n/a,0.9652,1/5,1/5,INCONCLUSIVE,Shape/direction agree in only 1/5 and 1/5 folds.
ANODE_ET_C_AN_2_OW_CR,ANODE,THIN_ET_C_AN_2_OW_CR,THIN,C_AN_2_OW_CR,complex_nonmonotonic,n/a,1.5536,0/5,0/5,INCONCLUSIVE,Shape/direction agree in only 0/5 and 0/5 folds.
