id,relationship,best_method,best_classification,evidence_level,exact_parameters_recovered,relationship_type_recovered,remaining_limitation
1,Gate CD optimum,spline/GAM single-parameter (tied with v2),PARTIALLY FOUND,STRONG (spline: 5/5 fold),yes (exact column),partial (central beneficial region found; clean symmetric process-window shape not resolved),"Single-parameter relationship; v3/v4 interaction work does not apply. No method has resolved the clean symmetric degrade-both-sides shape."
2,PAE benefit,tie: v1 (importance-based) and spline (fold-stable but wrong-shape),PARTIALLY FOUND,MODERATE (spline: 3/5 fold; v1: SHAP rank 54/1425),yes (exact column),no (monotonic-positive shape/direction not recovered by any method),"Four single-parameter/interaction methods now disagree or fail on a clean shape for this parameter, though v4 shows PAE is HIGH_EVIDENCE with 267 confirmed STRONG/MODERATE 2-way interactions -- the parameter clearly matters jointly with many others even though its own marginal shape remains elusive."
3,Drain-lag penalty,spline/GAM single-parameter,EXACTLY FOUND,STRONG (spline: 4/5 fold, oof R^2=0.19),yes (exact column, no proxy needed),yes (threshold, negative, turning point ~8 vs planted ~7),"Resolved. v4 further reinforces this parameter's centrality: HIGH_EVIDENCE, 22 v4-confirmed STRONG + 5 MODERATE 2-way interactions, v3-broadscreen rank #1 of 1,405."
4,Gate CD x SiN thickness,none -- SCREENED BUT NOT CONFIRMED under v4 (best available result),SCREENED BUT NOT CONFIRMED,n/a (never reached confirmation under any method),GATE2_CD_Gate_Leg_Length: yes as of v4 (MEDIUM_EVIDENCE, 7/7 confirmed STRONG interactions with OTHER partners); SIN_Thickness_SiN_Thickness: partial (MEDIUM_EVIDENCE, v3-broadscreen top-300 presence),no,"Both individual features are now genuinely evidenced (a complete reversal for Gate CD, invisible in v1/v2/v3) -- but BOTH sit at MEDIUM_EVIDENCE, not HIGH, so v4's generous HIGH-anchored candidate channels (A, B, E) cannot pair two MEDIUM-tier features together; only the capped channel-C outlier screen could, and this specific pair did not make its top-1,000-of-541,320 cut. A precise, narrow, well-diagnosed candidate-generation gap specific to MEDIUM-x-MEDIUM pairings."
5,Rc x Rsh,v4 pair confirmation (evidence-graph candidate generation),PARTIALLY FOUND,STRONG (5/5 fold, unanimous, incremental R^2=0.0575),yes (both exact columns, directly generated via HIGH x HIGH),partial (genuine non-additive interaction confirmed; the specific expected high/high-worst DIRECTION cannot be verified because v4's confirmation output omits region/direction fields),"The exact pairing is now confirmed as a REAL interaction for the first time in this project (v3 never tested it). The remaining gap is a REPORTING gap, not a detection gap: v4's confirmation script does not compute or save high/low-yield region information (a deliberate scope simplification to keep the 340x-larger pool tractable, documented in the v4 summary's own limitations). Re-deriving the region from the already-fitted joint surface would require re-running code, which this validation-only checkpoint does not permit."
6,Leakage threshold,LightGBM v1 (global importance + PDP),EXACTLY FOUND,STRONG (dominant, #1 predictor by all 3 importance methods),yes (family identity, dominant representative column),yes (threshold, negative),"v1 remains cleanest. Spline corroborates with the tightest quantitative turning-point match (0.2247 vs. planted 0.20). No method has confirmed the planted two-stage threshold structure (additional stronger penalty above ~0.35)."
7,Alignment process window,spline/GAM single-parameter,APPROXIMATELY FOUND,MODERATE (spline: 3/5 fold),yes (exact column),partial (positive-side turning point 0.039 matches planted +0.035; symmetric negative-side boundary not confirmed),"Single-parameter relationship; v3/v4 interaction work does not apply."
8,Gm stage degradation,v2 cross-stage analysis,EXACTLY FOUND,STRONG (5/5 fold, correct direction),yes (both exact columns),yes (threshold, negative, generic cross-stage comparison),"Resolved. No further limitation. Cross-stage relationship; v3/v4 same-stage interaction machinery does not apply."
9,Rc x Drain Lag x low PAE,none -- NOT GENERATED / NOT TESTED under v4 (best available result),NOT GENERATED / NOT TESTED,n/a (never generated as a candidate),all three individually well-evidenced (all HIGH_EVIDENCE); ALL THREE pairwise sub-components now confirmed real in v4 (Rc-DrainLag STRONG, Rc-PAE MODERATE, DrainLag-PAE MODERATE -- zero of these were confirmed in v3),no,"The most specifically-diagnosed remaining gap in the project: every pairwise ingredient is now proven real, but v4's 3-way motif-generation channels are restricted to a top-3,000-STRONG-edge subgraph (by incremental R^2) and a top-40-STRONG-edge list for the HIGH-conditional channel; none of the three (modest-magnitude STRONG, or MODERATE) edges rank within those explicit, disclosed cutoffs. An edge-ranking/tier-cutoff problem specifically, not a missing-evidence problem."
