relationship_type,parameter_A,parameter_B,parameter_C,mlp_evidence_label,mlp_shape,existing_spline_label,existing_v2_label,status
single_parameter,VendorName_EPI_B,,,STRONG,threshold,not_tested,not_tested,MLP_ONLY
single_parameter,Technology_PHEMT_0.25um,,,STRONG,threshold,not_tested,not_tested,MLP_ONLY
single_parameter,MEASURE_ET_DC_SEC_S_Id_mA_mm_at_Vg3_FPSD3p2,,,STRONG,direct,MODERATE,INCONCLUSIVE,SUPPORTED_BY_BOTH
single_parameter,THIN_ET_R_f_tn_1,,,STRONG,direct,WEAK,INCONCLUSIVE,MLP_ONLY
single_parameter,MEASURE_ET_DC_RD_MSG_18GHz,,,STRONG,direct,INCONCLUSIVE,WEAK,MLP_ONLY
single_parameter,VendorName_EPI_C,,,STRONG,threshold,not_tested,not_tested,MLP_ONLY
single_parameter,Technology_PHEMT_0.35um,,,STRONG,threshold,not_tested,not_tested,MLP_ONLY
single_parameter,THIN_ET_C_AN_2_OW_CR,,,STRONG,direct,MODERATE,INCONCLUSIVE,SUPPORTED_BY_BOTH
single_parameter,MEASURE_ET_LT_SEC_Id_min_mA_mm,,,STRONG,direct,STRONG,MODERATE,SUPPORTED_BY_BOTH
single_parameter,MEASURE_ET_R414,,,STRONG,direct,STRONG,INCONCLUSIVE,SUPPORTED_BY_BOTH
single_parameter,MEASURE_ET_DC_SEC_X_Id_mA_mm_at_Vg3_SD3p5,,,STRONG,direct,STRONG,MODERATE,SUPPORTED_BY_BOTH
single_parameter,MEASURE_ET_DC_RF_S22ang_10GHz,,,STRONG,direct,MODERATE,WEAK,SUPPORTED_BY_BOTH
single_parameter,Version_V2.0,,,STRONG,threshold,not_tested,not_tested,MLP_ONLY
single_parameter,MEASURE_ET_RF_Modeling_K,,,STRONG,direct,INCONCLUSIVE,WEAK,MLP_ONLY
single_parameter,SIN_ET_DC_RF_Vg_optt3,,,STRONG,direct,STRONG,INCONCLUSIVE,SUPPORTED_BY_BOTH
single_parameter,MEASURE_ET_DC_RD_Ft,,,STRONG,direct,STRONG,STRONG,SUPPORTED_BY_BOTH
single_parameter,MEASURE_ET_DC_SEC_S_Id_mA_mm_at_Vg2_SD3p5,,,STRONG,direct,INCONCLUSIVE,MODERATE,SUPPORTED_BY_BOTH
single_parameter,Sort_Yield_target[%]_90,,,STRONG,threshold,not_tested,not_tested,MLP_ONLY
single_parameter,FMESA_ET_Probe_Number,,,STRONG,direct,INCONCLUSIVE,WEAK,MLP_ONLY
single_parameter,Technology_PHEMT_0.15um,,,STRONG,threshold,not_tested,not_tested,MLP_ONLY
single_parameter,MEASURE_ET_DC_SEC_S_Ig_cut1_mAmm_pos,,,STRONG,direct,MODERATE,INCONCLUSIVE,SUPPORTED_BY_BOTH
single_parameter,Sort_Yield_target[%]_88,,,STRONG,threshold,not_tested,not_tested,MLP_ONLY
single_parameter,MEASURE_ET_RF_Modeling_Rgs,,,STRONG,direct,STRONG,MODERATE,SUPPORTED_BY_BOTH
single_parameter,VendorName_EPI_A,,,STRONG,threshold,not_tested,not_tested,MLP_ONLY
single_parameter,MEASURE_ET_DC_SMALL_Vbgd1,,,STRONG,direct,STRONG,WEAK,SUPPORTED_BY_BOTH
single_parameter,FIC_ET_DC_PIV_Ids1_QP3,,,STRONG,direct,STRONG,INCONCLUSIVE,SUPPORTED_BY_BOTH
single_parameter,MEASURE_ET_DC_RF_CF_S22_Ph_L1002,,,STRONG,direct,STRONG,INCONCLUSIVE,SUPPORTED_BY_BOTH
single_parameter,MEASURE_ET_i5021_1,,,STRONG,direct,STRONG,WEAK,SUPPORTED_BY_BOTH
single_parameter,FIC_ET_DC_RF_Vds_max_0p1,,,STRONG,direct,STRONG,INCONCLUSIVE,SUPPORTED_BY_BOTH
single_parameter,MEASURE_ET_DC_SMALL_Vbgd_0p01,,,STRONG,direct,STRONG,INCONCLUSIVE,SUPPORTED_BY_BOTH
single_parameter,SIN_GATE_ET_Rsh_an_ct2,,,STRONG,direct,INCONCLUSIVE,STRONG,SUPPORTED_BY_BOTH
single_parameter,MEASURE_ET_Ran_con_1,,,STRONG,direct,MODERATE,INCONCLUSIVE,SUPPORTED_BY_BOTH
single_parameter,MEASURE_ET_DC_RD_S12dB_18GHz,,,STRONG,direct,WEAK,INCONCLUSIVE,MLP_ONLY
single_parameter,SIN_ET_DC_RF_Vdg_max_0p1mA,,,STRONG,direct,STRONG,MODERATE,SUPPORTED_BY_BOTH
single_parameter,MEASURE_ET_LT_SEC_Id_min_mA_mm_Vd8,,,STRONG,direct,STRONG,INCONCLUSIVE,SUPPORTED_BY_BOTH
single_parameter,MEASURE_ET_Load_Pull_IG_comp_Last_uA,,,STRONG,direct,STRONG,WEAK,SUPPORTED_BY_BOTH
single_parameter,MEASURE_ET_DC_SEC_X_Vg_at_I2_pos,,,STRONG,direct,STRONG,INCONCLUSIVE,SUPPORTED_BY_BOTH
single_parameter,MEASURE_ET_DC_RF_S12dB_26GHz,,,STRONG,direct,WEAK,STRONG,SUPPORTED_BY_BOTH
single_parameter,TOPSIN_ET_R114,,,STRONG,direct,STRONG,MODERATE,SUPPORTED_BY_BOTH
single_parameter,TOPSIN_ET_DC_RF_Vbgs_0p1,,,STRONG,direct,STRONG,STRONG,SUPPORTED_BY_BOTH
single_parameter,MEASURE_ET_DC_RF_Vbgs_0p1,,,STRONG,direct,STRONG,INCONCLUSIVE,SUPPORTED_BY_BOTH
single_parameter,MEASURE_ET_DC_Big_Vg_max_Vd,,,STRONG,direct,STRONG,WEAK,SUPPORTED_BY_BOTH
single_parameter,Version_V1.1,,,STRONG,threshold,not_tested,not_tested,MLP_ONLY
single_parameter,MaskSetName_MS_D,,,STRONG,threshold,not_tested,not_tested,MLP_ONLY
single_parameter,THIN_ET_DC_RF_Vbgs1,,,STRONG,direct,STRONG,WEAK,SUPPORTED_BY_BOTH
single_parameter,MEASURE_ET_Vbpin,,,STRONG,direct,STRONG,MODERATE,SUPPORTED_BY_BOTH
single_parameter,TOPSIN_ET_DC_SMALL_Vbgs_0p01,,,STRONG,direct,MODERATE,WEAK,SUPPORTED_BY_BOTH
single_parameter,MEASURE_ET_DC_Big_Gm_max,,,STRONG,direct,STRONG,INCONCLUSIVE,SUPPORTED_BY_BOTH
single_parameter,TOPSIN_ET_CapPARCAP_0,,,STRONG,direct,STRONG,INCONCLUSIVE,SUPPORTED_BY_BOTH
single_parameter,FIC_ET_Ids_m2,,,STRONG,direct,INCONCLUSIVE,MODERATE,SUPPORTED_BY_BOTH
single_parameter,THIN_ET_Ran_con_1,,,STRONG,direct,STRONG,STRONG,SUPPORTED_BY_BOTH
single_parameter,MEASURE_ET_DC_RF_S11ang_26GHz_W,,,STRONG,direct,STRONG,INCONCLUSIVE,SUPPORTED_BY_BOTH
single_parameter,FIC_ET_Gate_res,,,STRONG,direct,MODERATE,INCONCLUSIVE,SUPPORTED_BY_BOTH
single_parameter,MEASURE_ET_DC_SEC_X_Id_at_Vboff_mA_mm_SD3p5,,,STRONG,direct,STRONG,INCONCLUSIVE,SUPPORTED_BY_BOTH
single_parameter,TOPSIN_ET_Rc_f_tn_23,,,STRONG,direct,STRONG,MODERATE,SUPPORTED_BY_BOTH
single_parameter,MESA_Height_Mesa_Height,,,STRONG,direct,WEAK,MODERATE,SUPPORTED_BY_BOTH
single_parameter,MEASURE_ET_LT_SEC_Vbgd1_Vd7,,,STRONG,direct,WEAK,WEAK,MLP_ONLY
single_parameter,MEASURE_ET_DC_SEC_S_Vp_1_mA_mm_second_FPSD3p2,,,STRONG,direct,WEAK,WEAK,MLP_ONLY
single_parameter,MEASURE_ET_LT_SEC_Vd_Id_min_Vd8,,,STRONG,direct,WEAK,INCONCLUSIVE,MLP_ONLY
single_parameter,MEASURE_ET_VIA_KLV,,,STRONG,direct,STRONG,MODERATE,SUPPORTED_BY_BOTH
single_parameter,MEASURE_ET_RF_Modeling_Vp_1_W,,,STRONG,direct,WEAK,INCONCLUSIVE,MLP_ONLY
single_parameter,MEASURE_ET_DC_SEC_X_Vp_0p7_mA_mm,,,STRONG,direct,STRONG,WEAK,SUPPORTED_BY_BOTH
single_parameter,BRGM_ET_i5021_2,,,STRONG,direct,WEAK,INCONCLUSIVE,MLP_ONLY
single_parameter,SIN_ET_DC_RF_Vp_1,,,STRONG,direct,STRONG,MODERATE,SUPPORTED_BY_BOTH
single_parameter,Customer_Customer_B,,,STRONG,threshold,not_tested,not_tested,MLP_ONLY
single_parameter,TOPSIN_ET_DC_SMALL_Gm_max,,,STRONG,direct,STRONG,STRONG,SUPPORTED_BY_BOTH
single_parameter,TOPSIN_ET_CapM1BRGM_0,,,STRONG,direct,STRONG,INCONCLUSIVE,SUPPORTED_BY_BOTH
single_parameter,MEASURE_ET_DC_SEC_X_Vp_1_mA_mm,,,STRONG,direct,STRONG,WEAK,SUPPORTED_BY_BOTH
single_parameter,MEASURE_ET_DC_RF_Gm_m0p2_W,,,STRONG,direct,STRONG,STRONG,SUPPORTED_BY_BOTH
single_parameter,TFRP_ET_Probe_Number,,,STRONG,direct,WEAK,INCONCLUSIVE,MLP_ONLY
single_parameter,MEASURE_ET_RF_Modeling_Vg_gm_max_W,,,STRONG,direct,STRONG,MODERATE,SUPPORTED_BY_BOTH
single_parameter,TOPSIN_ET_DC_SMALL_Gm_m0p2,,,STRONG,direct,STRONG,INCONCLUSIVE,SUPPORTED_BY_BOTH
single_parameter,FIC_ET_Vp_1,,,STRONG,direct,STRONG,INCONCLUSIVE,SUPPORTED_BY_BOTH
single_parameter,FIC_ET_Bad_Gates,,,STRONG,direct,WEAK,MODERATE,SUPPORTED_BY_BOTH
single_parameter,MEASURE_ET_DC_RF_Vp_01_W,,,STRONG,direct,WEAK,INCONCLUSIVE,MLP_ONLY
single_parameter,TOPSIN_ET_Vp_1,,,STRONG,direct,STRONG,INCONCLUSIVE,SUPPORTED_BY_BOTH
single_parameter,MEASURE_ET_DC_Big_Vp_01,,,STRONG,direct,INCONCLUSIVE,WEAK,MLP_ONLY
single_parameter,MEASURE_ET_DC_SEC_X_Vp_1_mA_mm_first_SD3p5,,,STRONG,direct,STRONG,INCONCLUSIVE,SUPPORTED_BY_BOTH
single_parameter,MEASURE_ET_C100CapM1BRGM,,,STRONG,direct,STRONG,WEAK,SUPPORTED_BY_BOTH
single_parameter,TOPSIN_ET_DC_SMALL_Vp_01,,,STRONG,direct,WEAK,WEAK,MLP_ONLY
single_parameter,EBCR2_CD_Gate_Leg_Length,,,STRONG,direct,STRONG,INCONCLUSIVE,SUPPORTED_BY_BOTH
single_parameter,MEASURE_ET_DC_SEC_X_Vp_1_mA_mm_second_FPSD3p2,,,STRONG,direct,INCONCLUSIVE,WEAK,MLP_ONLY
single_parameter,MEASURE_ET_DC_SEC_S_Vp_1_mA_mm_first_SD3p5,,,STRONG,direct,STRONG,MODERATE,SUPPORTED_BY_BOTH
single_parameter,TOPSIN_ET_DC_SMALL_Vp_1,,,STRONG,direct,INCONCLUSIVE,MODERATE,SUPPORTED_BY_BOTH
single_parameter,MEASURE_ET_DC_SEC_X_Vp_1_mA_mm_second_SD3p5,,,STRONG,direct,MODERATE,INCONCLUSIVE,SUPPORTED_BY_BOTH
single_parameter,GATE2_CD_Gate_Leg_Length,,,STRONG,direct,STRONG,MODERATE,SUPPORTED_BY_BOTH
single_parameter,MEASURE_ET_DC_Stress_Vp_after,,,STRONG,direct,STRONG,MODERATE,SUPPORTED_BY_BOTH
single_parameter,MEASURE_ET_DC_SEC_S_Vp_1_mA_mm,,,STRONG,direct,WEAK,MODERATE,SUPPORTED_BY_BOTH
single_parameter,MEASURE_ET_DC_SEC_Vp_1mA,,,STRONG,direct,INCONCLUSIVE,MODERATE,SUPPORTED_BY_BOTH
single_parameter,MEASURE_ET_DC_SMALL_Gm_m0p2,,,STRONG,direct,STRONG,WEAK,SUPPORTED_BY_BOTH
single_parameter,MEASURE_ET_DC_SEC_S_Vp_1_mA_mm_second,,,STRONG,direct,STRONG,WEAK,SUPPORTED_BY_BOTH
single_parameter,MEASURE_ET_DC_RF_Vp_1,,,MODERATE,direct,MODERATE,INCONCLUSIVE,SUPPORTED_BY_BOTH
single_parameter,TOPSIN_ET_DC_RF_Vp_01,,,MODERATE,direct,STRONG,MODERATE,SUPPORTED_BY_BOTH
single_parameter,THIN_ET_DC_RF_Vp_1,,,MODERATE,direct,STRONG,INCONCLUSIVE,SUPPORTED_BY_BOTH
single_parameter,MEASURE_ET_DC_SEC_S_Vp_1_mA_mm_first_FPSD3p2,,,MODERATE,direct,INCONCLUSIVE,WEAK,MLP_ONLY
single_parameter,MEASURE_ET_DC_Stress_Gm_max_after,,,WEAK,direct,STRONG,MODERATE,EXISTING_ONLY
single_parameter,FIC_ET_DC_RF_Vp_1,,,INCONCLUSIVE,flat_no_clear_effect,WEAK,MODERATE,EXISTING_ONLY
single_parameter,FIC_ET_DC_RF_Vp_01,,,INCONCLUSIVE,flat_no_clear_effect,INCONCLUSIVE,MODERATE,EXISTING_ONLY
single_parameter,MEASURE_ET_DC_RF_Vp_1_W,,,INCONCLUSIVE,flat_no_clear_effect,MODERATE,INCONCLUSIVE,EXISTING_ONLY
single_parameter,MEASURE_ET_DC_SEC_S_Vp_0p7_mA_mm,,,INCONCLUSIVE,flat_no_clear_effect,MODERATE,INCONCLUSIVE,EXISTING_ONLY
2way,MEASURE_ET_DC_RF_Vp_1_W,TFRP_ET_Rc_TF_AB_2,,STRONG,,,not_confirmed_in_v5,MLP_ONLY
2way,FIC_ET_Bad_Gates,TOPSIN_ET_C100Cap2pf,,STRONG,,,v5_confirmed,SUPPORTED_BY_BOTH
2way,TOPSIN_ET_C100Cap1pf,TOPSIN_ET_C100Cap2pf,,STRONG,,,v5_confirmed,SUPPORTED_BY_BOTH
2way,FIC_ET_Bad_Gates,FIC_ET_Gate_res,,STRONG,,,not_confirmed_in_v5,MLP_ONLY
2way,FIC_ET_Bad_Gates,FIC_ET_R_f_tn_2,,STRONG,,,not_confirmed_in_v5,MLP_ONLY
2way,MEASURE_ET_DC_RF_CF_S12_Mag_L1002,THIN_ET_TF_AB_1,,STRONG,,,v5_confirmed,SUPPORTED_BY_BOTH
2way,FIC_ET_R_f_tn_2,MEASURE_ET_DC_RF_Vp_1_W,,STRONG,,,not_confirmed_in_v5,MLP_ONLY
2way,ANODE_ET_Rc_an_ct2_OW_CR,MEASURE_ET_DC_RF_CF_S12_Mag_L1002,,STRONG,,,v5_confirmed,SUPPORTED_BY_BOTH
2way,MEASURE_ET_DC_RF_Vp_1_W,TOPSIN_ET_DC_PIV_Drain_Lag_0,,STRONG,,,not_confirmed_in_v5,MLP_ONLY
2way,MEASURE_ET_lkg_50_at20V,TOPSIN_ET_C100Cap2pf,,STRONG,,,v5_confirmed,SUPPORTED_BY_BOTH
2way,ANODE_ET_Rc_an_ct2_OW_CR,MEASURE_ET_LT_SEC_Vbgd1_Vd7,,STRONG,,,not_confirmed_in_v5,MLP_ONLY
2way,FIC_ET_Gate_res,MEASURE_ET_LT_SEC_Vbgd1_Vd7,,STRONG,,,not_confirmed_in_v5,MLP_ONLY
2way,FIC_ET_R_f_tn_2,THIN_ET_TF_AB_1,,STRONG,,,v5_confirmed,SUPPORTED_BY_BOTH
2way,FIC_ET_R_f_tn_2,MEASURE_ET_DC_RF_CF_S12_Mag_L1002,,STRONG,,,not_confirmed_in_v5,MLP_ONLY
2way,TFRP_ET_Rc_TF_AB_2,THIN_ET_TF_AB_1,,STRONG,,,v5_confirmed,SUPPORTED_BY_BOTH
2way,ANODE_ET_Rc_an_ct2_OW_CR,THIN_ET_TF_AB_1,,STRONG,,,v5_confirmed,SUPPORTED_BY_BOTH
2way,FIC_ET_Gate_res,MEASURE_ET_DC_RF_Vp_1_W,,STRONG,,,v5_confirmed,SUPPORTED_BY_BOTH
2way,MEASURE_ET_DC_RF_CF_S12_Mag_L1002,TFRP_ET_Rc_TF_AB_2,,STRONG,,,v5_confirmed,SUPPORTED_BY_BOTH
2way,ANODE_ET_Rc_an_ct2_OW_CR,TOPSIN_ET_C100Cap1pf,,STRONG,,,v5_confirmed,SUPPORTED_BY_BOTH
2way,ANODE_ET_Rc_an_ct2_OW_CR,TFRP_ET_Rc_TF_AB_2,,STRONG,,,v5_confirmed,SUPPORTED_BY_BOTH
2way,MEASURE_ET_DC_RF_CF_S12_Mag_L1002,MEASURE_ET_DC_RF_Vp_1_W,,MODERATE,,,not_confirmed_in_v5,MLP_ONLY
2way,FIC_ET_Bad_Gates,MEASURE_ET_DC_RF_Vp_1_W,,MODERATE,,,not_confirmed_in_v5,MLP_ONLY
2way,Technology_PHEMT_0.25um,VendorName_EPI_B,,MODERATE,,,not_confirmed_in_v5,MLP_ONLY
2way,FIC_ET_Bad_Gates,MEASURE_ET_LT_SEC_Vbgd1_Vd7,,MODERATE,,,not_confirmed_in_v5,MLP_ONLY
2way,TOPSIN_ET_C100Cap2pf,TOPSIN_ET_DC_PIV_Drain_Lag_0,,MODERATE,,,v5_confirmed,SUPPORTED_BY_BOTH
2way,ANODE_ET_Rc_an_ct2_OW_CR,TOPSIN_ET_DC_PIV_Drain_Lag_0,,MODERATE,,,v5_confirmed,SUPPORTED_BY_BOTH
2way,MEASURE_ET_DC_RF_CF_S12_Mag_L1002,TOPSIN_ET_DC_RF_Vp_01,,MODERATE,,,v5_confirmed,SUPPORTED_BY_BOTH
2way,ANODE_ET_Rc_an_ct2_OW_CR,MEASURE_ET_DC_RF_Vp_1_W,,MODERATE,,,not_confirmed_in_v5,MLP_ONLY
2way,ANODE_ET_Rc_an_ct2_OW_CR,FIC_ET_Bad_Gates,,MODERATE,,,v5_confirmed,SUPPORTED_BY_BOTH
2way,TFRP_ET_Rc_TF_AB_2,TOPSIN_ET_DC_RF_Vp_01,,MODERATE,,,v5_confirmed,SUPPORTED_BY_BOTH
2way,ANODE_ET_Rc_an_ct2_OW_CR,TOPSIN_ET_DC_RF_Vp_01,,MODERATE,,,v5_confirmed,SUPPORTED_BY_BOTH
2way,MEASURE_ET_DC_RF_Vp_1_W,OHMIC_ET_Rsh_an_ct2,,MODERATE,,,not_confirmed_in_v5,MLP_ONLY
2way,ANODE_ET_Rc_an_ct2_OW_CR,MEASURE_ET_lkg_50_at20V,,MODERATE,,,v5_confirmed,SUPPORTED_BY_BOTH
2way,Sort_Yield_target[%]_90,Technology_PHEMT_0.15um,,MODERATE,,,not_confirmed_in_v5,MLP_ONLY
2way,Technology_PHEMT_0.15um,VendorName_EPI_A,,MODERATE,,,not_confirmed_in_v5,MLP_ONLY
2way,Sort_Yield_target[%]_88,VendorName_EPI_A,,MODERATE,,,not_confirmed_in_v5,MLP_ONLY
2way,Sort_Yield_target[%]_88,Technology_PHEMT_0.15um,,MODERATE,,,not_confirmed_in_v5,MLP_ONLY
2way,Sort_Yield_target[%]_90,VendorName_EPI_A,,MODERATE,,,not_confirmed_in_v5,MLP_ONLY
2way,TFRP_ET_Rc_TF_AB_2,TOPSIN_ET_DC_PIV_Drain_Lag_0,,MODERATE,,,v5_confirmed,SUPPORTED_BY_BOTH
2way,Sort_Yield_target[%]_88,Sort_Yield_target[%]_90,,MODERATE,,,not_confirmed_in_v5,MLP_ONLY
2way,MEASURE_ET_DC_RF_Vp_1_W,TOPSIN_ET_DC_RF_Vp_01,,MODERATE,,,not_confirmed_in_v5,MLP_ONLY
2way,FIC_ET_Bad_Gates,FIC_ET_Ids_m2,,MODERATE,,,not_confirmed_in_v5,MLP_ONLY
2way,OHMIC_ET_Rsh_an_ct2,TOPSIN_ET_DC_RF_Vp_01,,MODERATE,,,v5_confirmed,SUPPORTED_BY_BOTH
2way,MEASURE_ET_DC_RF_CF_S12_Mag_L1002,TOPSIN_ET_C100Cap2pf,,MODERATE,,,v5_confirmed,SUPPORTED_BY_BOTH
2way,TOPSIN_ET_DC_PIV_Drain_Lag_0,TOPSIN_ET_DC_RF_Vp_01,,MODERATE,,,v5_confirmed,SUPPORTED_BY_BOTH
2way,MEASURE_ET_lkg_50_at20V,TOPSIN_ET_DC_PIV_Drain_Lag_0,,MODERATE,,,v5_confirmed,SUPPORTED_BY_BOTH
2way,MEASURE_ET_LT_SEC_Vbgd1_Vd7,TOPSIN_ET_C100Cap2pf,,MODERATE,,,not_confirmed_in_v5,MLP_ONLY
2way,MEASURE_ET_DC_RF_Vp_1_W,MEASURE_ET_LT_SEC_Vbgd1_Vd7,,MODERATE,,,v5_confirmed,SUPPORTED_BY_BOTH
2way,MEASURE_ET_LT_SEC_Vbgd1_Vd7,Version_V2.0,,MODERATE,,,not_confirmed_in_v5,MLP_ONLY
2way,MEASURE_ET_DC_RF_CF_S12_Mag_L1002,MEASURE_ET_LT_SEC_Vbgd1_Vd7,,MODERATE,,,not_confirmed_in_v5,MLP_ONLY
2way,FIC_ET_R_f_tn_2,TOPSIN_ET_DC_RF_Vp_01,,MODERATE,,,v5_confirmed,SUPPORTED_BY_BOTH
2way,VendorName_EPI_B,Version_V2.0,,MODERATE,,,not_confirmed_in_v5,MLP_ONLY
2way,OHMIC_ET_Rsh_an_ct2,SIN_ET_DC_RF_Vp_1,,MODERATE,,,v5_confirmed,SUPPORTED_BY_BOTH
2way,FIC_ET_Bad_Gates,TOPSIN_ET_DC_SMALL_Vbgs_0p01,,MODERATE,,,not_confirmed_in_v5,MLP_ONLY
2way,THIN_ET_TF_AB_1,TOPSIN_ET_DC_PIV_Drain_Lag_0,,WEAK,,,v5_confirmed,EXISTING_ONLY
2way,MEASURE_ET_DC_RF_CF_S12_Mag_L1002,TOPSIN_ET_DC_PIV_Drain_Lag_0,,WEAK,,,not_confirmed_in_v5,INCONCLUSIVE_BOTH
2way,FIC_ET_Bad_Gates,TOPSIN_ET_DC_PIV_Drain_Lag_0,,WEAK,,,v5_confirmed,EXISTING_ONLY
2way,FIC_ET_Bad_Gates,MEASURE_ET_DC_RF_CF_S12_Mag_L1002,,WEAK,,,v5_confirmed,EXISTING_ONLY
2way,FIC_ET_Bad_Gates,OHMIC_ET_Rsh_an_ct2,,WEAK,,,v5_confirmed,EXISTING_ONLY
2way,FIC_ET_Bad_Gates,TOPSIN_ET_C100Cap1pf,,WEAK,,,v5_confirmed,EXISTING_ONLY
2way,FIC_ET_Bad_Gates,TFRP_ET_Rc_TF_AB_2,,WEAK,,,v5_confirmed,EXISTING_ONLY
2way,OHMIC_ET_Rsh_an_ct2,TOPSIN_ET_DC_PIV_Drain_Lag_0,,WEAK,,,v5_confirmed,EXISTING_ONLY
2way,SIN_ET_DC_RF_Vp_1,TFRP_ET_Rc_TF_AB_2,,WEAK,,,v5_confirmed,EXISTING_ONLY
2way,FIC_ET_Gate_res,Version_V2.0,,WEAK,,,not_confirmed_in_v5,INCONCLUSIVE_BOTH
2way,FIC_ET_Bad_Gates,MEASURE_ET_lkg_50_at20V,,WEAK,,,v5_confirmed,EXISTING_ONLY
2way,MEASURE_ET_lkg_50_at20V,THIN_ET_TF_AB_1,,WEAK,,,v5_confirmed,EXISTING_ONLY
2way,FIC_ET_Bad_Gates,THIN_ET_C_AN_2_OW_CR,,WEAK,,,not_confirmed_in_v5,INCONCLUSIVE_BOTH
2way,TOPSIN_ET_C100Cap1pf,TOPSIN_ET_DC_PIV_Drain_Lag_0,,WEAK,,,v5_confirmed,EXISTING_ONLY
2way,ANODE_ET_Rc_an_ct2_OW_CR,SIN_ET_DC_RF_Vp_1,,WEAK,,,v5_confirmed,EXISTING_ONLY
2way,FIC_ET_Bad_Gates,Version_V2.0,,WEAK,,,not_confirmed_in_v5,INCONCLUSIVE_BOTH
2way,MEASURE_ET_DC_RF_CF_S12_Mag_L1002,SIN_ET_DC_RF_Vp_1,,WEAK,,,v5_confirmed,EXISTING_ONLY
2way,MEASURE_ET_LT_SEC_Vbgd1_Vd7,TOPSIN_ET_DC_PIV_Drain_Lag_0,,WEAK,,,not_confirmed_in_v5,INCONCLUSIVE_BOTH
2way,MEASURE_ET_DC_RF_Vbgs_0p1,MEASURE_ET_DC_RF_Vp_1_W,,WEAK,,,not_confirmed_in_v5,INCONCLUSIVE_BOTH
2way,MEASURE_ET_LT_SEC_Vbgd1_Vd7,TFRP_ET_Rc_TF_AB_2,,WEAK,,,not_confirmed_in_v5,INCONCLUSIVE_BOTH
2way,MEASURE_ET_DC_SEC_S_Id_mA_mm_at_Vg3_FPSD3p2,VendorName_EPI_B,,WEAK,,,not_confirmed_in_v5,INCONCLUSIVE_BOTH
2way,THIN_ET_sh_f_hr_23,TOPSIN_ET_DC_RF_Vp_01,,WEAK,,,v5_confirmed,EXISTING_ONLY
2way,MEASURE_ET_LT_SEC_Vbgd1_Vd7,TOPSIN_ET_C100Cap1pf,,WEAK,,,not_confirmed_in_v5,INCONCLUSIVE_BOTH
2way,MEASURE_ET_ABVIETCH,TOPSIN_ET_DC_PIV_Drain_Lag_0,,WEAK,,,v5_confirmed,EXISTING_ONLY
2way,MEASURE_ET_DC_RF_CF_S12_Mag_L1002,TOPSIN_ET_C100Cap1pf,,WEAK,,,not_confirmed_in_v5,INCONCLUSIVE_BOTH
2way,MEASURE_ET_DC_SEC_S_Id_mA_mm_at_Vg3_FPSD3p2,Technology_PHEMT_0.25um,,WEAK,,,not_confirmed_in_v5,INCONCLUSIVE_BOTH
2way,FIC_ET_Gate_res,SIN_ET_DC_RF_Vp_1,,WEAK,,,not_confirmed_in_v5,INCONCLUSIVE_BOTH
2way,FIC_ET_Bad_Gates,THIN_ET_TF_AB_1,,INCONCLUSIVE,,,v5_confirmed,EXISTING_ONLY
2way,MEASURE_ET_lkg_50_at20V,THIN_ET_sh_f_hr_23,,INCONCLUSIVE,,,v5_confirmed,EXISTING_ONLY
2way,FIC_ET_Bad_Gates,THIN_ET_sh_f_hr_23,,INCONCLUSIVE,,,v5_confirmed,EXISTING_ONLY
2way,THIN_ET_sh_f_hr_23,TOPSIN_ET_DC_PIV_Drain_Lag_0,,INCONCLUSIVE,,,v5_confirmed,EXISTING_ONLY
2way,FIC_ET_Bad_Gates,SIN_ET_DC_RF_Vp_1,,INCONCLUSIVE,,,v5_confirmed,EXISTING_ONLY
2way,FIC_ET_Bad_Gates,TOPSIN_ET_DC_RF_Vp_01,,INCONCLUSIVE,,,v5_confirmed,EXISTING_ONLY
2way,MEASURE_ET_DC_SEC_S_Id_mA_mm_at_Vg3_FPSD3p2,MEASURE_ET_lkg_50_at20V,,INCONCLUSIVE,,,v5_confirmed,EXISTING_ONLY
2way,VendorName_EPI_C,Version_V2.0,,INCONCLUSIVE,,,not_confirmed_in_v5,INCONCLUSIVE_BOTH
2way,FIC_ET_Bad_Gates,SIN_GATE_ET_Rsh_an_ct2,,INCONCLUSIVE,,,not_confirmed_in_v5,INCONCLUSIVE_BOTH
2way,FIC_ET_Bad_Gates,MEASURE_ET_DC_SEC_S_Id_mA_mm_at_Vg3_FPSD3p2,,INCONCLUSIVE,,,v5_confirmed,EXISTING_ONLY
2way,Technology_PHEMT_0.35um,Version_V2.0,,INCONCLUSIVE,,,not_confirmed_in_v5,INCONCLUSIVE_BOTH
2way,FIC_ET_Bad_Gates,MEASURE_ET_ABVIETCH,,INCONCLUSIVE,,,v5_confirmed,EXISTING_ONLY
2way,MEASURE_ET_LT_SEC_Vbgd1_Vd7,THIN_ET_sh_f_hr_23,,INCONCLUSIVE,,,not_confirmed_in_v5,INCONCLUSIVE_BOTH
2way,MEASURE_ET_lkg_50_at20V,SIN_GATE_ET_Rsh_an_ct2,,INCONCLUSIVE,,,not_confirmed_in_v5,INCONCLUSIVE_BOTH
2way,SIN_GATE_ET_Rsh_an_ct2,TOPSIN_ET_DC_PIV_Drain_Lag_0,,INCONCLUSIVE,,,not_confirmed_in_v5,INCONCLUSIVE_BOTH
2way,FIC_ET_Ids_m2,Version_V2.0,,INCONCLUSIVE,,,not_confirmed_in_v5,INCONCLUSIVE_BOTH
2way,FIC_ET_DC_PIV_Ids1_QP3,VendorName_EPI_B,,INCONCLUSIVE,,,not_confirmed_in_v5,INCONCLUSIVE_BOTH
2way,MEASURE_ET_ABVIETCH,MEASURE_ET_lkg_50_at20V,,INCONCLUSIVE,,,v5_confirmed,EXISTING_ONLY
2way,Technology_PHEMT_0.25um,Version_V2.0,,INCONCLUSIVE,,,not_confirmed_in_v5,INCONCLUSIVE_BOTH
3way,FIC_ET_Bad_Gates,FIC_ET_Ids_m2,MEASURE_ET_LT_SEC_Vbgd1_Vd7,STRONG,,,not_confirmed_in_v5,MLP_ONLY
3way,ANODE_ET_Rc_an_ct2_OW_CR,FIC_ET_Bad_Gates,THIN_ET_TF_AB_1,STRONG,,,not_confirmed_in_v5,MLP_ONLY
3way,ANODE_ET_Rc_an_ct2_OW_CR,MEASURE_ET_lkg_50_at20V,TOPSIN_ET_C100Cap2pf,STRONG,,,not_confirmed_in_v5,MLP_ONLY
3way,ANODE_ET_Rc_an_ct2_OW_CR,MEASURE_ET_lkg_50_at20V,TOPSIN_ET_C100Cap1pf,STRONG,,,v5_confirmed,SUPPORTED_BY_BOTH
3way,ANODE_ET_Rc_an_ct2_OW_CR,MEASURE_ET_DC_RF_Vp_1_W,TOPSIN_ET_C100Cap1pf,STRONG,,,not_confirmed_in_v5,MLP_ONLY
3way,MEASURE_ET_DC_RF_CF_S12_Mag_L1002,TFRP_ET_Rc_TF_AB_2,THIN_ET_TF_AB_1,STRONG,,,not_confirmed_in_v5,MLP_ONLY
3way,MEASURE_ET_DC_RF_Vp_1_W,MEASURE_ET_LT_SEC_Vbgd1_Vd7,TOPSIN_ET_DC_PIV_Drain_Lag_0,STRONG,,,not_confirmed_in_v5,MLP_ONLY
3way,MEASURE_ET_DC_RF_CF_S12_Mag_L1002,MEASURE_ET_DC_RF_Vp_1_W,TOPSIN_ET_C100Cap2pf,STRONG,,,not_confirmed_in_v5,MLP_ONLY
3way,ANODE_ET_Rc_an_ct2_OW_CR,FIC_ET_Bad_Gates,MEASURE_ET_lkg_50_at20V,STRONG,,,not_confirmed_in_v5,MLP_ONLY
3way,ANODE_ET_Rc_an_ct2_OW_CR,MEASURE_ET_lkg_50_at20V,TOPSIN_ET_DC_RF_Vp_01,STRONG,,,not_confirmed_in_v5,MLP_ONLY
3way,MEASURE_ET_DC_RF_CF_S12_Mag_L1002,MEASURE_ET_LT_SEC_Vbgd1_Vd7,TOPSIN_ET_DC_RF_Vp_01,STRONG,,,not_confirmed_in_v5,MLP_ONLY
3way,ANODE_ET_Rc_an_ct2_OW_CR,MEASURE_ET_DC_RF_Vp_1_W,THIN_ET_TF_AB_1,STRONG,,,not_confirmed_in_v5,MLP_ONLY
3way,ANODE_ET_Rc_an_ct2_OW_CR,MEASURE_ET_DC_RF_CF_S12_Mag_L1002,TOPSIN_ET_C100Cap2pf,STRONG,,,not_confirmed_in_v5,MLP_ONLY
3way,ANODE_ET_Rc_an_ct2_OW_CR,FIC_ET_Bad_Gates,TOPSIN_ET_DC_SMALL_Vbgs_0p01,STRONG,,,not_confirmed_in_v5,MLP_ONLY
3way,ANODE_ET_Rc_an_ct2_OW_CR,MEASURE_ET_DC_RF_CF_S12_Mag_L1002,THIN_ET_TF_AB_1,STRONG,,,not_confirmed_in_v5,MLP_ONLY
3way,ANODE_ET_Rc_an_ct2_OW_CR,MEASURE_ET_LT_SEC_Vbgd1_Vd7,TOPSIN_ET_DC_RF_Vp_01,STRONG,,,not_confirmed_in_v5,MLP_ONLY
3way,OHMIC_ET_Rsh_an_ct2,TOPSIN_ET_DC_PIV_Drain_Lag_0,TOPSIN_ET_DC_RF_Vp_01,STRONG,,,not_confirmed_in_v5,MLP_ONLY
3way,FIC_ET_Bad_Gates,TOPSIN_ET_C100Cap2pf,TOPSIN_ET_DC_PIV_Drain_Lag_0,STRONG,,,not_confirmed_in_v5,MLP_ONLY
3way,FIC_ET_Bad_Gates,FIC_ET_Ids_m2,MEASURE_ET_DC_RF_Vp_1_W,STRONG,,,not_confirmed_in_v5,MLP_ONLY
3way,ANODE_ET_Rc_an_ct2_OW_CR,MEASURE_ET_DC_RF_CF_S12_Mag_L1002,TOPSIN_ET_DC_RF_Vp_01,STRONG,,,not_confirmed_in_v5,MLP_ONLY
3way,TFRP_ET_Rc_TF_AB_2,TOPSIN_ET_C100Cap2pf,TOPSIN_ET_DC_PIV_Drain_Lag_0,STRONG,,,not_confirmed_in_v5,MLP_ONLY
3way,FIC_ET_Bad_Gates,FIC_ET_Gate_res,FIC_ET_R_f_tn_2,STRONG,,,not_confirmed_in_v5,MLP_ONLY
3way,FIC_ET_Bad_Gates,MEASURE_ET_DC_RF_Vp_1_W,TOPSIN_ET_DC_SMALL_Vbgs_0p01,STRONG,,,not_confirmed_in_v5,MLP_ONLY
3way,ANODE_ET_Rc_an_ct2_OW_CR,TFRP_ET_Rc_TF_AB_2,TOPSIN_ET_DC_PIV_Drain_Lag_0,STRONG,,,not_confirmed_in_v5,MLP_ONLY
3way,FIC_ET_Gate_res,MEASURE_ET_DC_RF_Vp_1_W,TFRP_ET_Rc_TF_AB_2,STRONG,,,not_confirmed_in_v5,MLP_ONLY
3way,ANODE_ET_Rc_an_ct2_OW_CR,MEASURE_ET_DC_RF_Vp_1_W,MEASURE_ET_lkg_50_at20V,STRONG,,,not_confirmed_in_v5,MLP_ONLY
3way,FIC_ET_Bad_Gates,MEASURE_ET_LT_SEC_Vbgd1_Vd7,TOPSIN_ET_DC_SMALL_Vbgs_0p01,STRONG,,,not_confirmed_in_v5,MLP_ONLY
3way,ANODE_ET_Rc_an_ct2_OW_CR,MEASURE_ET_LT_SEC_Vbgd1_Vd7,MEASURE_ET_lkg_50_at20V,STRONG,,,not_confirmed_in_v5,MLP_ONLY
3way,FIC_ET_Bad_Gates,MEASURE_ET_DC_RF_Vp_1_W,TFRP_ET_Rc_TF_AB_2,STRONG,,,not_confirmed_in_v5,MLP_ONLY
3way,FIC_ET_Bad_Gates,MEASURE_ET_DC_RF_Vp_1_W,TOPSIN_ET_DC_PIV_Drain_Lag_0,STRONG,,,not_confirmed_in_v5,MLP_ONLY
3way,MEASURE_ET_DC_RF_Vp_1_W,OHMIC_ET_Rsh_an_ct2,TFRP_ET_Rc_TF_AB_2,STRONG,,,not_confirmed_in_v5,MLP_ONLY
3way,FIC_ET_Bad_Gates,MEASURE_ET_DC_RF_Vp_1_W,MEASURE_ET_LT_SEC_Vbgd1_Vd7,STRONG,,,not_confirmed_in_v5,MLP_ONLY
3way,ANODE_ET_Rc_an_ct2_OW_CR,FIC_ET_Gate_res,MEASURE_ET_DC_RF_Vp_1_W,STRONG,,,not_confirmed_in_v5,MLP_ONLY
3way,FIC_ET_R_f_tn_2,MEASURE_ET_DC_RF_CF_S12_Mag_L1002,THIN_ET_TF_AB_1,STRONG,,,not_confirmed_in_v5,MLP_ONLY
3way,MEASURE_ET_DC_RF_CF_S12_Mag_L1002,MEASURE_ET_lkg_50_at20V,TOPSIN_ET_C100Cap2pf,STRONG,,,not_confirmed_in_v5,MLP_ONLY
3way,ANODE_ET_Rc_an_ct2_OW_CR,FIC_ET_Bad_Gates,FIC_ET_R_f_tn_2,STRONG,,,not_confirmed_in_v5,MLP_ONLY
3way,ANODE_ET_Rc_an_ct2_OW_CR,MEASURE_ET_LT_SEC_Vbgd1_Vd7,TOPSIN_ET_DC_PIV_Drain_Lag_0,STRONG,,,not_confirmed_in_v5,MLP_ONLY
3way,FIC_ET_R_f_tn_2,MEASURE_ET_DC_RF_Vp_1_W,MEASURE_ET_LT_SEC_Vbgd1_Vd7,STRONG,,,not_confirmed_in_v5,MLP_ONLY
3way,TFRP_ET_Rc_TF_AB_2,THIN_ET_TF_AB_1,TOPSIN_ET_DC_RF_Vp_01,MODERATE,,,not_confirmed_in_v5,MLP_ONLY
3way,ANODE_ET_Rc_an_ct2_OW_CR,MEASURE_ET_DC_RF_CF_S12_Mag_L1002,MEASURE_ET_lkg_50_at20V,MODERATE,,,not_confirmed_in_v5,MLP_ONLY
3way,FIC_ET_Bad_Gates,MEASURE_ET_DC_RF_Vp_1_W,OHMIC_ET_Rsh_an_ct2,MODERATE,,,not_confirmed_in_v5,MLP_ONLY
3way,ANODE_ET_Rc_an_ct2_OW_CR,TOPSIN_ET_C100Cap1pf,TOPSIN_ET_DC_RF_Vp_01,MODERATE,,,not_confirmed_in_v5,MLP_ONLY
3way,FIC_ET_Bad_Gates,FIC_ET_Ids_m2,TOPSIN_ET_C100Cap2pf,MODERATE,,,not_confirmed_in_v5,MLP_ONLY
3way,MEASURE_ET_DC_RF_Vp_1_W,MEASURE_ET_LT_SEC_Vbgd1_Vd7,TFRP_ET_Rc_TF_AB_2,MODERATE,,,not_confirmed_in_v5,MLP_ONLY
3way,ANODE_ET_Rc_an_ct2_OW_CR,FIC_ET_Bad_Gates,MEASURE_ET_DC_RF_CF_S12_Mag_L1002,MODERATE,,,not_confirmed_in_v5,MLP_ONLY
3way,FIC_ET_Bad_Gates,MEASURE_ET_DC_RF_CF_S12_Mag_L1002,TOPSIN_ET_C100Cap2pf,MODERATE,,,not_confirmed_in_v5,MLP_ONLY
3way,ANODE_ET_Rc_an_ct2_OW_CR,FIC_ET_Bad_Gates,TFRP_ET_Rc_TF_AB_2,MODERATE,,,not_confirmed_in_v5,MLP_ONLY
3way,MEASURE_ET_DC_RF_Vp_1_W,MEASURE_ET_LT_SEC_Vbgd1_Vd7,TOPSIN_ET_DC_RF_Vp_01,MODERATE,,,not_confirmed_in_v5,MLP_ONLY
3way,FIC_ET_R_f_tn_2,MEASURE_ET_DC_RF_CF_S12_Mag_L1002,MEASURE_ET_DC_RF_Vp_1_W,MODERATE,,,not_confirmed_in_v5,MLP_ONLY
3way,ANODE_ET_Rc_an_ct2_OW_CR,FIC_ET_Bad_Gates,TOPSIN_ET_DC_RF_Vp_01,MODERATE,,,not_confirmed_in_v5,MLP_ONLY
3way,FIC_ET_Bad_Gates,MEASURE_ET_lkg_50_at20V,TOPSIN_ET_C100Cap2pf,MODERATE,,,not_confirmed_in_v5,MLP_ONLY
3way,MEASURE_ET_DC_RF_CF_S12_Mag_L1002,MEASURE_ET_DC_RF_Vp_1_W,TOPSIN_ET_DC_RF_Vp_01,MODERATE,,,not_confirmed_in_v5,MLP_ONLY
3way,MEASURE_ET_LT_SEC_Vbgd1_Vd7,TOPSIN_ET_C100Cap2pf,TOPSIN_ET_DC_PIV_Drain_Lag_0,MODERATE,,,not_confirmed_in_v5,MLP_ONLY
3way,FIC_ET_Bad_Gates,FIC_ET_Gate_res,FIC_ET_Ids_m2,MODERATE,,,not_confirmed_in_v5,MLP_ONLY
3way,ANODE_ET_Rc_an_ct2_OW_CR,THIN_ET_TF_AB_1,TOPSIN_ET_DC_PIV_Drain_Lag_0,MODERATE,,,not_confirmed_in_v5,MLP_ONLY
3way,MEASURE_ET_DC_RF_Vp_1_W,TOPSIN_ET_DC_PIV_Drain_Lag_0,TOPSIN_ET_DC_RF_Vp_01,MODERATE,,,not_confirmed_in_v5,MLP_ONLY
3way,ANODE_ET_Rc_an_ct2_OW_CR,MEASURE_ET_lkg_50_at20V,THIN_ET_TF_AB_1,MODERATE,,,not_confirmed_in_v5,MLP_ONLY
3way,MEASURE_ET_lkg_50_at20V,TOPSIN_ET_C100Cap2pf,TOPSIN_ET_DC_PIV_Drain_Lag_0,MODERATE,,,not_confirmed_in_v5,MLP_ONLY
3way,FIC_ET_Bad_Gates,FIC_ET_R_f_tn_2,MEASURE_ET_LT_SEC_Vbgd1_Vd7,MODERATE,,,not_confirmed_in_v5,MLP_ONLY
3way,FIC_ET_Bad_Gates,FIC_ET_Gate_res,TOPSIN_ET_C100Cap2pf,MODERATE,,,not_confirmed_in_v5,MLP_ONLY
3way,MEASURE_ET_DC_RF_CF_S12_Mag_L1002,THIN_ET_TF_AB_1,TOPSIN_ET_C100Cap2pf,MODERATE,,,not_confirmed_in_v5,MLP_ONLY
3way,MEASURE_ET_DC_RF_CF_S12_Mag_L1002,MEASURE_ET_LT_SEC_Vbgd1_Vd7,THIN_ET_TF_AB_1,MODERATE,,,not_confirmed_in_v5,MLP_ONLY
3way,ANODE_ET_Rc_an_ct2_OW_CR,MEASURE_ET_lkg_50_at20V,TOPSIN_ET_DC_PIV_Drain_Lag_0,MODERATE,,,not_confirmed_in_v5,MLP_ONLY
3way,MEASURE_ET_DC_RF_CF_S12_Mag_L1002,MEASURE_ET_DC_RF_Vp_1_W,TOPSIN_ET_DC_PIV_Drain_Lag_0,MODERATE,,,not_confirmed_in_v5,MLP_ONLY
3way,MEASURE_ET_DC_RF_CF_S12_Mag_L1002,MEASURE_ET_DC_RF_Vp_1_W,TFRP_ET_Rc_TF_AB_2,MODERATE,,,not_confirmed_in_v5,MLP_ONLY
3way,ANODE_ET_Rc_an_ct2_OW_CR,FIC_ET_Bad_Gates,TOPSIN_ET_C100Cap2pf,MODERATE,,,not_confirmed_in_v5,MLP_ONLY
3way,FIC_ET_Bad_Gates,FIC_ET_R_f_tn_2,TOPSIN_ET_C100Cap2pf,MODERATE,,,not_confirmed_in_v5,MLP_ONLY
3way,ANODE_ET_Rc_an_ct2_OW_CR,FIC_ET_Bad_Gates,MEASURE_ET_LT_SEC_Vbgd1_Vd7,MODERATE,,,not_confirmed_in_v5,MLP_ONLY
3way,MEASURE_ET_DC_RF_CF_S12_Mag_L1002,OHMIC_ET_Rsh_an_ct2,TOPSIN_ET_DC_RF_Vp_01,MODERATE,,,not_confirmed_in_v5,MLP_ONLY
3way,FIC_ET_Bad_Gates,FIC_ET_Ids_m2,FIC_ET_R_f_tn_2,MODERATE,,,not_confirmed_in_v5,MLP_ONLY
3way,FIC_ET_Bad_Gates,TOPSIN_ET_C100Cap2pf,TOPSIN_ET_DC_SMALL_Vbgs_0p01,MODERATE,,,not_confirmed_in_v5,MLP_ONLY
3way,FIC_ET_Bad_Gates,FIC_ET_R_f_tn_2,THIN_ET_TF_AB_1,MODERATE,,,not_confirmed_in_v5,MLP_ONLY
3way,FIC_ET_R_f_tn_2,TFRP_ET_Rc_TF_AB_2,TOPSIN_ET_DC_RF_Vp_01,MODERATE,,,not_confirmed_in_v5,MLP_ONLY
3way,FIC_ET_Bad_Gates,FIC_ET_R_f_tn_2,TOPSIN_ET_DC_RF_Vp_01,MODERATE,,,not_confirmed_in_v5,MLP_ONLY
3way,ANODE_ET_Rc_an_ct2_OW_CR,FIC_ET_R_f_tn_2,MEASURE_ET_DC_RF_CF_S12_Mag_L1002,MODERATE,,,not_confirmed_in_v5,MLP_ONLY
3way,TFRP_ET_Rc_TF_AB_2,THIN_ET_TF_AB_1,TOPSIN_ET_DC_PIV_Drain_Lag_0,MODERATE,,,not_confirmed_in_v5,MLP_ONLY
3way,FIC_ET_R_f_tn_2,MEASURE_ET_DC_RF_Vp_1_W,TFRP_ET_Rc_TF_AB_2,MODERATE,,,not_confirmed_in_v5,MLP_ONLY
3way,ANODE_ET_Rc_an_ct2_OW_CR,TFRP_ET_Rc_TF_AB_2,TOPSIN_ET_DC_RF_Vp_01,MODERATE,,,not_confirmed_in_v5,MLP_ONLY
3way,MEASURE_ET_DC_RF_CF_S12_Mag_L1002,TOPSIN_ET_C100Cap2pf,TOPSIN_ET_DC_PIV_Drain_Lag_0,MODERATE,,,not_confirmed_in_v5,MLP_ONLY
3way,ANODE_ET_Rc_an_ct2_OW_CR,MEASURE_ET_DC_RF_CF_S12_Mag_L1002,MEASURE_ET_DC_RF_Vp_1_W,MODERATE,,,not_confirmed_in_v5,MLP_ONLY
3way,FIC_ET_Bad_Gates,FIC_ET_R_f_tn_2,MEASURE_ET_DC_RF_Vp_1_W,MODERATE,,,not_confirmed_in_v5,MLP_ONLY
3way,MEASURE_ET_lkg_50_at20V,TOPSIN_ET_C100Cap1pf,TOPSIN_ET_C100Cap2pf,MODERATE,,,not_confirmed_in_v5,MLP_ONLY
3way,Technology_PHEMT_0.25um,VendorName_EPI_B,Version_V2.0,MODERATE,,,not_confirmed_in_v5,MLP_ONLY
3way,MEASURE_ET_LT_SEC_Vbgd1_Vd7,TOPSIN_ET_C100Cap1pf,TOPSIN_ET_C100Cap2pf,MODERATE,,,not_confirmed_in_v5,MLP_ONLY
3way,OHMIC_ET_Rsh_an_ct2,TFRP_ET_Rc_TF_AB_2,TOPSIN_ET_DC_RF_Vp_01,MODERATE,,,not_confirmed_in_v5,MLP_ONLY
3way,TFRP_ET_Rc_TF_AB_2,TOPSIN_ET_DC_PIV_Drain_Lag_0,TOPSIN_ET_DC_RF_Vp_01,MODERATE,,,not_confirmed_in_v5,MLP_ONLY
3way,FIC_ET_Bad_Gates,MEASURE_ET_DC_RF_Vp_1_W,TOPSIN_ET_DC_RF_Vp_01,WEAK,,,not_confirmed_in_v5,INCONCLUSIVE_BOTH
3way,ANODE_ET_Rc_an_ct2_OW_CR,TOPSIN_ET_C100Cap1pf,TOPSIN_ET_C100Cap2pf,WEAK,,,v5_confirmed,EXISTING_ONLY
3way,MEASURE_ET_DC_RF_CF_S12_Mag_L1002,TOPSIN_ET_C100Cap2pf,TOPSIN_ET_DC_RF_Vp_01,WEAK,,,not_confirmed_in_v5,INCONCLUSIVE_BOTH
3way,ANODE_ET_Rc_an_ct2_OW_CR,THIN_ET_TF_AB_1,TOPSIN_ET_DC_RF_Vp_01,WEAK,,,not_confirmed_in_v5,INCONCLUSIVE_BOTH
3way,MEASURE_ET_lkg_50_at20V,TFRP_ET_Rc_TF_AB_2,TOPSIN_ET_DC_PIV_Drain_Lag_0,WEAK,,,not_confirmed_in_v5,INCONCLUSIVE_BOTH
3way,MEASURE_ET_DC_RF_CF_S12_Mag_L1002,TFRP_ET_Rc_TF_AB_2,TOPSIN_ET_DC_RF_Vp_01,WEAK,,,not_confirmed_in_v5,INCONCLUSIVE_BOTH
3way,FIC_ET_Bad_Gates,FIC_ET_Gate_res,MEASURE_ET_LT_SEC_Vbgd1_Vd7,WEAK,,,not_confirmed_in_v5,INCONCLUSIVE_BOTH
3way,FIC_ET_Bad_Gates,MEASURE_ET_LT_SEC_Vbgd1_Vd7,TOPSIN_ET_C100Cap2pf,WEAK,,,not_confirmed_in_v5,INCONCLUSIVE_BOTH
3way,MEASURE_ET_DC_RF_CF_S12_Mag_L1002,TOPSIN_ET_DC_PIV_Drain_Lag_0,TOPSIN_ET_DC_RF_Vp_01,WEAK,,,not_confirmed_in_v5,INCONCLUSIVE_BOTH
3way,MEASURE_ET_DC_RF_Vp_1_W,TFRP_ET_Rc_TF_AB_2,TOPSIN_ET_DC_RF_Vp_01,WEAK,,,not_confirmed_in_v5,INCONCLUSIVE_BOTH
3way,FIC_ET_R_f_tn_2,MEASURE_ET_DC_RF_CF_S12_Mag_L1002,TOPSIN_ET_DC_RF_Vp_01,WEAK,,,not_confirmed_in_v5,INCONCLUSIVE_BOTH
3way,ANODE_ET_Rc_an_ct2_OW_CR,TOPSIN_ET_C100Cap1pf,TOPSIN_ET_DC_PIV_Drain_Lag_0,WEAK,,,not_confirmed_in_v5,INCONCLUSIVE_BOTH
3way,MEASURE_ET_DC_RF_Vp_1_W,MEASURE_ET_LT_SEC_Vbgd1_Vd7,OHMIC_ET_Rsh_an_ct2,WEAK,,,not_confirmed_in_v5,INCONCLUSIVE_BOTH
3way,MEASURE_ET_DC_RF_Vp_1_W,MEASURE_ET_lkg_50_at20V,TOPSIN_ET_DC_PIV_Drain_Lag_0,WEAK,,,not_confirmed_in_v5,INCONCLUSIVE_BOTH
3way,MEASURE_ET_DC_RF_CF_S12_Mag_L1002,TFRP_ET_Rc_TF_AB_2,TOPSIN_ET_DC_PIV_Drain_Lag_0,WEAK,,,not_confirmed_in_v5,INCONCLUSIVE_BOTH
3way,MEASURE_ET_DC_RF_CF_S12_Mag_L1002,MEASURE_ET_DC_RF_Vp_1_W,THIN_ET_TF_AB_1,WEAK,,,not_confirmed_in_v5,INCONCLUSIVE_BOTH
3way,ANODE_ET_Rc_an_ct2_OW_CR,TOPSIN_ET_C100Cap2pf,TOPSIN_ET_DC_PIV_Drain_Lag_0,WEAK,,,not_confirmed_in_v5,INCONCLUSIVE_BOTH
3way,ANODE_ET_Rc_an_ct2_OW_CR,FIC_ET_Bad_Gates,TOPSIN_ET_DC_PIV_Drain_Lag_0,WEAK,,,not_confirmed_in_v5,INCONCLUSIVE_BOTH
3way,MEASURE_ET_DC_RF_Vp_1_W,TOPSIN_ET_C100Cap2pf,TOPSIN_ET_DC_PIV_Drain_Lag_0,WEAK,,,not_confirmed_in_v5,INCONCLUSIVE_BOTH
3way,MEASURE_ET_DC_RF_Vp_1_W,TFRP_ET_Rc_TF_AB_2,THIN_ET_TF_AB_1,WEAK,,,not_confirmed_in_v5,INCONCLUSIVE_BOTH
3way,FIC_ET_Bad_Gates,FIC_ET_Gate_res,MEASURE_ET_DC_RF_Vp_1_W,WEAK,,,not_confirmed_in_v5,INCONCLUSIVE_BOTH
3way,FIC_ET_Bad_Gates,FIC_ET_R_f_tn_2,MEASURE_ET_DC_RF_CF_S12_Mag_L1002,WEAK,,,not_confirmed_in_v5,INCONCLUSIVE_BOTH
3way,FIC_ET_Bad_Gates,FIC_ET_Gate_res,TOPSIN_ET_DC_SMALL_Vbgs_0p01,WEAK,,,not_confirmed_in_v5,INCONCLUSIVE_BOTH
3way,MEASURE_ET_DC_RF_CF_S12_Mag_L1002,THIN_ET_TF_AB_1,TOPSIN_ET_DC_RF_Vp_01,WEAK,,,not_confirmed_in_v5,INCONCLUSIVE_BOTH
3way,ANODE_ET_Rc_an_ct2_OW_CR,MEASURE_ET_DC_RF_CF_S12_Mag_L1002,TOPSIN_ET_DC_PIV_Drain_Lag_0,WEAK,,,not_confirmed_in_v5,INCONCLUSIVE_BOTH
3way,ANODE_ET_Rc_an_ct2_OW_CR,MEASURE_ET_DC_RF_Vp_1_W,TOPSIN_ET_DC_PIV_Drain_Lag_0,WEAK,,,not_confirmed_in_v5,INCONCLUSIVE_BOTH
3way,ANODE_ET_Rc_an_ct2_OW_CR,FIC_ET_R_f_tn_2,MEASURE_ET_DC_RF_Vp_1_W,WEAK,,,not_confirmed_in_v5,INCONCLUSIVE_BOTH
3way,TOPSIN_ET_C100Cap2pf,TOPSIN_ET_DC_PIV_Drain_Lag_0,TOPSIN_ET_DC_RF_Vp_01,WEAK,,,not_confirmed_in_v5,INCONCLUSIVE_BOTH
3way,FIC_ET_R_f_tn_2,MEASURE_ET_DC_RF_Vp_1_W,OHMIC_ET_Rsh_an_ct2,WEAK,,,not_confirmed_in_v5,INCONCLUSIVE_BOTH
3way,ANODE_ET_Rc_an_ct2_OW_CR,TOPSIN_ET_DC_PIV_Drain_Lag_0,TOPSIN_ET_DC_RF_Vp_01,WEAK,,,not_confirmed_in_v5,INCONCLUSIVE_BOTH
3way,MEASURE_ET_DC_RF_Vp_1_W,TFRP_ET_Rc_TF_AB_2,TOPSIN_ET_DC_PIV_Drain_Lag_0,WEAK,,,not_confirmed_in_v5,INCONCLUSIVE_BOTH
3way,ANODE_ET_Rc_an_ct2_OW_CR,FIC_ET_Bad_Gates,TOPSIN_ET_C100Cap1pf,WEAK,,,not_confirmed_in_v5,INCONCLUSIVE_BOTH
3way,ANODE_ET_Rc_an_ct2_OW_CR,MEASURE_ET_DC_RF_Vp_1_W,TFRP_ET_Rc_TF_AB_2,WEAK,,,not_confirmed_in_v5,INCONCLUSIVE_BOTH
3way,ANODE_ET_Rc_an_ct2_OW_CR,FIC_ET_R_f_tn_2,TOPSIN_ET_DC_RF_Vp_01,WEAK,,,not_confirmed_in_v5,INCONCLUSIVE_BOTH
3way,FIC_ET_Gate_res,FIC_ET_R_f_tn_2,MEASURE_ET_DC_RF_Vp_1_W,WEAK,,,not_confirmed_in_v5,INCONCLUSIVE_BOTH
3way,FIC_ET_Gate_res,MEASURE_ET_DC_RF_Vp_1_W,TOPSIN_ET_DC_PIV_Drain_Lag_0,WEAK,,,not_confirmed_in_v5,INCONCLUSIVE_BOTH
3way,FIC_ET_Bad_Gates,MEASURE_ET_LT_SEC_Vbgd1_Vd7,Version_V2.0,WEAK,,,not_confirmed_in_v5,INCONCLUSIVE_BOTH
3way,MEASURE_ET_DC_RF_Vp_1_W,OHMIC_ET_Rsh_an_ct2,TOPSIN_ET_DC_PIV_Drain_Lag_0,WEAK,,,not_confirmed_in_v5,INCONCLUSIVE_BOTH
3way,FIC_ET_Bad_Gates,FIC_ET_R_f_tn_2,TOPSIN_ET_DC_SMALL_Vbgs_0p01,WEAK,,,not_confirmed_in_v5,INCONCLUSIVE_BOTH
3way,FIC_ET_Gate_res,MEASURE_ET_DC_RF_Vp_1_W,OHMIC_ET_Rsh_an_ct2,WEAK,,,not_confirmed_in_v5,INCONCLUSIVE_BOTH
3way,MEASURE_ET_DC_RF_Vp_1_W,OHMIC_ET_Rsh_an_ct2,TOPSIN_ET_DC_RF_Vp_01,INCONCLUSIVE,,,not_confirmed_in_v5,INCONCLUSIVE_BOTH
3way,MEASURE_ET_DC_RF_Vp_1_W,OHMIC_ET_Rsh_an_ct2,SIN_ET_DC_RF_Vp_1,INCONCLUSIVE,,,not_confirmed_in_v5,INCONCLUSIVE_BOTH
3way,FIC_ET_Bad_Gates,TOPSIN_ET_C100Cap1pf,TOPSIN_ET_C100Cap2pf,INCONCLUSIVE,,,not_confirmed_in_v5,INCONCLUSIVE_BOTH
3way,ANODE_ET_Rc_an_ct2_OW_CR,MEASURE_ET_DC_RF_CF_S12_Mag_L1002,TOPSIN_ET_C100Cap1pf,INCONCLUSIVE,,,not_confirmed_in_v5,INCONCLUSIVE_BOTH
3way,FIC_ET_Bad_Gates,MEASURE_ET_DC_RF_CF_S12_Mag_L1002,MEASURE_ET_LT_SEC_Vbgd1_Vd7,INCONCLUSIVE,,,not_confirmed_in_v5,INCONCLUSIVE_BOTH
3way,Sort_Yield_target[%]_90,Technology_PHEMT_0.15um,VendorName_EPI_A,INCONCLUSIVE,,,not_confirmed_in_v5,INCONCLUSIVE_BOTH
3way,Sort_Yield_target[%]_88,Sort_Yield_target[%]_90,Technology_PHEMT_0.15um,INCONCLUSIVE,,,not_confirmed_in_v5,INCONCLUSIVE_BOTH
3way,Sort_Yield_target[%]_88,Sort_Yield_target[%]_90,VendorName_EPI_A,INCONCLUSIVE,,,not_confirmed_in_v5,INCONCLUSIVE_BOTH
3way,FIC_ET_Bad_Gates,MEASURE_ET_DC_RF_CF_S12_Mag_L1002,MEASURE_ET_DC_RF_Vp_1_W,INCONCLUSIVE,,,not_confirmed_in_v5,INCONCLUSIVE_BOTH
3way,FIC_ET_Bad_Gates,MEASURE_ET_DC_RF_Vp_1_W,TOPSIN_ET_C100Cap2pf,INCONCLUSIVE,,,not_confirmed_in_v5,INCONCLUSIVE_BOTH
3way,TOPSIN_ET_C100Cap1pf,TOPSIN_ET_C100Cap2pf,TOPSIN_ET_DC_PIV_Drain_Lag_0,INCONCLUSIVE,,,not_confirmed_in_v5,INCONCLUSIVE_BOTH
3way,FIC_ET_Gate_res,MEASURE_ET_DC_RF_CF_S12_Mag_L1002,MEASURE_ET_DC_RF_Vp_1_W,INCONCLUSIVE,,,not_confirmed_in_v5,INCONCLUSIVE_BOTH
3way,ANODE_ET_Rc_an_ct2_OW_CR,FIC_ET_Bad_Gates,FIC_ET_Gate_res,INCONCLUSIVE,,,not_confirmed_in_v5,INCONCLUSIVE_BOTH
3way,ANODE_ET_Rc_an_ct2_OW_CR,MEASURE_ET_DC_RF_Vp_1_W,OHMIC_ET_Rsh_an_ct2,INCONCLUSIVE,,,not_confirmed_in_v5,INCONCLUSIVE_BOTH
3way,MEASURE_ET_DC_RF_CF_S12_Mag_L1002,TOPSIN_ET_C100Cap1pf,TOPSIN_ET_C100Cap2pf,INCONCLUSIVE,,,not_confirmed_in_v5,INCONCLUSIVE_BOTH
3way,ANODE_ET_Rc_an_ct2_OW_CR,MEASURE_ET_DC_RF_Vp_1_W,TOPSIN_ET_DC_RF_Vp_01,INCONCLUSIVE,,,not_confirmed_in_v5,INCONCLUSIVE_BOTH
3way,FIC_ET_R_f_tn_2,MEASURE_ET_DC_RF_Vp_1_W,TOPSIN_ET_DC_PIV_Drain_Lag_0,INCONCLUSIVE,,,not_confirmed_in_v5,INCONCLUSIVE_BOTH
3way,Sort_Yield_target[%]_88,Technology_PHEMT_0.15um,VendorName_EPI_A,INCONCLUSIVE,,,not_confirmed_in_v5,INCONCLUSIVE_BOTH
3way,MEASURE_ET_DC_RF_CF_S12_Mag_L1002,MEASURE_ET_DC_RF_Vp_1_W,OHMIC_ET_Rsh_an_ct2,INCONCLUSIVE,,,not_confirmed_in_v5,INCONCLUSIVE_BOTH
3way,ANODE_ET_Rc_an_ct2_OW_CR,FIC_ET_Bad_Gates,FIC_ET_Ids_m2,INCONCLUSIVE,,,not_confirmed_in_v5,INCONCLUSIVE_BOTH
3way,ANODE_ET_Rc_an_ct2_OW_CR,OHMIC_ET_Rsh_an_ct2,TOPSIN_ET_DC_RF_Vp_01,INCONCLUSIVE,,,not_confirmed_in_v5,INCONCLUSIVE_BOTH
3way,ANODE_ET_Rc_an_ct2_OW_CR,FIC_ET_Bad_Gates,MEASURE_ET_DC_RF_Vp_1_W,INCONCLUSIVE,,,not_confirmed_in_v5,INCONCLUSIVE_BOTH
3way,FIC_ET_R_f_tn_2,MEASURE_ET_DC_RF_Vp_1_W,THIN_ET_TF_AB_1,INCONCLUSIVE,,,not_confirmed_in_v5,INCONCLUSIVE_BOTH
3way,ANODE_ET_Rc_an_ct2_OW_CR,FIC_ET_Gate_res,MEASURE_ET_LT_SEC_Vbgd1_Vd7,INCONCLUSIVE,,,not_confirmed_in_v5,INCONCLUSIVE_BOTH
