parameter_A,parameter_B,broad_screen_score,shap_interaction_strength,h_statistic_strength,fold_reproducibility,fold_count,evidence_label
MEASURE_ET_DC_RF_S11ang_10GHz,SIN_GATE_ET_lkg_SY8_80,0.4335519179754847,0.04287792939336515,0.22182989031126607,5/5,5,STRONG
THIN_ET_lkg_100_at20V,EBCR2_Ali_Litho_Gate_to_ohmic_alignment,0.438390033981063,0.03858961869821969,0.4095574708927176,5/5,5,STRONG
MEASURE_ET_Rc_OG142_GN,THIN_ET_lkg_100_at20V,0.4552202447962422,0.024064368952585454,0.3770345477118931,5/5,5,STRONG
MEASURE_ET_Rc_OG142_GN,TOPSIN_ET_DC_PIV_Drain_Lag_1,0.4571835723539963,0.013320005579870156,0.20445717777154424,5/5,5,STRONG
TOPSIN_ET_lkg_C450pf,EBCR2_Ali_Litho_Gate_to_ohmic_alignment,0.4297957046810276,0.013114857399432191,0.25142299354660835,5/5,5,STRONG
MEASURE_ET_DC_SMALL_Ids_m0p2,TOPSIN_ET_DC_PIV_Drain_Lag_1,0.4314953414100726,0.010031688215311819,0.11279338346735568,5/5,5,STRONG
THIN_ET_sh_f_hr_23,TOPSIN_ET_DC_PIV_Drain_Lag_1,0.4252298189134094,0.007891501124217593,0.11230746553337105,5/5,5,STRONG
MEASURE_ET_DC_RF2_S22dB_26GHz,THIN_ET_lkg_100_at20V,0.4281553776852261,0.007802734541017622,0.14151356104818583,5/5,5,STRONG
MEASURE_ET_Rcat_cn_2,THIN_ET_lkg_100_at20V,0.4534581036619543,0.006160622214510191,0.09104328782203493,5/5,5,STRONG
SIN_GATE_ET_Rc_an_ct2,THIN_ET_lkg_100_at20V,0.455559278735874,0.005767907352477631,0.07008371370345978,5/5,5,STRONG
TOPSIN_ET_DC_PIV_Drain_Lag_1,TOPSIN_ET_DC_SMALL_Vdg_max,0.4253527513287832,0.005734246159670162,0.08659524913425982,5/5,5,STRONG
MEASURE_ET_DC_SEC_X_Bin,TOPSIN_ET_DC_PIV_Drain_Lag_1,0.4305853862318913,0.005711596154589629,0.12519282292108666,5/5,5,STRONG
FIC_ET_Bad_Gates,TOPSIN_ET_DC_PIV_Drain_Lag_1,0.4324012777990064,0.005337027099256224,0.1219138597794543,5/5,5,STRONG
THIN_ET_Rcat_cn_3,TOPSIN_ET_lkg_C450pf,0.4332514200071496,0.005222718692529834,0.15473817674620305,5/5,5,STRONG
SIN_GATE_ET_lkg_SY8_80,THIN_ET_Rcat_cn_3,0.4244063698450513,0.004793805688840801,0.02037983953962291,5/5,5,STRONG
MEASURE_ET_Rc_cat_ct2_OW_ST,TOPSIN_ET_DC_PIV_Drain_Lag_1,0.4477159264508348,0.0046784259901755075,0.09135579933149326,5/5,5,STRONG
THIN_ET_lkg_100_at20V,THIN_ET_Rcat_cn_1,0.4283005873995341,0.0046740030211461095,0.08185297375331663,4/5,4,STRONG
THIN_ET_lkg_100_at20V,TOPSIN_ET_CapFICM1,0.450511117152403,0.004648777545139652,0.11891110203344174,5/5,5,STRONG
THIN_ET_lkg_100_at20V,THIN_ET_DC_RF_Vg_optt3,0.4299770735520177,0.004260599348042615,0.09447344650479533,5/5,5,STRONG
MaskSetSupplyChipsCount,THIN_ET_lkg_100_at20V,0.4255856101199628,0.004242213037257089,0.06252670252294205,5/5,5,STRONG
MEASURE_ET_Rcat_cn_2,TOPSIN_ET_lkg_C450pf,0.4366413025049691,0.004135324330143872,0.11131422271019485,5/5,5,STRONG
THIN_ET_lkg_100_at20V,TOPSIN_ET_DC_SMALL_Vdg_max,0.4248819590378807,0.00411919428647748,0.054261909894234676,4/5,4,STRONG
MEASURE_ET_DC_SEC_S_Ig_cut1_mAmm_neg_SD3p5,TOPSIN_ET_DC_PIV_Drain_Lag_1,0.4344582840747644,0.003992870388484986,0.06264359065493491,5/5,5,STRONG
MEASURE_ET_C300pf,THIN_ET_lkg_100_at20V,0.4348078581529616,0.00391356995741814,0.1035482820461209,5/5,5,STRONG
MEASURE_ET_DC_RF2_S11ang_26GHz,TOPSIN_ET_DC_PIV_Drain_Lag_1,0.430976399574844,0.003694859524666791,0.05300327916861361,5/5,5,STRONG
MEASURE_ET_DC_RF2_S22dB_26GHz,TOPSIN_ET_lkg_C450pf,0.4340837946108695,0.003467158635341785,0.07879915070998705,5/5,5,STRONG
THIN_ET_lkg_100_at20V,THIN_ET_Rcat_cn_3,0.4394934243854387,0.00334470611620394,0.028433274899210388,4/5,4,STRONG
SIN_GATE_ET_Rc_OG142_GN,TOPSIN_ET_DC_PIV_Drain_Lag_1,0.4260435954488356,0.0030500186775925084,0.05392041552488912,5/5,5,STRONG
MEASURE_ET_DC_RF_Id_Vbon_min,TOPSIN_ET_lkg_C450pf,0.428327650070161,0.0030373642211953765,0.07329023654422583,4/5,4,STRONG
SIN_GATE_ET_Rc_an_ct2,TOPSIN_ET_DC_PIV_Drain_Lag_1,0.4697423855377051,0.0030142201875766905,0.06644685206945007,5/5,5,STRONG
SIN_GATE_ET_lkg_SY8_80,TOPSIN_ET_CapFICM1,0.4243145013817468,0.0029517848515623144,0.027605381374586936,5/5,5,STRONG
MEASURE_ET_Rc_OG144,TOPSIN_ET_lkg_C450pf,0.431971472414017,0.0025768045008710758,0.04913793692802355,5/5,5,STRONG
TFRP_ET_Rc_TF_AB_2,TOPSIN_ET_DC_PIV_Drain_Lag_1,0.4389227630370845,0.0024440000222196857,0.04821545893026075,5/5,5,STRONG
CATHODE_ET_Rcat_cn_3,TOPSIN_ET_DC_PIV_Drain_Lag_1,0.4287343212615601,0.00241473203163508,0.03517845799756849,5/5,5,STRONG
THIN_ET_lkg_100_at20V,TOPSIN_ET_Load_Pull_Gain_comp_Last,0.4256819870651118,0.0023260378483396173,0.015923666576322278,4/5,4,STRONG
CATHODE_ET_Rcat_cn_2,TOPSIN_ET_lkg_C450pf,0.4357851248749398,0.0020869997745274387,0.05119029453760707,4/5,4,STRONG
TFRP_ET_Rc_TF_AB_2,THIN_ET_lkg_100_at20V,0.4464723691164708,0.0019279159881303847,0.03579030399933506,5/5,5,STRONG
THIN_ET_DC_RF_Vg_optt3,TOPSIN_ET_lkg_C450pf,0.4260658442579198,0.001892207563276539,0.08402516549658384,5/5,5,STRONG
MEASURE_ET_DC_RF_S22dB_26GHz_W,TOPSIN_ET_DC_PIV_Drain_Lag_1,0.4276005479843456,0.0018843999328509845,0.04071319058910879,5/5,5,STRONG
MEASURE_ET_DC_RF_Gm_m0p2,THIN_ET_lkg_100_at20V,0.4296483818260229,0.0018581267541988096,0.02807069041568659,5/5,5,STRONG
FIC_ET_DC_RF_Ids_m0p2,THIN_ET_lkg_100_at20V,0.4367223375726622,0.001850531269500572,0.022990299325963862,4/5,4,STRONG
THIN_ET_Rc_OG142,TOPSIN_ET_lkg_C450pf,0.44092794264748,0.0018345625700968773,0.033199968966297635,5/5,5,STRONG
SIN_GATE_ET_Rc_an_ct2,TOPSIN_ET_lkg_C450pf,0.4561844110324668,0.001815865151597098,0.028596369889464877,5/5,5,STRONG
MEASURE_ET_DC_Big_S11dB_10GHz,THIN_ET_lkg_100_at20V,0.4279052820236988,0.0018016499150242918,0.026243794996383008,5/5,5,STRONG
THIN_ET_lkg_100_at20V,THIN_ET_Rcat_cn_2_OW_ST,0.4368583606449682,0.001781019832444565,0.02262292287719794,4/5,4,STRONG
MEASURE_ET_Rc_OG142_GN,TOPSIN_ET_lkg_C450pf,0.44067161289538,0.0016900755329410258,0.03328154401866354,5/5,5,STRONG
SIN_GATE_ET_Rc_OG142_GN,TOPSIN_ET_lkg_C450pf,0.4409331826675265,0.0016882421171718891,0.04614709039588659,5/5,5,STRONG
OHMIC_ET_OHMC,TOPSIN_ET_DC_PIV_Drain_Lag_1,0.4398361821846637,0.0015152025389425106,0.021603434831387762,5/5,5,STRONG
MEASURE_ET_Rc_cat_ct2,THIN_ET_lkg_100_at20V,0.4368046878582308,0.001480494464193835,0.03210208113289325,5/5,5,STRONG
THIN_ET_lkg_100_at20V,THIN_ET_Rc_OG142,0.4341869583730959,0.001416127610454683,0.014510544320962654,4/5,4,STRONG
MEASURE_ET_DC_SEC_X_Id_at_Vboff_mA_mm_SD3p5,TOPSIN_ET_DC_PIV_Drain_Lag_1,0.427329075331454,0.001410746125426195,0.03299453372783094,5/5,5,STRONG
MEASURE_ET_Load_Pull_Gss,TOPSIN_ET_DC_PIV_Drain_Lag_1,0.4243680677865282,0.001377317033920987,0.04080800421386636,5/5,5,STRONG
MEASURE_ET_lkg_Cap_USV,MEASURE_ET_Rc_OG142_GN,0.4295245599095912,0.0013654714287435262,0.038111879908646264,4/5,4,STRONG
MEASURE_ET_Rc_F_AB_2,THIN_ET_lkg_100_at20V,0.4308498633819557,0.0013638329924145628,0.020999875668308823,5/5,5,STRONG
MEASURE_ET_Rcat_cn_2_OW_ST,THIN_ET_lkg_100_at20V,0.4272251787399436,0.0013413389881943476,0.025974354675897315,4/5,4,STRONG
MEASURE_ET_Rc_OG142,TOPSIN_ET_DC_PIV_Drain_Lag_1,0.426734841156125,0.001328093997876817,0.017978931154257704,4/5,4,STRONG
TOPSIN_ET_C100CapPARCAP,TOPSIN_ET_DC_PIV_Drain_Lag_1,0.4271654396703433,0.0013027254901088279,0.026924651410401585,5/5,5,STRONG
MEASURE_ET_C100CapPARCAP,SIN_GATE_ET_lkg_SY8_80,0.4312648623902303,0.0012919760296748026,0.022208760737931627,5/5,5,STRONG
THIN_ET_DC_RF_Gm_max,TOPSIN_ET_lkg_C450pf,0.4267907192274406,0.0012615859972810828,0.03174237660486351,4/5,4,STRONG
MEASURE_ET_Rcat_cn_3,THIN_ET_lkg_100_at20V,0.43787974127698,0.0012594368531097598,0.021590504175447053,4/5,4,STRONG
MEASURE_ET_DC_RF_S11ang_26GHz_W,THIN_ET_lkg_100_at20V,0.430468046076348,0.0012165352937599972,0.04481531340291376,5/5,5,STRONG
MEASURE_ET_C100CapPARCAP,TOPSIN_ET_DC_PIV_Drain_Lag_1,0.4492234163230466,0.0012034415705930316,0.020377506728548725,5/5,5,STRONG
MEASURE_ET_DC_RF2_S22ang_26GHz,THIN_ET_lkg_100_at20V,0.4274507397670786,0.0011674840634122764,0.018378277153109593,5/5,5,STRONG
FIC_ET_Probe_Number,TOPSIN_ET_DC_PIV_Drain_Lag_1,0.4285484664266061,0.0011545538026569461,0.01215949435521802,5/5,5,STRONG
MEASURE_ET_CapPARCAP_0,TOPSIN_ET_DC_PIV_Drain_Lag_1,0.4285561860091757,0.0010962453795475438,0.02395785155349724,5/5,5,STRONG
SIN_GATE_ET_lkg_SY8_80,THIN_ET_Rc_f_hr_23,0.4262580773930016,0.0010676712774561874,0.00911923453095149,5/5,5,STRONG
THIN_ET_Rc_OG142,TOPSIN_ET_DC_PIV_Drain_Lag_1,0.4471969201959911,0.001056752682268767,0.008333880044733758,5/5,5,STRONG
MEASURE_ET_C300M1B_0,THIN_ET_lkg_100_at20V,0.4337195884607215,0.0010297063453999999,0.01864230855884808,5/5,5,STRONG
MEASURE_ET_CapPARCAP,TOPSIN_ET_lkg_C450pf,0.4303321720511433,0.0010245434153371169,0.08797324812529896,5/5,5,STRONG
MEASURE_ET_DC_SEC_Vgs_0p1V,TOPSIN_ET_DC_PIV_Drain_Lag_1,0.4269374100576049,0.0010058289378138887,0.02517537529655236,5/5,5,STRONG
MEASURE_ET_Rc_cat_ct2_OW_ST,TOPSIN_ET_lkg_C450pf,0.4378219914319166,0.0009914980613031082,0.05327283869219386,4/5,4,STRONG
MEASURE_ET_Rcat_cn_2,TOPSIN_ET_DC_PIV_Drain_Lag_1,0.4394416506783485,0.000983296113411759,0.023282224811089883,5/5,5,STRONG
FIC_ET_Rc_f_tn_23,THIN_ET_lkg_100_at20V,0.440894430939232,0.0009627228120501012,0.009592905862028964,4/5,4,STRONG
THIN_ET_Rcat_cn_1,TOPSIN_ET_lkg_C450pf,0.4326004636287877,0.0009596696864718042,0.02931403898959344,5/5,5,STRONG
ANODE_ET_Rsh_an_ct2,TOPSIN_ET_DC_PIV_Drain_Lag_1,0.4365878836574002,0.0009425037002616077,0.040025163304236985,5/5,5,STRONG
TFRP_ET_Rc_TF_AB_2,TOPSIN_ET_lkg_C450pf,0.4254468349911866,0.0009377738947775218,0.020274039077166454,4/5,4,STRONG
THIN_ET_TF_AB_1,TOPSIN_ET_DC_PIV_Drain_Lag_1,0.4245503553425033,0.0009376162850094771,0.00970118939961214,5/5,5,STRONG
MEASURE_ET_CapUSV,THIN_ET_lkg_100_at20V,0.4338947721411973,0.0009237593440622393,0.012842570919611376,4/5,4,STRONG
MEASURE_ET_C100CapPARCAP,THIN_ET_lkg_100_at20V,0.4431766498197916,0.0009143685783120899,0.04050222981737803,5/5,5,STRONG
MEASURE_ET_Rc_an_ct2,TOPSIN_ET_DC_PIV_Drain_Lag_1,0.4334023677245679,0.0008717540817590424,0.022552608924215865,4/5,4,STRONG
OHMIC_ET_Rsh_an_ct2,TOPSIN_ET_DC_PIV_Drain_Lag_1,0.4260372925391465,0.0008550311725288214,0.015397093301684765,5/5,5,STRONG
THIN_ET_Rc_f_hr_23,TOPSIN_ET_DC_PIV_Drain_Lag_1,0.446330365225393,0.0008438149769047287,0.014306750380678425,5/5,5,STRONG
MEASURE_ET_DC_Big_S11ang_10GHz,TOPSIN_ET_DC_PIV_Drain_Lag_1,0.4306698537355471,0.0008421125416581939,0.012287556707948994,5/5,5,STRONG
THIN_ET_C_AN_2,TOPSIN_ET_DC_PIV_Drain_Lag_1,0.4261234307329765,0.0008175239406196863,0.014544689975437623,5/5,5,STRONG
CATHODE_ET_Rcat_cn_2,TOPSIN_ET_DC_PIV_Drain_Lag_1,0.4581881152589858,0.0007766205262485276,0.010635548188719516,5/5,5,STRONG
MEASURE_ET_C100CapPARCAP,TOPSIN_ET_lkg_CapPARCAP,0.4370880881313556,0.0007760491497222636,0.035940346804221944,4/5,4,STRONG
SIN_GATE_ET_lkg_SY8_80,TFRP_ET_Rc_TF_AB_2,0.4252462665917714,0.000759274699588812,0.009152529934542401,5/5,5,STRONG
MEASURE_ET_Rcat_cn_1_OW_ST,TOPSIN_ET_DC_PIV_Drain_Lag_1,0.4480864077802186,0.0007354747817804846,0.032263736439857964,4/5,4,STRONG
MEASURE_ET_Rc_F_AB_2,TOPSIN_ET_DC_PIV_Drain_Lag_1,0.4319656442847876,0.0007123635860321691,0.011773372438644443,5/5,5,STRONG
THIN_ET_Rsh_an_ct2,TOPSIN_ET_DC_PIV_Drain_Lag_1,0.4355728298164047,0.0006709928201125391,0.009746559723185205,5/5,5,STRONG
TOPSIN_ET_R_f_hr_2,TOPSIN_ET_DC_PIV_Drain_Lag_1,0.4317630709095444,0.0006669323899273603,0.011366682133838138,4/5,4,STRONG
THIN_ET_lkg_100_at20V,THIN_ET_DC_RF_Vds_max_0p1mA,0.4282537336126751,0.0006414612690952188,0.003310968623560435,5/5,5,STRONG
MEASURE_ET_RF_Modeling_S22dB_10GHz,TOPSIN_ET_DC_PIV_Drain_Lag_1,0.4265461280118581,0.000622935611071357,0.006640112533635367,4/5,4,STRONG
TOPSIN_ET_OHMC,TOPSIN_ET_DC_PIV_Drain_Lag_1,0.4298819777265426,0.0006061619921487287,0.010234868776459256,4/5,4,STRONG
CATHODE_ET_Rc_cat_ct2_OW_ST,THIN_ET_lkg_100_at20V,0.4280019703643748,0.000591439438734849,0.008951051347143989,4/5,4,STRONG
SIN_GATE_ET_lkg_SY8_80,SIN_GATE_ET_Rc_an_ct2,0.4251974755863128,0.00056841365182757,0.003148048498858166,5/5,5,STRONG
TOPSIN_ET_DC_PIV_Drain_Lag_1,TOPSIN_ET_DC_RF_Vg_max_Vd,0.4321732881971932,0.0004334675951412234,0.00455948732465891,5/5,5,STRONG
MESA_ET_Probe_Number,TOPSIN_ET_DC_PIV_Drain_Lag_1,0.4268438959296018,0.00040325904417034793,0.0061764310784736525,5/5,5,STRONG
MEASURE_ET_Rc_OG144,TOPSIN_ET_DC_PIV_Drain_Lag_1,0.4346978995760586,0.00038258949381560784,0.006917913253592703,5/5,5,STRONG
MEASURE_ET_DC_SEC_X_Vg_at_I2_pos,TOPSIN_ET_DC_PIV_Drain_Lag_1,0.4274634877919131,0.0003697230512317199,0.011189765241230604,5/5,5,STRONG
MEASURE_ET_Rc_an_ct2,SIN_GATE_ET_lkg_SY8_80,0.4259655546258442,0.00036951264513517847,0.003784710223155873,4/5,4,STRONG
MEASURE_ET_Rc_TF_AB_2,THIN_ET_lkg_100_at20V,0.4371448862039672,0.0003208621023257204,0.005272532553535242,4/5,4,STRONG
MEASURE_ET_C100C175pf,TOPSIN_ET_DC_PIV_Drain_Lag_1,0.433686917449569,0.00029904720820231534,0.0020448831333512592,5/5,5,STRONG
TOPSIN_ET_Rc_OG142_GN,TOPSIN_ET_DC_PIV_Drain_Lag_1,0.4253051670137698,0.0002925932243472454,0.005349433118754577,5/5,5,STRONG
MEASURE_ET_RF_Modeling_ids_m0p2_W,TOPSIN_ET_DC_PIV_Drain_Lag_1,0.4343726766958857,0.0002599394065133486,0.004330818404194095,5/5,5,STRONG
MEASURE_ET_CapPARCAP_0,THIN_ET_lkg_100_at20V,0.4262732221864685,0.0002517974526199002,0.008588274771874169,4/5,4,STRONG
MEASURE_ET_C100CapPARCAP,TOPSIN_ET_lkg_C450pf,0.4378149991376872,0.00025094577704383377,0.009653297931898302,5/5,5,STRONG
TOPSIN_ET_Rc_OG144,TOPSIN_ET_DC_PIV_Drain_Lag_1,0.4483523706399195,0.0002441647852932151,0.0012270881522027472,5/5,5,STRONG
MEASURE_ET_DC_SEC_S_Vg_at_I1_neg_SD3p5,TOPSIN_ET_DC_PIV_Drain_Lag_1,0.4313804980930391,0.00020752248750061564,0.0033682592225678727,4/5,4,STRONG
MESA_ET_Probe_Number,TOPSIN_ET_lkg_C450pf,0.4269500251139582,0.00020282228533727794,0.0028788302144579937,4/5,4,STRONG
OHMIC_ET_Rc_an_ct2,THIN_ET_lkg_100_at20V,0.4503242788250304,0.00020210997662841026,0.003032294526324609,4/5,4,STRONG
FIC_ET_DC_RF_Vp_1,TOPSIN_ET_DC_PIV_Drain_Lag_1,0.4291668843283597,0.00015959041124746258,0.0027826313007584397,5/5,5,STRONG
TOPSIN_ET_DC_PIV_Drain_Lag_1,BRIDGE_METAL_Height_Final_TOP_metal_thickness,0.4261237700549253,0.00015489713581674238,0.004211485889777845,5/5,5,STRONG
TOPSIN_ET_CapFICM1,TOPSIN_ET_lkg_C450pf,0.4354096325398794,0.0001540409774669141,0.0026142812497089874,5/5,5,STRONG
BRGM_ET_Probe_Number,TOPSIN_ET_DC_PIV_Drain_Lag_1,0.4315552519205913,0.00013979027584593907,0.0033521679388669756,5/5,5,STRONG
MEASURE_ET_lkg_CapFICM1,SIN_GATE_ET_Rc_an_ct2,0.428125206584986,0.00013288821257802463,0.0052354816704814925,4/5,4,STRONG
THIN_ET_R314,TOPSIN_ET_DC_PIV_Drain_Lag_1,0.4327581891069177,0.00012457201934377386,0.0011665189070201314,4/5,4,STRONG
TOPSIN_ET_DC_PIV_Drain_Lag_1,THIN_Measure2_Thickness_after_grinding,0.4260779388434142,0.00012118326183512955,0.0015041750002643198,4/5,4,STRONG
THIN_ET_lkg_100_at20V,THIN_ET_Rc_f_hr_23,0.4363466849738173,0.00011900808501326082,0.004617625956778182,5/5,5,STRONG
MEASURE_ET_Rc_cat_ct2,TOPSIN_ET_lkg_C450pf,0.4365801541349965,0.00011873855423055589,0.0009459598497816535,4/5,4,STRONG
MEASURE_ET_DC_RF_Gm_m0p2,TOPSIN_ET_lkg_C450pf,0.4269859292052987,0.00011850415845866369,0.003580612248234681,4/5,4,STRONG
THIN_ET_Rc_f_hr_23,TOPSIN_ET_lkg_C450pf,0.4411796567106452,8.995666009688888e-05,0.0015342480957386926,4/5,4,STRONG
FIC_ET_Rc_f_tn_23,TOPSIN_ET_lkg_C450pf,0.4429845675658884,8.280584105405571e-05,0.0014820098985289974,5/5,5,STRONG
SIN_GATE_ET_lkg_5,TOPSIN_ET_CapFICM1,0.4293780275424886,7.15743803091746e-05,3.283105260266824e-13,5/5,5,STRONG
MEASURE_ET_CapPARCAP,TOPSIN_ET_DC_PIV_Drain_Lag_1,0.4413418288532957,5.637621125490629e-05,0.0011456905898688105,5/5,5,STRONG
MEASURE_ET_VIA_KLV_2,THIN_ET_lkg_100_at20V,0.4349699803545762,4.097067272718433e-05,0.0006884931177390199,4/5,4,STRONG
MEASURE_ET_DC_Diode_S11_dB_rev_9p5,TOPSIN_ET_DC_PIV_Drain_Lag_1,0.4266448960766813,3.717799634162774e-05,1.0373209593819124e-13,5/5,5,STRONG
MEASURE_ET_DC_RF_S11ang_10GHz,THIN_ET_lkg_100_at20V,0.4272788094480605,3.2739145674391366e-05,0.0004699978547773903,5/5,5,STRONG
MEASURE_ET_DC_SEC_S_Vp_1_mA_mm_first_SD3p5,TOPSIN_ET_DC_PIV_Drain_Lag_1,0.4387839299994788,3.080641927824368e-05,0.0004233956852771762,5/5,5,STRONG
MEASURE_ET_lkg_Cap_USV,MESA_ET_Probe_Number,0.425967675787221,2.9447774024932e-05,0.0017694627174078203,4/5,4,STRONG
THIN_ET_Rcat_cn_2_OW_ST,TOPSIN_ET_DC_PIV_Drain_Lag_1,0.4289216682859014,2.8896793808687022e-05,0.0005328056206112666,4/5,4,STRONG
THIN_ET_Rc_F_AB_2,TOPSIN_ET_DC_PIV_Drain_Lag_1,0.427386883928491,2.7686483457250293e-05,0.0006331872502414033,5/5,5,STRONG
MEASURE_ET_Rc_cat_ct2_OW_ST,THIN_ET_lkg_100_at20V,0.4370703000258489,1.3490662062417225e-05,0.00022820711409844387,4/5,4,STRONG
FIC_ET_lkg_SY8_80,MEASURE_ET_C100CapPARCAP,0.4265487477266129,7.841043234788694e-06,0.0004890636970309182,5/5,5,STRONG
MEASURE_ET_DC_SMALL_Vp_1,TOPSIN_ET_DC_PIV_Drain_Lag_1,0.4245393424190203,1.490119545734623e-06,4.5273776236060196e-05,4/5,4,STRONG
MEASURE_ET_DC_SEC_Gm_0,THIN_ET_lkg_100_at20V,0.4252619230127422,0.0015272606442067792,0.022326127666303663,2/5,2,MODERATE
MEASURE_ET_DC_SEC_Idss,THIN_ET_lkg_100_at20V,0.4250285354249096,0.0014484627250680563,0.018385165971304768,3/5,3,MODERATE
THIN_ET_lkg_100_at20V,THIN_ET_Rc_TF_AB_2,0.4400513765415771,0.0013839862283955566,0.021513615043418727,3/5,3,MODERATE
TOPSIN_ET_CapPARCAP_0,TOPSIN_ET_lkg_C450pf,0.4557861586542718,0.0013454615513360168,0.044334172123913676,2/5,2,MODERATE
THIN_ET_lkg_100_at20V,TOPSIN_ET_CapFICM1_0,0.43059914275502,0.0010652817229415078,0.01784397713059243,2/5,2,MODERATE
THIN_ET_Rcat_cn_1_OW_ST,TOPSIN_ET_DC_PIV_Drain_Lag_1,0.4288837619163212,0.0006224476900066733,0.010344726186655287,3/5,3,MODERATE
FIC_ET_Rc_f_hr_23,TOPSIN_ET_lkg_C450pf,0.4381138189999471,0.0005297584660960068,0.013341352042937862,3/5,3,MODERATE
MEASURE_ET_DC_RF_Gm_m0p2_W,THIN_ET_lkg_100_at20V,0.4243858438524774,0.000518067497289158,0.008999110023325032,2/5,2,MODERATE
MEASURE_ET_CapPARCAP,THIN_ET_lkg_100_at20V,0.429338673249446,0.000507254901297079,0.012713853915707157,3/5,3,MODERATE
CATHODE_ET_Rcat_cn_3_OW_ST,TOPSIN_ET_lkg_C450pf,0.4387602482126643,0.0003081738648229414,0.008492480242402593,3/5,3,MODERATE
MESA_ET_Probe_Number,THIN_ET_lkg_100_at20V,0.437361218788431,0.0002854461625998934,0.0038982201719438446,3/5,3,MODERATE
MEASURE_ET_RF_Modeling_Id_search,TOPSIN_ET_DC_PIV_Drain_Lag_1,0.4293353248746308,0.0002579009487868371,0.004555630591012387,3/5,3,MODERATE
MEASURE_ET_Rc_an_ct2,THIN_ET_lkg_100_at20V,0.4465949198825434,0.00023175838286485306,0.004142241637138034,3/5,3,MODERATE
FIC_ET_Rc_OG142,TOPSIN_ET_DC_PIV_Drain_Lag_1,0.430010113327347,0.00017663108346540986,0.002234474125796019,3/5,3,MODERATE
CATHODE_ET_Rcat_cn_2_OW_ST,TOPSIN_ET_DC_PIV_Drain_Lag_1,0.4290886712840691,0.00016818262637450352,0.0018850794839518198,2/5,2,MODERATE
SIN_ET_Probe_Number,THIN_ET_lkg_100_at20V,0.4266224063674225,0.00015856253923099038,0.0024696179229055284,3/5,3,MODERATE
SIN_GATE_ET_lkg_SY8_80,THIN_ET_Rc_cat_ct2,0.4387662257461062,0.0001270128943806244,0.0008711071762110006,3/5,3,MODERATE
FIC_ET_Rc_f_hr_23,THIN_ET_lkg_100_at20V,0.4393485550359953,0.00011385955934696006,0.0034392878344816553,3/5,3,MODERATE
THIN_ET_lkg_100_at20V,TOPSIN_ET_Rc_OG144,0.4286857030830501,0.0001084391138721768,0.0004599679943665161,3/5,3,MODERATE
CATHODE_ET_Rsh_cat_c2,TOPSIN_ET_DC_PIV_Drain_Lag_1,0.4279017578504204,9.593411341835321e-05,0.0034039313937306546,2/5,2,MODERATE
THIN_ET_Rc_cat_ct2,TOPSIN_ET_lkg_SY07_10,0.4251078908576203,9.409018309180119e-05,8.874351698161912e-13,3/5,3,MODERATE
THIN_ET_Rc_TF_AB_2,TOPSIN_ET_DC_PIV_Drain_Lag_1,0.4384380850080492,9.106913366371851e-05,0.001699469114551127,2/5,2,MODERATE
FIC_ET_lkg_SY8_80,SIN_GATE_ET_Rc_an_ct2,0.4328051286826952,5.00823573186114e-05,0.0008847491046809498,2/5,2,MODERATE
MEASURE_ET_C100CapPARCAP,MEASURE_ET_lkg_CapFICM1,0.4272270278357079,4.9322590347801513e-05,0.003305869830902593,3/5,3,MODERATE
TOPSIN_ET_Gate_res,TOPSIN_ET_lkg_C450pf,0.4260813689385909,3.7431112398716475e-05,0.0010723666398163593,3/5,3,MODERATE
MEASURE_ET_DC_RF_Imax_W,TOPSIN_ET_DC_PIV_Drain_Lag_1,0.4251012330689541,3.639611613179377e-05,0.0007368053042036164,3/5,3,MODERATE
MEASURE_ET_Ran_con_3,THIN_ET_lkg_100_at20V,0.4295487568301698,3.111209184389785e-05,0.0004802806204343906,2/5,2,MODERATE
MEASURE_ET_Rc_TF_AB_2,TOPSIN_ET_lkg_C450pf,0.4289023362306605,2.3439072355249725e-05,0.0007111651015347647,2/5,2,MODERATE
CATHODE_ET_Rcat_cn_1,TOPSIN_ET_lkg_C450pf,0.4288473895071226,1.971489457076015e-05,0.0002024372468841977,3/5,3,MODERATE
TOPSIN_ET_DC_PIV_Drain_Lag_1,BMETAL1_Height_Metal1_metal_thickness,0.4272441349113681,1.069270203486272e-05,0.0002713455748745079,3/5,3,MODERATE
OHMIC_ET_Rc_an_ct2,TOPSIN_ET_DC_PIV_Drain_Lag_1,0.4314903837901096,7.263066721502208e-07,1.0046525779398595e-13,2/5,2,MODERATE
MEASURE_ET_DC_RF_S11ang_10GHz,TOPSIN_ET_lkg_C450pf,0.4249387358992135,7.077475307957436e-07,2.3578485394215045e-13,3/5,3,MODERATE
THIN_ET_lkg_100_at20V,THIN_ET_Rc_cat_ct2,0.4583466604694788,0.0,6.189075438218262e-14,3/5,3,MODERATE
THIN_ET_Rc_cat_ct2,TOPSIN_ET_lkg_C450pf,0.455678224483102,0.0,1.3101673944753694e-13,4/5,4,MODERATE
THIN_ET_Rc_cat_ct2,TOPSIN_ET_DC_PIV_Drain_Lag_1,0.4523364264554336,0.0,8.80148237038365e-14,5/5,5,MODERATE
CATHODE_ET_Rcat_cn_3_OW_ST,THIN_ET_lkg_100_at20V,0.439011541758537,0.0,9.0676778638211e-14,4/5,4,MODERATE
MEASURE_ET_Rc_TF_AB_2,TOPSIN_ET_DC_PIV_Drain_Lag_1,0.4308598018767771,0.0,1.5885010788998769e-13,3/5,3,MODERATE
MEASURE_ET_Rsh_cat_c2,TOPSIN_ET_DC_PIV_Drain_Lag_1,0.427843657024173,0.0,1.8503516237795135e-13,3/5,3,MODERATE
MEASURE_ET_Rcat_cn_1,TOPSIN_ET_lkg_C450pf,0.4273500380802007,0.0,8.777264556979657e-14,4/5,4,MODERATE
CATHODE_ET_Rcat_cn_3_OW_ST,TOPSIN_ET_DC_PIV_Drain_Lag_1,0.4272421450204636,0.0,1.4015721367860995e-13,5/5,5,MODERATE
FIC_ET_Rc_f_tn_23,TOPSIN_ET_DC_PIV_Drain_Lag_1,0.4263850954938227,0.0,1.0224200926040433e-13,5/5,5,MODERATE
THIN_ET_Rc_f_tn_23,TOPSIN_ET_DC_PIV_Drain_Lag_1,0.4249124281746754,0.0,1.3558412341691446e-13,4/5,4,MODERATE
MEASURE_ET_Rc_OG144,THIN_ET_lkg_100_at20V,0.4337730214820299,0.00040743063370852144,0.011094166730395342,1/5,1,WEAK
MEASURE_ET_Rcat_cn_1_OW_ST,THIN_ET_lkg_100_at20V,0.4335059399587617,0.0002619886322350249,0.006575213796702263,1/5,1,WEAK
FIC_ET_lkg_SY8_80,FIC_ET_DC_RF_Ids_m0p2,0.4273378278600432,8.74940507906285e-05,0.009862190327337962,1/5,1,WEAK
TOPSIN_ET_CapPARCAP,TOPSIN_ET_lkg_C450pf,0.4344756229726459,1.4048239253258158e-06,0.0001235972111541243,1/5,1,WEAK
TOPSIN_ET_CapPARCAP_0,TOPSIN_ET_DC_PIV_Drain_Lag_1,0.4559963367052597,0.0,5.3656082996419966e-14,2/5,2,WEAK
OHMIC_ET_Rc_an_ct2,TOPSIN_ET_lkg_C450pf,0.4465419019200753,0.0,1.4155418168201305e-13,2/5,2,WEAK
MEASURE_ET_Rc_an_ct2,TOPSIN_ET_lkg_C450pf,0.4416558747564635,0.0,2.1685101518481305e-13,2/5,2,WEAK
TOPSIN_ET_CapPARCAP,TOPSIN_ET_DC_PIV_Drain_Lag_1,0.4382053531244131,0.0,1.6982180666736867e-13,1/5,1,WEAK
CATHODE_ET_Rc_cat_ct2_OW_ST,TOPSIN_ET_DC_PIV_Drain_Lag_1,0.4349338924615974,0.0,1.381534885265177e-13,2/5,2,WEAK
THIN_ET_lkg_100_at20V,TOPSIN_ET_CapPARCAP,0.4335525870595571,0.0,6.800885282486318e-14,2/5,2,WEAK
FIC_ET_lkg_SY8_80,MEASURE_ET_Rcat_cn_1_OW_ST,0.4310209115226738,0.0,9.493874687760782e-13,2/5,2,WEAK
FIC_ET_lkg_SY8_80,THIN_ET_Rc_cat_ct2,0.4300483000088928,0.0,6.2939153953087494e-12,2/5,2,WEAK
MEASURE_ET_Rcat_cn_1,THIN_ET_lkg_100_at20V,0.4295554950586595,0.0,5.839692455360975e-14,1/5,1,WEAK
MEASURE_ET_lkg_10,MEASURE_ET_Rc_OG142_GN,0.4252079044551498,0.0,5.414223056452938e-13,1/5,1,WEAK
FIC_ET_lkg_SY8_80,FIC_ET_Rc_f_tn_23,0.4251978635958234,0.0,7.0499355576710016e-12,1/5,1,WEAK
MEASURE_ET_lkg_CapFICM1,THIN_ET_Rc_cat_ct2,0.4249846188025964,0.0,2.760020189804467e-12,1/5,1,WEAK
MEASURE_ET_Rcat_cn_1_OW_ST,TOPSIN_ET_lkg_C450pf,0.4358813006231732,0.0005434932879535454,0.0036406996875815237,0/5,0,INCONCLUSIVE
MEASURE_ET_RF_Modeling_ids_m0p2_W,THIN_ET_lkg_100_at20V,0.4268841950698618,1.2707102482132358e-05,0.00047682562739149504,0/5,0,INCONCLUSIVE
MEASURE_ET_lkg_CapFICM1,OHMIC_ET_Rc_an_ct2,0.4274989099060449,1.6201244727700332e-06,1.6768665289850475e-12,0/5,0,INCONCLUSIVE
THIN_ET_Rc_TF_AB_2,TOPSIN_ET_lkg_C450pf,0.4499237788957135,0.0,9.563610653032482e-14,0/5,0,INCONCLUSIVE
THIN_ET_lkg_100_at20V,TOPSIN_ET_CapPARCAP_0,0.4430632952093623,0.0,5.4668947146202383e-14,0/5,0,INCONCLUSIVE
SIN_GATE_ET_Rc_OG142_GN,THIN_ET_lkg_100_at20V,0.434116757711818,0.0,6.243478817440012e-14,0/5,0,INCONCLUSIVE
MEASURE_ET_Rcat_cn_1,TOPSIN_ET_DC_PIV_Drain_Lag_1,0.4336693022292164,0.0,1.4205875413169346e-13,0/5,0,INCONCLUSIVE
