parameter_A,parameter_B,broad_screen_score_1,broad_screen_score_2,rank_score_1,rank_score_2,in_top300_score_1,in_top300_score_2,both_top300
MEASURE_ET_DC_SEC_Vp_1mA,THIN_ET_lkg_5,0.33920378590163613,1.3594127635644728,48758,1,False,True,False
MEASURE_ET_C100USV_Cappf,TOPSIN_ET_lkg_CapFICM1,0.3512398304117442,1.3491266912816515,34606,2,False,True,False
MEASURE_ET_LT_SEC_Ileak_m7V_mA_mm,THIN_ET_TF_AB_2,0.2977068619880533,1.3441306900902241,101540,3,False,True,False
MEASURE_ET_lkg_USV_Cap,THIN_ET_TF_AB_2,0.3467249450310102,1.3322343448068672,39677,4,False,True,False
MEASURE_ET_DC_SEC_Vp_1mA,TOPSIN_ET_lkg_Cap_USV,0.350779849272765,1.316034443913896,35127,5,False,True,False
MEASURE_ET_lkg_5,MEASURE_ET_DC_SEC_Vp_1mA,0.28034418632729047,1.313246989488967,120991,6,False,True,False
MEASURE_ET_lkg_PAD_10,MEASURE_ET_DC_SEC_Vp_1mA,0.3704132170543636,1.3121007786771721,15832,7,False,True,False
TOPSIN_ET_CapFICM1_0,TOPSIN_ET_lkg_CapFICM1,0.38719445692061333,1.2789791147410658,5945,8,False,True,False
MEASURE_ET_lkg_C300pf,THIN_ET_TF_AB_2,0.2996553563489282,1.2764887818539175,99323,9,False,True,False
FIC_ET_lkg_SY07_10,MEASURE_ET_DC_SEC_Vp_1mA,0.3539181038006807,1.2749874202992693,31680,10,False,True,False
THIN_ET_C200_0,TOPSIN_ET_lkg_CapFICM1,0.35986411381780736,1.262528954073485,25505,11,False,True,False
MEASURE_ET_C100C300pf,TOPSIN_ET_lkg_CapFICM1,0.3554376932150062,1.260106491393613,30092,12,False,True,False
MEASURE_ET_lkg_70,SIN_ET_lkg_SY8_80,0.10350914705031275,1.2507725597538906,666210,13,False,True,False
THIN_ET_lkg_5,THIN_ET_TF_AB_2,0.3107259144841552,1.2499167012695367,85895,14,False,True,False
THIN_ET_lkg_100_at20V,TOPSIN_ET_lkg_Cap3,0.14657287403356742,1.2398978115837118,458671,15,False,True,False
MEASURE_ET_lkg_100_at20V,MEASURE_ET_DC_SEC_Vp_1mA,0.33645494146438076,1.2327700880602577,52265,16,False,True,False
MEASURE_ET_lkg_Cap1,MEASURE_ET_DC_SEC_Vp_1mA,0.34182619514137724,1.2282076800845005,45502,17,False,True,False
MEASURE_ET_lkg_C300,THIN_ET_TF_AB_2,0.3093684396005543,1.2279972148489722,87531,18,False,True,False
MEASURE_ET_DC_SEC_Vp_1mA,THIN_ET_lkg_PAD_10,0.383137363463793,1.2237081497476832,7737,19,False,True,False
TOPSIN_ET_Load_Pull_Id_ini,SIN_CAPACITOR_ThicknessGN1_SiN_Thickness,0.09402376967487229,1.2159587512749173,717723,20,False,True,False
THIN_ET_DC_RF_Vg_optt3,TOPSIN_ET_DC_SMALL_Vbgd1,0.26419924326349575,1.214682699785125,142376,21,False,True,False
TOPSIN_ET_CapFICM1,TOPSIN_ET_Load_Pull_Id_ini,0.11091376510863818,1.2108254785797339,628025,22,False,True,False
MEASURE_ET_C300pf,TOPSIN_ET_lkg_CapFICM1,0.38587038633464876,1.2047038076805612,6497,23,False,True,False
TOPSIN_ET_Cap3pf,TOPSIN_ET_Load_Pull_Id_ini,0.10147614842264034,1.1965291840017969,677070,24,False,True,False
MEASURE_ET_lkg_Cap_USV,THIN_ET_lkg_100_at20V,0.09225742454000374,1.1931205786836472,727275,25,False,True,False
MEASURE_ET_DC_SEC_Vbin_gs,THIN_ET_C20_0,0.16195124544204498,1.191844709122052,397266,26,False,True,False
MEASURE_ET_Cap2pf,MEASURE_ET_DC_RF_Max_S11_Ph_L2180,0.18743090919990713,1.1915517095509642,312122,27,False,True,False
MEASURE_ET_DC_SEC_X_Vp_1_mA_mm,THIN_ET_Ran_con_2,0.0723933544768082,1.1852284270887565,828465,28,False,True,False
TOPSIN_ET_CapFICM1,TOPSIN_ET_lkg_CapFICM1,0.393178906462594,1.181951401605892,3900,29,False,True,False
MEASURE_ET_DC_SEC_Vp_1mA,TOPSIN_ET_lkg_CapPARCAP,0.3858880535546888,1.1806064517308184,6490,30,False,True,False
MEASURE_ET_DC_SEC_Vp_1mA,THIN_ET_lkg_C200,0.3753396250751002,1.17993829552644,12251,31,False,True,False
THIN_ET_lkg_100_at20V,TOPSIN_ET_lkg_SY8_80,0.15151330790787668,1.1735023293991167,437502,32,False,True,False
MEASURE_ET_lkg_50,THIN_ET_TF_AB_2,0.34072275706001875,1.1709030948922137,46894,33,False,True,False
TOPSIN_ET_C300,TOPSIN_ET_lkg_CapFICM1,0.38393900794364044,1.1694222518968196,7356,34,False,True,False
MEASURE_ET_Rc_f_tn_23,MEASURE_ET_DC_RF_Max_S11_Freq_L1018,0.06004642508822375,1.167699179095343,880901,35,False,True,False
MEASURE_ET_DC_RF_Vbin_gs,MEASURE_ET_DC_RF_Vt_gd,0.20948331474966017,1.1598607260783613,244914,36,False,True,False
MEASURE_ET_C300FB_0,MEASURE_ET_LT_SEC_Ileak_m16p5V_mA_mm,0.31373638903976503,1.1527813197362422,82037,37,False,True,False
MEASURE_ET_lkg_100,MEASURE_ET_DC_SEC_Vp_1mA,0.3427601226793367,1.1471930718966985,44407,38,False,True,False
MEASURE_ET_LT_SEC_Ileak_m5p5V_mA_mm,THIN_ET_lkg_100_at20V,0.12444064008224764,1.1444806912398493,561800,39,False,True,False
TOPSIN_ET_C100CapUSV,TOPSIN_ET_lkg_CapFICM1,0.3459855128684216,1.1426165636727308,40568,40,False,True,False
MEASURE_ET_lkg_Cap_USV,THIN_ET_TF_AB_2,0.37881023840571537,1.1417969962357655,10116,41,False,True,False
THIN_ET_Rc_TF_AB_2,TOPSIN_ET_Cap1pf,0.18228882363173055,1.1410977077950581,329230,42,False,True,False
MEASURE_ET_lkg_10,THIN_ET_lkg_100_at20V,0.09611116205830708,1.1362787990131058,706432,43,False,True,False
MEASURE_ET_DC_SEC_S_Id_mA_mm_at_Vg3_FPSD3p2,MEASURE_ET_RF_Modeling_Ft,0.12403025812558179,1.1325352938891655,563794,44,False,True,False
TOPSIN_ET_Gate_res,TOPSIN_ET_DC_PIV_Ids1_QP1,0.18514309428713346,1.1304032131134913,319733,45,False,True,False
MEASURE_ET_C300FB_0,TOPSIN_ET_lkg_Cap3,0.2977897987402207,1.1302303308653057,101445,46,False,True,False
THIN_ET_TF_AB_2,TOPSIN_ET_lkg_SY07_10,0.3845788836891527,1.1239366691696253,7071,47,False,True,False
TOPSIN_ET_C100CapFICM1,TOPSIN_ET_lkg_CapFICM1,0.3603621910650063,1.1066492276084485,25013,48,False,True,False
MEASURE_ET_lkg_70_at20V,THIN_ET_TF_AB_2,0.31289434144308115,1.1059022518173043,83129,49,False,True,False
MEASURE_ET_lkg_CapFICM1,MEASURE_ET_DC_SEC_Vp_1mA,0.38920524513694543,1.104726798458728,5205,50,False,True,False
MEASURE_ET_C300FB,TOPSIN_ET_lkg_CapFICM1,0.3696629101153908,1.0987147589609565,16420,51,False,True,False
MEASURE_ET_DC_RF_Idss_W,MEASURE_ET_DC_SEC_S_Vp_1_mA_mm_second_FPSD3p2,0.08567893404851128,1.094863106961388,762530,52,False,True,False
CATHODE_ET_Rc_cat_ct2_OW_ST,THIN_ET_C200,0.23084478799405067,1.0944839310597887,198586,53,False,True,False
MEASURE_ET_DC_SEC_Vp_1mA,TOPSIN_ET_lkg_C385pf,0.3770107245533779,1.0921030956868722,11213,54,False,True,False
MEASURE_ET_DC_SEC_Vp_1mA,TOPSIN_ET_DC_PIV_Gate_Lag_1,0.27577960457926326,1.091631656333828,126534,55,False,True,False
THIN_ET_TF_AB_2,TOPSIN_ET_R514,0.01818132071738867,1.0887168194696988,977237,56,False,True,False
MEASURE_ET_DC_SEC_S_Vp_1_mA_mm_second_FPSD3p2,TOPSIN_ET_DC_RF_Idss,0.09375322491121783,1.0854810940323842,719190,57,False,True,False
THIN_ET_DC_RF_Vbgs_0p1,TOPSIN_ET_Cap1pf,0.3502535860692753,1.0827981739492243,35695,58,False,True,False
THIN_ET_TF_AB_2,TOPSIN_ET_lkg_CapPARCAP,0.37169757478271914,1.0789147198311544,14874,59,False,True,False
MEASURE_ET_DC_PIV_Ids0_QP1,MEASURE_ET_DC_RF_S11dB_26GHz,0.15835595730790836,1.0775436359731534,410508,60,False,True,False
TOPSIN_ET_Cap1pf,TOPSIN_ET_lkg_CapFICM1,0.37715370825357636,1.0768167834956366,11113,61,False,True,False
TOPSIN_ET_Gm_max,TOPSIN_ET_DC_RF_Idss,0.1474381268456455,1.0757964285852917,454914,62,False,True,False
MEASURE_ET_lkg_50_at20V,EBCR2_Ali_Litho_Gate_to_ohmic_alignment,0.3764538892674371,1.075607840254011,11578,63,False,True,False
MEASURE_ET_lkg_70_at20V,TOPSIN_ET_C100CapUSV,0.3111175410734812,1.0752513419607903,85459,64,False,True,False
MEASURE_ET_C300pf,SIN_GATE_ET_lkg_SY07_10,0.3640248780739114,1.0723780144995643,21417,65,False,True,False
MEASURE_ET_lkg_C300M1B,TOPSIN_ET_lkg_C450pf,0.15077397839598644,1.0718320337865475,440610,66,False,True,False
MEASURE_ET_lkg_C300M1B,MEASURE_ET_lkg_PAD_10,0.10720526117434216,1.066976055160999,646928,67,False,True,False
MEASURE_ET_DC_SEC_Ids_max_ON,TOPSIN_ET_lkg_C300pf,0.3539756681672566,1.0641558921362597,31622,68,False,True,False
MEASURE_ET_DC_SEC_Vp_1mA,THIN_ET_lkg_10,0.3675891887155513,1.063935881333227,18169,69,False,True,False
SIN_GATE_ET_lkg_SY8_80,THIN_ET_TF_AB_2,0.37419640290476736,1.0637843155221354,13009,70,False,True,False
MEASURE_ET_lkg_CapPARCAP,THIN_ET_TF_AB_2,0.33798649542903686,1.0629468560133668,50311,71,False,True,False
MEASURE_ET_RF_Modeling_S11ang_10GHz,SIN_ET_DC_RF_n_gs,0.06942706542073038,1.062719904159108,841863,72,False,True,False
TOPSIN_ET_lkg_C385pf,TOPSIN_ET_lkg_C450pf,0.09270354169847919,1.0608795971024505,724857,73,False,True,False
TOPSIN_ET_C100Cap3pf,TOPSIN_ET_lkg_CapFICM1,0.3803915301947332,1.0606752448889658,9182,74,False,True,False
MEASURE_ET_lkg_70,TOPSIN_ET_lkg_C385pf,0.09037603038604179,1.0593057418532288,737586,75,False,True,False
MEASURE_ET_lkg_100_at20V,THIN_ET_TF_AB_2,0.32265068765224086,1.0584309668488507,70247,76,False,True,False
MEASURE_ET_DC_SMALL_Vp_01,THIN_ET_Ran_con_2,0.0696892906792879,1.0582752099922743,840722,77,False,True,False
MEASURE_ET_C300,MEASURE_ET_Rc_an_ct2,0.16763449766350083,1.0581747548053815,377626,78,False,True,False
FIC_ET_DC_RF_Vdg_max_0p1mA,MEASURE_ET_DC_SEC_S_Vg_at_I1_pos_SD3p5,0.12357063610267564,1.057681998451626,566040,79,False,True,False
BRGM_ET_lkg_SY8_80,TOPSIN_ET_DC_RF_Vg_gm_max,0.02571371493253,1.0570822308606689,968283,80,False,True,False
MEASURE_ET_Cap3pf,THIN_ET_DC_RF_Vbgs_0p1,0.36553326650557655,1.0560301903652365,20004,81,False,True,False
MEASURE_ET_C100CapFICM1,MEASURE_ET_lkg_SY8_80,0.2521054917272584,1.0545090445317522,160873,82,False,True,False
MEASURE_ET_lkg_C300M1B,THIN_ET_lkg_100_at20V,0.151550025867868,1.0539601398851512,437364,83,False,True,False
MEASURE_ET_DC_SMALL_Vp_1,TOPSIN_ET_C100CapUSV,0.06897691668631252,1.0538528742055,843887,84,False,True,False
MEASURE_ET_DC_RF2_S22ang_26GHz,TOPSIN_ET_lkg_C300,0.35430494906908716,1.0531319530877832,31275,85,False,True,False
MEASURE_ET_RF_Modeling_Id_search,TOPSIN_ET_Cap1pf,0.12349133398422751,1.0520476459369745,566410,86,False,True,False
MEASURE_ET_Rc_an_ct2,TOPSIN_ET_C300pf,0.1595476637028639,1.0514511581690473,406128,87,False,True,False
MEASURE_ET_DC_SEC_Vp_1mA,MEASURE_ET_LT_SEC_Ileak_m10p5V_mA_mm,0.3444825811703565,1.051420059537469,42377,88,False,True,False
MEASURE_ET_C100CapFICM1,MEASURE_ET_Rc_an_ct2,0.1696681735609402,1.0504819283250322,370767,89,False,True,False
MEASURE_ET_DC_SEC_X_Ig_cut1_mAmm_pos_FPSD3p2,MEASURE_ET_LT_SEC_Ileak_m10p5V_mA_mm,0.34150394015944757,1.0503909572331656,45922,90,False,True,False
TOPSIN_ET_CapFICM1,TOPSIN_ET_DC_RF_Vbgs1,0.2828452565188929,1.0495138484662694,118160,91,False,True,False
MEASURE_ET_DC_RF_CF_S22_Ph_L2180,TOPSIN_ET_lkg_C300,0.3277437692262144,1.0484657234796797,63632,92,False,True,False
TOPSIN_ET_C100Cap2pf,TOPSIN_ET_lkg_CapFICM1,0.3645348454290977,1.0470341788387272,20942,93,False,True,False
MEASURE_ET_Load_Pull_GL_set,THIN_ET_DC_RF_Vg_optt3,0.07028884916689127,1.0452222058821492,838011,94,False,True,False
MEASURE_ET_RF_Modeling_K,TOPSIN_ET_CapFICM1,0.0912693227855577,1.0449533077462656,732609,95,False,True,False
MEASURE_ET_DC_SMALL_Vbin_gd,SIN_ET_DC_PIV_Idss_QP2,0.16624055828661766,1.044873540524827,382430,96,False,True,False
MEASURE_ET_lkg_C300FB,TOPSIN_ET_DC_SMALL_Vp_1,0.30243943419413666,1.0428621021064504,96096,97,False,True,False
THIN_ET_Cap_C300,TOPSIN_ET_Load_Pull_Id_ini,0.10844847102648562,1.0425773211555704,640463,98,False,True,False
TOPSIN_ET_C100CapUSV,TOPSIN_ET_lkg_Cap3,0.32831622028310453,1.0403832780262174,62900,99,False,True,False
MEASURE_ET_lkg_C385pf,TOPSIN_ET_DC_RF_Vg_gm_max,0.33614911763934296,1.0403405165440702,52655,100,False,True,False
CATHODE_ET_Rc_cat_ct2_OW_ST,TOPSIN_ET_Cap_C300,0.20985647488974565,1.0401793938909314,243896,101,False,True,False
MEASURE_ET_DC_SEC_Vp_1mA,MEASURE_ET_LT_SEC_Ileak_m12p5V_mA_mm,0.3851782220568072,1.0397189340018362,6815,102,False,True,False
MEASURE_ET_DC_RF_CF_S12_Ph_L1018,MEASURE_ET_DC_SEC_Vp_1mA,0.09659889603035789,1.0391523246978305,703743,103,False,True,False
MEASURE_ET_lkg_Cap2,THIN_ET_TF_AB_2,0.3267040548993098,1.0389734655465097,64944,104,False,True,False
TOPSIN_ET_DC_RF_Idss,TOPSIN_ET_DC_RF_Vg_gm_max,0.061511031941612886,1.037840413350069,875103,105,False,True,False
MEASURE_ET_Rc_f_tn_23,MEASURE_ET_DC_SEC_S_Vg_at_I1_neg,0.041483528485620376,1.0375262074329599,939388,106,False,True,False
MEASURE_ET_DC_SMALL_Vbin_gd,SIN_ET_DC_PIV_Idss_QP1,0.16622520935807134,1.0375257135823652,382476,107,False,True,False
MEASURE_ET_Cap_C300FM1,THIN_ET_DC_RF_Vg_optt2,0.1687157534451953,1.0374347489070739,373948,108,False,True,False
MEASURE_ET_DC_RD_Vbon_max,MEASURE_ET_DC_SEC_X_Ids_max_norm_SD3p5,0.11202294672189922,1.0372817856950711,622531,109,False,True,False
MEASURE_ET_lkg_C385pf,MEASURE_ET_DC_SEC_Vp_1mA,0.3497033361695323,1.0367577261341043,36271,110,False,True,False
SIN_ET_DC_RF_Vbgd1,TOPSIN_ET_Gm_max,0.1969767074500629,1.0364975276510626,281353,111,False,True,False
MEASURE_ET_Vbkdn_Cap100_Long,TOPSIN_ET_Load_Pull_Id_ini,0.09473581439621986,1.036384674854178,713859,112,False,True,False
MEASURE_ET_USV_Cappf,THIN_ET_C_AN_2,0.10554527853593727,1.035122581688644,655385,113,False,True,False
MEASURE_ET_RF_Modeling_Fmax,THIN_ET_TF_AB_2,0.03706333540323802,1.0349583429193896,948949,114,False,True,False
MEASURE_ET_lkg_Cap1,THIN_ET_TF_AB_2,0.3288701218562213,1.034850200328597,62194,115,False,True,False
MEASURE_ET_Cap20,TOPSIN_ET_DC_SMALL_Vp_01,0.12255820172698305,1.0328844855327726,571014,116,False,True,False
MEASURE_ET_C100CapFICM1,TOPSIN_ET_lkg_CapFICM1,0.34850693687797774,1.0317697762225964,37615,117,False,True,False
MEASURE_ET_DC_SEC_Vp_1mA,TOPSIN_ET_lkg_SY8_80,0.3256082742522274,1.0317646520241586,66420,118,False,True,False
TOPSIN_ET_DC_RF_Vg_gm_max,TOPSIN_ET_DC_SMALL_Vg_gm_max,0.04663564860704333,1.0315590620869035,926146,119,False,True,False
MEASURE_ET_DC_Diode_Vbpin,MEASURE_ET_DC_SEC_Vp_1mA,0.2698387679274443,1.0296483327249393,134246,120,False,True,False
MEASURE_ET_lkg_70_at20V,MEASURE_ET_DC_RF_CF_S22_Ph_L2180,0.31141489690337115,1.0295732438976783,85039,121,False,True,False
MEASURE_ET_C300pf,MEASURE_ET_lkg_Cap1,0.3613350816144774,1.0290073037263114,24044,122,False,True,False
MEASURE_ET_Cap_C300FB,MEASURE_ET_DC_RF_CF_S22_Ph_L1018,0.056288438833402545,1.0272555241773391,894981,123,False,True,False
MEASURE_ET_DC_RF_S11dB_10GHz,TOPSIN_ET_C100C450pf,0.0642078903043368,1.026363015319744,864391,124,False,True,False
MEASURE_ET_C300FB_0,MEASURE_ET_DC_RF_Max_S11_Ph_L2180,0.18529840151286994,1.0260007701734835,319224,125,False,True,False
MEASURE_ET_lkg_70,THIN_ET_lkg_100_at20V,0.13690379591464966,1.0254642374289857,502625,126,False,True,False
FIC_ET_DC_RF_Id_gm_max,TOPSIN_ET_Gm_max,0.13807503741936847,1.025087097469958,497137,127,False,True,False
MEASURE_ET_LT_SEC_Vg_Id_min,THIN_ET_Vk,0.1469674193398596,1.0247284059653745,456983,128,False,True,False
MEASURE_ET_Cap_C300FM1,TOPSIN_ET_lkg_CapFICM1,0.34267707513501255,1.0224319548167886,44523,129,False,True,False
MEASURE_ET_Load_Pull_Vg,SIN_ET_DC_RF_Vt_gd,0.017899091360960444,1.0216723790140667,977529,130,False,True,False
MEASURE_ET_DC_SMALL_Vp_1,THIN_ET_Ran_con_2,0.056757167864365396,1.0214312490649753,893331,131,False,True,False
MEASURE_ET_lkg_C300FB,MEASURE_ET_DC_SEC_Vp_1mA,0.30703030894014344,1.0208054688742738,90441,132,False,True,False
MEASURE_ET_DC_RF_Vbin_gd,MEASURE_ET_DC_SEC_X_Ids_max_norm_FPSD3p2,0.14807155419869736,1.019449846452533,452112,133,False,True,False
MEASURE_ET_DC_RF2_S11ang_26GHz,TOPSIN_ET_DC_RF_n_gs,0.09790208819993919,1.0192101473653985,696754,134,False,True,False
MEASURE_ET_DC_SEC_Vp_1mA,TOPSIN_ET_I_5,0.26267252250633744,1.0164822408712009,144544,135,False,True,False
MEASURE_ET_DC_SEC_Vp_1mA,SIN_ET_lkg_SY07_10,0.34249874579242917,1.015558320607986,44720,136,False,True,False
MEASURE_ET_LT_SEC_Ileak_m9p5V_mA_mm,THIN_ET_lkg_C200,0.056250425510575394,1.0152166252098112,895114,137,False,True,False
MEASURE_ET_DC_SEC_S_Ig_mAmm_at_Vg_cond_neg_SD3p5,TOPSIN_ET_C100Cap2pf,0.09332357138054334,1.0147247954031018,721474,138,False,True,False
MEASURE_ET_C200_0,TOPSIN_ET_lkg_CapFICM1,0.34636977032774197,1.0138315535639955,40113,139,False,True,False
MEASURE_ET_lkg_SY8_80,THIN_ET_TF_AB_2,0.2595785119416311,1.0127749206036116,149256,140,False,True,False
CATHODE_ET_Rcat_cn_3_OW_ST,MEASURE_ET_C300M1B,0.18940540861846025,1.009742733047027,305587,141,False,True,False
MEASURE_ET_lkg_70,MEASURE_ET_lkg_C300M1B,0.08242203421497785,1.009691297689623,779736,142,False,True,False
THIN_ET_lkg_C200,TOPSIN_ET_lkg_SY8_80,0.09526204727762642,1.0096462862374584,711042,143,False,True,False
MEASURE_ET_DC_SEC_Vp_1mA,TOPSIN_ET_DC_SMALL_Vbgs_0p1,0.2747746779804742,1.0094882342039724,127806,144,False,True,False
THIN_ET_lkg_100_at20V,THIN_ET_lkg_C300,0.12596159531450504,1.0088012573451404,554367,145,False,True,False
MEASURE_ET_lkg_CapUSV,THIN_ET_TF_AB_2,0.31088319961605115,1.0087575576021912,85724,146,False,True,False
THIN_ET_Rc_cat_ct2,TOPSIN_ET_DC_SMALL_Vbgs_0p01,0.27714779830448993,1.0084434323385956,124869,147,False,True,False
MEASURE_ET_USV_Cappf_0,MEASURE_ET_DC_RF_S11dB_10GHz,0.08107274366961173,1.0082251762554815,786589,148,False,True,False
THIN_ET_lkg_100_at20V,TOPSIN_ET_lkg_Cap2,0.14250350196733844,1.0078912289962985,476787,149,False,True,False
THIN_ET_lkg_100_at20V,TOPSIN_ET_lkg_5,0.11187815019213586,1.00781705268628,623280,150,False,True,False
TOPSIN_ET_Gm_m2,TOPSIN_ET_DC_RF_Vg_gm_max,0.04386153273307116,1.0059904002123339,933515,151,False,True,False
FIC_ET_DC_RF_Vp_01,THIN_ET_Ran_con_2,0.05405000990449794,1.0050651087657918,902885,152,False,True,False
MEASURE_ET_lkg_C300,THIN_ET_lkg_100_at20V,0.16962928685958278,1.003970452187475,370883,153,False,True,False
MEASURE_ET_lkg_C500pf,TOPSIN_ET_lkg_C450pf,0.10010296807378183,1.0034415078437848,684655,154,False,True,False
MEASURE_ET_DC_SMALL_Vbgs_0p1,SIN_ET_DC_RF_Vbin_gd,0.20713137263798082,1.0030619019637024,251208,155,False,True,False
MEASURE_ET_lkg_C300pf,TOPSIN_ET_DC_SMALL_Vp_1,0.31794881152146137,1.0029130218931126,76475,156,False,True,False
TOPSIN_ET_C100Cap1pf,TOPSIN_ET_Load_Pull_Id_ini,0.15677790249735898,1.0024742160035074,416582,157,False,True,False
MEASURE_ET_DC_SEC_X_Id_plus_Ig_at_Vboff_mA_mm_FPSD3p2,THIN_ET_TF_AB_2,0.17805087726739616,1.0020829405918248,343117,158,False,True,False
MEASURE_ET_LT_SEC_Ileak_m16p5V_mA_mm,TOPSIN_ET_lkg_CapFICM1,0.07385499511673956,1.0014972738383656,821807,159,False,True,False
CATHODE_ET_Rcat_cn_3_OW_ST,TOPSIN_ET_Cap1pf_0,0.18148410477168958,1.0011540452239767,331933,160,False,True,False
MEASURE_ET_LT_SEC_Ileak_m7V_mA_mm,TOPSIN_ET_DC_SMALL_Vp_1,0.3071174531770014,1.0004954678990532,90339,161,False,True,False
MEASURE_ET_C300_0,TOPSIN_ET_Load_Pull_Id_ini,0.1302953471594509,1.0004743128965414,533468,162,False,True,False
FIC_ET_lkg_SY8_80,MEASURE_ET_DC_SEC_Vp_1mA,0.3998740899045103,1.0002957810181687,2432,163,False,True,False
MEASURE_ET_lkg_70,MEASURE_ET_LT_SEC_Ileak_m9p5V_mA_mm,0.10530234451651632,1.0001359746233662,656619,164,False,True,False
THIN_ET_Rc_TF_AB_2,TOPSIN_ET_CapFICM1_0,0.19307747252078433,0.9998157710081095,293678,165,False,True,False
SIN_ET_lkg_SY07_10,THIN_ET_lkg_100_at20V,0.15941019129245593,0.9991216950011667,406611,166,False,True,False
MEASURE_ET_C300FB,TOPSIN_ET_Load_Pull_Id_ini,0.10009839560278075,0.9988246452301702,684684,167,False,True,False
FIC_ET_DC_PIV_Gate_Lag_1,MEASURE_ET_DC_SEC_Ids_max_ON,0.32891329814901765,0.9987278289767135,62138,168,False,True,False
MEASURE_ET_lkg_Cap2,MEASURE_ET_LT_SEC_Ileak_m9p5V_mA_mm,0.08382131575009959,0.9985457359572185,772232,169,False,True,False
MEASURE_ET_CapFICM1,TOPSIN_ET_lkg_CapFICM1,0.35773751497506256,0.9968852778085524,27659,170,False,True,False
MEASURE_ET_DC_SEC_X_Vp_1_mA_mm_first_SD3p5,THIN_ET_DC_RF_Vbgs1,0.08183222560284635,0.9964922677486561,782738,171,False,True,False
THIN_ET_DC_RF_Vg_optt1,TOPSIN_ET_Gate_res,0.18086373261164637,0.9950439533134581,333895,172,False,True,False
THIN_ET_TF_AB_2,TOPSIN_ET_lkg_Cap3,0.3303782751504394,0.9944980257656334,60291,173,False,True,False
MEASURE_ET_lkg_70,TOPSIN_ET_lkg_C450pf,0.12615137819753755,0.9938745325374789,553442,174,False,True,False
MEASURE_ET_DC_RF_Vp_1_W,GATE2_ET_Ids2_Gate_recess_current,0.09038082312203385,0.9933448391259969,737564,175,False,True,False
TOPSIN_ET_Gm_max,TOPSIN_ET_DC_SMALL_Vg_gm_max,0.14716231350972347,0.9930180458181259,456123,176,False,True,False
THIN_ET_C200,THIN_ET_Rcat_cn_1_OW_ST,0.18442062842596157,0.9926316240024361,322148,177,False,True,False
FIC_ET_lkg_SY07_10,THIN_ET_lkg_100_at20V,0.13471489177219428,0.992538168523555,512833,178,False,True,False
MEASURE_ET_Cap3pf,MEASURE_ET_Rc_an_ct2,0.17449421564597475,0.9917713604473772,354738,179,False,True,False
SIN_ET_DC_RF_Vbgs_0p1,SIN_ET_DC_RF_Vg_optt3,0.19556125097229682,0.991531619449651,285784,180,False,True,False
MEASURE_ET_Cap_C300FM1,MEASURE_ET_Rc_an_ct2,0.17006226286776058,0.9885860858875092,369431,181,False,True,False
MEASURE_ET_Cap2pf_0,THIN_ET_DC_RF_Vbgs_0p1,0.33591234258586683,0.9883826882807442,52970,182,False,True,False
MEASURE_ET_Cap3pf_0,TOPSIN_ET_lkg_CapFICM1,0.36775729746312097,0.9880151231619705,18032,183,False,True,False
FIC_ET_DC_RF_Vbgs1,MEASURE_ET_DC_SEC_Vp_1mA,0.27307576096083186,0.9879619621026156,129913,184,False,True,False
TFRP_ET_Rsh_TFR2,TOPSIN_ET_Cap_C300,0.08118366069088837,0.9874132519210932,786025,185,False,True,False
MEASURE_ET_DC_SEC_X_Id_at_Vboff_mA_mm_SD3p5,MEASURE_ET_DC_SMALL_Vg_max_Vd,0.1571281826491777,0.9873316825165873,415231,186,False,True,False
MEASURE_ET_DC_RF_CF_S22_Ph_L1002,MEASURE_ET_RF_Modeling_Mag_d,0.0786050951085404,0.9872574311277867,799043,187,False,True,False
FIC_ET_C100S1,MEASURE_ET_DC_RF_S22dB_26GHz,0.02209585660247902,0.9871259918789042,972953,188,False,True,False
MEASURE_ET_USV_Cappf,TOPSIN_ET_lkg_CapFICM1,0.35666708232663186,0.9854537344718195,28785,189,False,True,False
MEASURE_ET_lkg_70_at20V,THIN_ET_C_AN_2_OW_CR,0.32914421878091543,0.9849715136610373,61869,190,False,True,False
MEASURE_ET_C300M1B,MEASURE_ET_Rcat_cn_1,0.1843407787218292,0.9845625974411727,322411,191,False,True,False
BRGM_ET_lkg_SY8_80,TOPSIN_ET_Gm_max,0.11399590458076828,0.9842705390702782,612662,192,False,True,False
MEASURE_ET_lkg_USV_Cap,THIN_ET_lkg_PAD_10,0.05602595497939513,0.9838824266584166,895967,193,False,True,False
MEASURE_ET_lkg_Cap1,MEASURE_ET_DC_SEC_X_Vp_1_mA_mm_first_FPSD3p2,0.3517612252932657,0.9834942483953387,34003,194,False,True,False
FIC_ET_Gate_res,THIN_ET_R_400_VER,0.13898411051115128,0.9832480909474852,492893,195,False,True,False
FIC_ET_Gate_res,MEASURE_ET_RF_Modeling_Rs,0.0924218459645801,0.982285982910888,726374,196,False,True,False
FIC_ET_OHMC,MEASURE_ET_Cap_C300FM1,0.07593048595178666,0.982158783702127,812035,197,False,True,False
TOPSIN_ET_CapFICM1_0,TOPSIN_ET_DC_PIV_Ids0_QP3,0.015296207768763352,0.9818745278715795,979915,198,False,True,False
MEASURE_ET_RF_Modeling_Id_search,TOPSIN_ET_Cap3pf_0,0.16253196423904814,0.9805752302427275,395173,199,False,True,False
MEASURE_ET_DC_SMALL_Vg_gm_max,MEASURE_ET_RF_Modeling_Gm_max_W,0.06957064480128682,0.9795441916896584,841222,200,False,True,False
MEASURE_ET_DC_Stress_Idss_before,TOPSIN_ET_Gm_max,0.15234579693933956,0.9792575219245524,434156,201,False,True,False
MEASURE_ET_DC_RF_Vp_01_W,TOPSIN_ET_DC_RF_Idss,0.09595576937419738,0.9787163671038852,707269,202,False,True,False
MEASURE_ET_Rc_OG142_GN,MEASURE_ET_DC_RF_Vbgs_0p1,0.34550547468206433,0.9785574641258411,41163,203,False,True,False
MEASURE_ET_DC_RF_S22ang_10GHz,MEASURE_ET_DC_Stress_Id_stress_before,0.14366095607910206,0.9779427791592618,471558,204,False,True,False
MEASURE_ET_lkg_10,MEASURE_ET_DC_SEC_Vp_1mA,0.3874714300022489,0.9773486226055792,5849,205,False,True,False
MEASURE_ET_Rc_an_ct2,TOPSIN_ET_Cap2pf_0,0.1655373377647044,0.9762130615739443,384881,206,False,True,False
MEASURE_ET_C300M1B,TOPSIN_ET_lkg_CapFICM1,0.36567590851895454,0.9746109827899638,19883,207,False,True,False
FIC_ET_lkg_SY8_80,THIN_ET_TF_AB_2,0.3921559563269318,0.9741753730380439,4212,208,False,True,False
MEASURE_ET_C300M1B_0,TOPSIN_ET_lkg_CapFICM1,0.38790232379637885,0.9738200094921473,5695,209,False,True,False
MEASURE_ET_lkg_Cap1,TOPSIN_ET_C100CapUSV,0.3288591830717204,0.9737632013136484,62216,210,False,True,False
MEASURE_ET_DC_SEC_X_Vp_1_mA_mm_first_FPSD3p2,THIN_ET_lkg_5,0.35296265475730454,0.9733385120397361,32691,211,False,True,False
THIN_ET_Ran_con_1_OW_CR,THIN_ET_DC_RF_Vbgs_0p1,0.3598102823612617,0.9728308788389582,25558,212,False,True,False
MEASURE_ET_Cap1pf_0,THIN_ET_Rc_TF_AB_2,0.20997242283011944,0.9726518020853168,243614,213,False,True,False
FIC_ET_DC_RF_Vds_max,MEASURE_ET_DC_RF_Min_S21_Freq_L1018,0.15947681896377905,0.9726152594771778,406364,214,False,True,False
MEASURE_ET_DC_RF_CF_S22_Ph_L1018,TOPSIN_ET_C300_0,0.04558106514299141,0.9725628683058429,928969,215,False,True,False
SIN_ET_DC_PIV_Idss_QP1,TOPSIN_ET_DC_SMALL_Vbgd1,0.23220332400639823,0.9718142113547066,196044,216,False,True,False
MEASURE_ET_Rc_TF_AB_2,MEASURE_ET_DC_RF_Max_S11_Freq_L1018,0.16525784585785563,0.9713972425098732,385862,217,False,True,False
MEASURE_ET_lkg_SY07_10,TOPSIN_ET_lkg_C450pf,0.14327495128531897,0.9703939388714006,473314,218,False,True,False
MEASURE_ET_DC_SEC_Ids_max_ON,TOPSIN_ET_DC_SMALL_Vbgd1,0.25714333069712497,0.9703386648322544,152896,219,False,True,False
MEASURE_ET_LT_SEC_Ileak_m5p5V_mA_mm,THIN_ET_lkg_C200,0.08747060716119343,0.9701025064814011,752972,220,False,True,False
THIN_ET_lkg_100_at20V,THIN_ET_lkg_C200,0.11792919348027835,0.9698572360844847,593508,221,False,True,False
MEASURE_ET_USV_Cappf,TOPSIN_ET_Load_Pull_Id_ini,0.10521328041767522,0.9697555036027633,657059,222,False,True,False
MEASURE_ET_DC_SEC_Vgs_back_0p5V,TOPSIN_ET_lkg_C300,0.3433069807656198,0.9691724941066072,43793,223,False,True,False
TOPSIN_ET_Cap_USV,TOPSIN_ET_lkg_CapFICM1,0.35851642858182015,0.9690289691228342,26844,224,False,True,False
MEASURE_ET_C100CapFICM1,MEASURE_ET_RF_Modeling_Id_search,0.15738971833229173,0.96883396748727,414203,225,False,True,False
MEASURE_ET_C20_0,MEASURE_ET_C300pf_0,0.1326633561660047,0.9687556923906965,522308,226,False,True,False
MEASURE_ET_DC_RF_Vt_gs,MEASURE_ET_LT_SEC_Vbgd1_Vd3,0.28610366231947354,0.9679968365500387,114563,227,False,True,False
FIC_ET_Rc_f_hr_23,MEASURE_ET_Cap3pf_0,0.1515506529706964,0.9679761738915439,437362,228,False,True,False
MEASURE_ET_CapPARCAP_0,METAL1_Height_Metal1_metal_thickness,0.27192202983126623,0.9674639591721227,131432,229,False,True,False
MEASURE_ET_RF_Modeling_Gm_max_W,TOPSIN_ET_DC_RF_Idss,0.059114124935552445,0.9669555792416855,884419,230,False,True,False
ANODE_ET_Rc_an_ct2_OW_CR,MEASURE_ET_C300M1B,0.20627019458814458,0.9664393968411695,253661,231,False,True,False
SIN_ET_DC_RF_Vg_max_Vd,TOPSIN_ET_TR_1F,0.23198161233178444,0.9663659381473703,196467,232,False,True,False
MEASURE_ET_DC_RF_Imax,TOPSIN_ET_CapPARCAP_0,0.21996273951163778,0.9663128581039918,220177,233,False,True,False
MEASURE_ET_Rcat_cn_2,MEASURE_ET_DC_RF_Max_S11_Freq_L1018,0.09072923995137445,0.9656481283536528,735593,234,False,True,False
MEASURE_ET_RF_Modeling_Id_search,TOPSIN_ET_Cap1pf_0,0.15661096220137907,0.9651617903197917,417174,235,False,True,False
MEASURE_ET_lkg_C300pf,MEASURE_ET_DC_SEC_S_Vp_1_mA_mm_second_SD3p5,0.29868840543761926,0.9651590019929192,100361,236,False,True,False
THIN_ET_TF_AB_2,TOPSIN_ET_lkg_C385pf,0.36021284470849657,0.9650478804532546,25170,237,False,True,False
MEASURE_ET_Cap3pf_0,MEASURE_ET_DC_SEC_S_Ig_mAmm_at_Vg_cond_neg_SD3p5,0.08110445794665097,0.9625369290377838,786434,238,False,True,False
SIN_ET_DC_RF_Gm_0,TOPSIN_ET_DC_RF_Vg_gm_max,0.018153243195229037,0.9620869746284015,977268,239,False,True,False
MEASURE_ET_RF_Modeling_Vp_01_W,THIN_ET_Ran_con_2,0.07137058023988575,0.9619966558476318,833184,240,False,True,False
MEASURE_ET_DC_RF_CF_S12_Ph_L1018,MEASURE_ET_DC_SEC_X_Vp_1_mA_mm_first_FPSD3p2,0.12298132316411528,0.9616403810766193,568918,241,False,True,False
ANODE_ET_Rc_an_ct2_OW_CR,MEASURE_ET_DC_RF_CF_S11_Ph_L1002,0.17858369118935272,0.9615530299500307,341381,242,False,True,False
MEASURE_ET_lkg_C175pf,MEASURE_ET_DC_SEC_Vp_1mA,0.30453525757237015,0.9615364968497953,93624,243,False,True,False
MEASURE_ET_C100C300pf,TOPSIN_ET_Load_Pull_Id_ini,0.09894186753292034,0.961301538938769,690940,244,False,True,False
FIC_ET_Rc_OG142,TOPSIN_ET_C100Cap1pf,0.19375779473149635,0.9611470606008405,291601,245,False,True,False
CATHODE_ET_Rc_cat_ct2_OW_ST,TOPSIN_ET_Cap_USV,0.20033624582204348,0.9609210947489908,270863,246,False,True,False
MEASURE_ET_Vbkdn_CapBig,THIN_ET_DC_RF_Vbgs_0p1,0.34772723547244105,0.9605135269195466,38520,247,False,True,False
BRGM_ET_Rsh_F_AB_2,TOPSIN_ET_DC_RF_Vg_gm_max,0.03334374390431439,0.9599998305830362,956100,248,False,True,False
MEASURE_ET_R214,SIN_ET_DC_PIV_Idss_QP1,0.08169860255013726,0.9599481136874733,783420,249,False,True,False
MEASURE_ET_lkg_Cap1,TOPSIN_ET_DC_SMALL_Vp_1,0.34023373423010494,0.9596630884037505,47507,250,False,True,False
MEASURE_ET_C300M1B_0,MEASURE_ET_DC_RF_Max_S11_Ph_L2180,0.1831992004270535,0.9595284405528931,326225,251,False,True,False
THIN_ET_Ran_con_2,TOPSIN_ET_DC_RF_Vp_01,0.08467655053502464,0.9595268442379448,767814,252,False,True,False
FIC_ET_DC_RF_Vg_max_Vd,TOPSIN_ET_DC_RF_Vg_max_Vd,0.03943855716249335,0.9593032264392165,943912,253,False,True,False
FIC_ET_DC_RF_Id_gm_max,TOPSIN_ET_DC_RF_Vg_gm_max,0.051201767568596374,0.9585151353959319,912475,254,False,True,False
MEASURE_ET_lkg_Cap1,MEASURE_ET_DC_SEC_X_Vp_1_mA_mm_second_FPSD3p2,0.33389341630426816,0.9582098843188775,55716,255,False,True,False
FIC_ET_OHMC,MEASURE_ET_RF_Modeling_Fmax,0.061289142547018456,0.9579479722120785,875958,256,False,True,False
MEASURE_ET_C100CapFICM1,MEASURE_ET_Rcat_cn_1,0.18927073294686733,0.9578518820830207,306016,257,False,True,False
MEASURE_ET_lkg_CapFICM1,TOPSIN_ET_lkg_C450pf,0.0789812481994217,0.9574360909372657,797185,258,False,True,False
SIN_ET_DC_RF_Vp_1,TOPSIN_ET_lkg_C300,0.337114246615063,0.956906674008147,51409,259,False,True,False
MEASURE_ET_DC_SEC_Vp_1mA,SIN_GATE_ET_lkg_SY8_80,0.3957195097235825,0.9567045687295795,3268,260,False,True,False
MEASURE_ET_DC_SEC_X_Ig_cut1_mAmm_pos_FPSD3p2,THIN_ET_lkg_50_at20V,0.32547837142155805,0.9563556728350271,66586,261,False,True,False
MEASURE_ET_Cap2pf_0,TOPSIN_ET_Load_Pull_Id_ini,0.08503926795992328,0.9563057424670391,765938,262,False,True,False
FIC_ET_Gm_m2,TOPSIN_ET_DC_RF_Vg_gm_max,0.03691205954276373,0.956272600867317,949228,263,False,True,False
MEASURE_ET_lkg_C300FM1,TOPSIN_ET_C100CapUSV,0.3724869385569768,0.9558094749721048,14289,264,False,True,False
MEASURE_ET_Rc_f_hr_23,MEASURE_ET_DC_SEC_S_Ig_cut2_mAmm_neg_FPSD3p2,0.18443091835981199,0.955552783709022,322121,265,False,True,False
MEASURE_ET_LT_SEC_Ileak_m16p5V_mA_mm,TOPSIN_ET_lkg_C450pf,0.1329460342497678,0.9555298919617231,520959,266,False,True,False
CATHODE_ET_Rcat_cn_3_OW_ST,MEASURE_ET_Vbkdn_CapBig,0.1817782542023112,0.9553578067423121,330937,267,False,True,False
THIN_ET_R_f_tn_1,TOPSIN_ET_DC_RF_Vds_max,0.11599660766832579,0.9551760075991662,602876,268,False,True,False
MEASURE_ET_Cap2pf_0,TOPSIN_ET_lkg_CapFICM1,0.347681744041299,0.9550666903174495,38568,269,False,True,False
THIN_ET_TF_AB_2,TOPSIN_ET_lkg_C450pf,0.3967881309881874,0.9546843091620669,3024,270,False,True,False
MEASURE_ET_lkg_70_at20V,TOPSIN_ET_CapFICM1_0,0.3334964016405339,0.9543029971364521,56266,271,False,True,False
FIC_ET_lkg_SY07_10,TOPSIN_ET_lkg_CapFICM1,0.07627463382120282,0.9541670523972254,810437,272,False,True,False
MEASURE_ET_C100USV_Cappf,MEASURE_ET_Rcat_cn_1,0.19065974351088213,0.9540780339492676,301486,273,False,True,False
MEASURE_ET_lkg_100_at20V,TOPSIN_ET_lkg_Cap1,0.0742449046238322,0.9533595067517913,819998,274,False,True,False
MEASURE_ET_lkg_SY8_80,TOPSIN_ET_DC_SMALL_Vp_1,0.26757584315287253,0.9529337011458904,137395,275,False,True,False
MEASURE_ET_Cap1pf,MEASURE_ET_DC_SEC_X_Ig_cut3_mAmm_pos,0.07202090989771949,0.9526357451265689,830210,276,False,True,False
MEASURE_ET_C100,TOPSIN_ET_lkg_CapFICM1,0.37449385392065626,0.9521653416962232,12817,277,False,True,False
MEASURE_ET_DC_SMALL_Vg_gm_max,TOPSIN_ET_DC_RF_Vg_gm_max,0.051902713468375626,0.952153798782125,910231,278,False,True,False
MEASURE_ET_RF_Modeling_Id_search,TOPSIN_ET_Cap_USV,0.146886407279161,0.9516830259085131,457323,279,False,True,False
MEASURE_ET_DC_RF_Vbin_gs,THIN_ET_C100,0.20022524904529806,0.951393780534969,271199,280,False,True,False
BRGM_ET_lkg_C200,TOPSIN_ET_DC_RF_Vg_gm_max,0.03964226423519024,0.9511090300531888,943461,281,False,True,False
MEASURE_ET_DC_SEC_Vp_1mA,MEASURE_ET_RF_Modeling_Vth,0.09591485549104428,0.9510053095185018,707495,282,False,True,False
BRGM_ET_C200,TOPSIN_ET_Gm_max,0.14065732302090647,0.9508707621276691,485299,283,False,True,False
FIC_ET_lkg_5,MEASURE_ET_DC_Stress_Vp_before,0.303031551496181,0.9496886522870682,95411,284,False,True,False
MEASURE_ET_lkg_10,MEASURE_ET_lkg_C300,0.11209133175702173,0.9492267386736811,622167,285,False,True,False
MEASURE_ET_RF_Modeling_S21dB_10GHz,THIN_ET_Rc_f_tn_23,0.2601583747174356,0.9491759601742454,148398,286,False,True,False
MEASURE_ET_Rcat_cn_1,THIN_ET_C200,0.18649848477006428,0.9490912840833248,315224,287,False,True,False
MEASURE_ET_lkg_100,MEASURE_ET_DC_SEC_X_Vp_1_mA_mm,0.3261612147911569,0.9489646648832263,65691,288,False,True,False
THIN_ET_lkg_C200,TOPSIN_ET_lkg_C450pf,0.09396740327388983,0.9489569138237198,718033,289,False,True,False
FIC_ET_DC_RF_Vds_max,MEASURE_ET_DC_Big_Vg_gm_max,0.06027532606762974,0.9486371883170477,880015,290,False,True,False
MEASURE_ET_Rc_an_ct2,THIN_ET_C200,0.17119900932960402,0.948463199991174,365468,291,False,True,False
MEASURE_ET_C300FB_0,MEASURE_ET_lkg_70_at20V,0.2850322974293538,0.948253974551443,115757,292,False,True,False
MEASURE_ET_lkg_CapFICBRGM,TOPSIN_ET_TR_1F,0.15431165871625938,0.9480448891530228,426129,293,False,True,False
MEASURE_ET_USV_Cappf_0,THIN_ET_Rc_TF_AB_2,0.21260058628319076,0.948014578378183,237030,294,False,True,False
FIC_ET_sh_f_tn_23,MEASURE_ET_DC_SMALL_Vbin_gs,0.22899560975432962,0.9476728655162971,201958,295,False,True,False
MEASURE_ET_Cap2pf_0,MEASURE_ET_DC_SEC_X_Ids_max_norm_SD3p5,0.11274315252259529,0.9471165010145819,618906,296,False,True,False
THIN_ET_Cap_C300,TOPSIN_ET_lkg_CapFICM1,0.3496762640927127,0.947066871322454,36299,297,False,True,False
MEASURE_ET_R214,TOPSIN_ET_DC_SMALL_Vbgs1,0.25519465498063465,0.9460673722525975,155836,298,False,True,False
THIN_ET_lkg_100_at20V,TOPSIN_ET_lkg_CapPARCAP,0.10710720073506816,0.9459465291595115,647430,299,False,True,False
THIN_ET_lkg_5,TOPSIN_ET_lkg_Cap3,0.06134561011274334,0.9457380653965152,875747,300,False,True,False
TOPSIN_ET_lkg_C450pf,EBCR2_Ali_Litho_Gate_to_ohmic_alignment,0.4297957046810276,0.7856950050874394,113,1900,True,False,False
TOPSIN_ET_CapFICM1,TOPSIN_ET_lkg_SY07_10,0.4210649994499829,0.7784901148294939,271,2056,True,False,False
MEASURE_ET_Rc_OG144,TOPSIN_ET_DC_PIV_Drain_Lag_1,0.43469789957605864,0.7440507069461557,70,2941,True,False,False
MEASURE_ET_DC_SEC_X_Vp_1_mA_mm_first_FPSD3p2,THIN_ET_lkg_100_at20V,0.4202072075672172,0.7388752464730015,291,3093,True,False,False
MEASURE_ET_DC_SEC_X_Bin,TOPSIN_ET_DC_PIV_Drain_Lag_1,0.4305853862318913,0.7282546618194683,106,3482,True,False,False
MEASURE_ET_lkg_Cap_USV,TOPSIN_ET_CapFICM1,0.4237536552275107,0.6981538060252201,210,4809,True,False,False
MEASURE_ET_Rc_OG142_GN,THIN_ET_lkg_100_at20V,0.4552202447962422,0.6950037841330596,10,4985,True,False,False
SIN_GATE_ET_lkg_5,TOPSIN_ET_CapFICM1,0.4293780275424886,0.6770122511299428,118,6011,True,False,False
MEASURE_ET_Rc_OG142_GN,TOPSIN_ET_DC_PIV_Drain_Lag_1,0.4571835723539963,0.6706172229435456,4,6391,True,False,False
MEASURE_ET_Rc_OG142_GN,TOPSIN_ET_DC_PIV_Drain_Lag_0,0.4214338856089689,0.6622726359282617,266,6897,True,False,False
TOPSIN_ET_CapFICM1,TOPSIN_ET_DC_PIV_Drain_Lag_1,0.4240591655931412,0.6619946744381425,206,6918,True,False,False
MEASURE_ET_DC_RF_Gm_m0p2,TOPSIN_ET_lkg_C450pf,0.42698592920529876,0.6256862416114797,154,9955,True,False,False
CATHODE_ET_Rcat_cn_3_OW_ST,THIN_ET_lkg_100_at20V,0.43901154175853707,0.6140064395399533,40,11139,True,False,False
MEASURE_ET_DC_SMALL_Vp_01,THIN_ET_lkg_100_at20V,0.42034420471520384,0.5998455529305197,289,12800,True,False,False
MEASURE_ET_C300FB,TOPSIN_ET_DC_PIV_Drain_Lag_1,0.4217112375965898,0.5947263054867271,258,13470,True,False,False
FIC_ET_DC_RF_Ids_m0p2,TOPSIN_ET_lkg_C450pf,0.42262637490894767,0.5611916540278613,236,18490,True,False,False
THIN_ET_lkg_100_at20V,TOPSIN_ET_CapUSV_0,0.42401630464579376,0.5610591762164192,207,18512,True,False,False
MEASURE_ET_DC_SEC_Gm_0,THIN_ET_lkg_100_at20V,0.4252619230127422,0.554067377744654,182,19808,True,False,False
MEASURE_ET_DC_RF_S11ang_10GHz,SIN_GATE_ET_lkg_SY8_80,0.43355191797548476,0.5439783192544443,83,21812,True,False,False
THIN_ET_lkg_100_at20V,TOPSIN_ET_CapFICM1_0,0.43059914275502004,0.5399084787412295,105,22674,True,False,False
MEASURE_ET_Rc_cat_ct2,THIN_ET_lkg_100_at20V,0.4368046878582308,0.5398675839380959,57,22684,True,False,False
MEASURE_ET_DC_SEC_X_Ig_cut3_mAmm_pos,TOPSIN_ET_DC_PIV_Drain_Lag_1,0.4214961621151792,0.5343830601275895,265,23861,True,False,False
THIN_ET_DC_RF_Vg_optt3,TOPSIN_ET_lkg_C450pf,0.4260658442579198,0.5340975210684998,172,23907,True,False,False
MEASURE_ET_C300pf,THIN_ET_lkg_100_at20V,0.43480785815296163,0.5331089231645294,69,24172,True,False,False
MEASURE_ET_lkg_CapFICBRGM,TOPSIN_ET_lkg_C450pf,0.42231624396026884,0.5201569109740158,243,27329,True,False,False
FIC_ET_Rc_f_tn_23,TOPSIN_ET_DC_PIV_Drain_Lag_1,0.42638509549382275,0.5093629380646287,165,30143,True,False,False
THIN_ET_lkg_100_at20V,THIN_ET_DC_RF_Vg_optt3,0.42997707355201775,0.5055068744039634,111,31271,True,False,False
FIC_ET_DC_RF_Ids_m0p2,THIN_ET_lkg_100_at20V,0.4367223375726622,0.48752739382233273,58,36907,True,False,False
FIC_ET_Rc_f_hr_23,THIN_ET_lkg_100_at20V,0.4393485550359953,0.4846854818483064,39,37942,True,False,False
MEASURE_ET_Rc_OG142_GN,TOPSIN_ET_lkg_C450pf,0.44067161289538004,0.47947737292229153,34,39832,True,False,False
MEASURE_ET_DC_SEC_Idss,THIN_ET_lkg_100_at20V,0.42502853542490965,0.476909816356745,190,40786,True,False,False
THIN_ET_lkg_100_at20V,EBCR2_Ali_Litho_Gate_to_ohmic_alignment,0.438390033981063,0.4766785887003533,46,40890,True,False,False
THIN_ET_lkg_100_at20V,THIN_ET_Rc_OG142,0.4341869583730959,0.47198584882851263,74,42728,True,False,False
MEASURE_ET_DC_Diode_S11_dB_rev_9p5,TOPSIN_ET_DC_PIV_Drain_Lag_1,0.4266448960766813,0.4714769869454516,161,42943,True,False,False
MEASURE_ET_lkg_CapFICM1,THIN_ET_Rc_cat_ct2,0.42498461880259647,0.47022748688555394,191,43436,True,False,False
MEASURE_ET_DC_SEC_S_Vp_1_mA_mm_first_SD3p5,THIN_ET_lkg_100_at20V,0.4210541468709742,0.4686206161952714,272,44114,True,False,False
MEASURE_ET_DC_RF_S11ang_10GHz,TOPSIN_ET_lkg_C450pf,0.42493873589921355,0.4563602798247673,192,49456,True,False,False
MEASURE_ET_DC_SMALL_Ids_m0p2,TOPSIN_ET_DC_PIV_Drain_Lag_1,0.4314953414100726,0.4550020962750851,96,50092,True,False,False
TOPSIN_ET_OHMC,TOPSIN_ET_DC_PIV_Drain_Lag_1,0.4298819777265426,0.4535243548450843,112,50741,True,False,False
MEASURE_ET_lkg_10,MEASURE_ET_Rc_OG142_GN,0.4252079044551498,0.4525982678954206,185,51171,True,False,False
THIN_ET_lkg_100_at20V,TOPSIN_ET_CapPARCAP_0,0.44306329520936233,0.4475209430169978,26,53689,True,False,False
THIN_ET_lkg_100_at20V,THIN_ET_Rc_TF_AB_2,0.4400513765415771,0.44651028286263833,35,54194,True,False,False
SIN_GATE_ET_lkg_SY8_80,TOPSIN_ET_CapFICM1,0.4243145013817468,0.44453331755539544,200,55191,True,False,False
TOPSIN_ET_Gate_res,TOPSIN_ET_lkg_C450pf,0.42608136893859094,0.44168108763145303,170,56674,True,False,False
FIC_ET_DC_RF_Vp_1,TOPSIN_ET_DC_PIV_Drain_Lag_1,0.42916688432835975,0.43429508530462113,121,60628,True,False,False
THIN_ET_lkg_100_at20V,TOPSIN_ET_Load_Pull_Gain_comp_Last,0.4256819870651118,0.43221263523510156,177,61818,True,False,False
FIC_ET_lkg_SY8_80,FIC_ET_Rc_f_tn_23,0.42519786359582346,0.42877467270200725,186,63860,True,False,False
CATHODE_ET_Rcat_cn_3,TOPSIN_ET_DC_PIV_Drain_Lag_1,0.4287343212615601,0.4266402774263026,127,65169,True,False,False
THIN_ET_DC_RF_Gm_max,TOPSIN_ET_lkg_C450pf,0.4267907192274406,0.42355739509268886,159,67148,True,False,False
MEASURE_ET_DC_SEC_S_Ig_mAmm_at_Vg_cond_neg_FPSD3p2,TOPSIN_ET_lkg_C450pf,0.421541207079311,0.4171492654742438,263,71276,True,False,False
MESA_ET_Probe_Number,TOPSIN_ET_DC_PIV_Drain_Lag_1,0.4268438959296018,0.41549522837082153,158,72353,True,False,False
THIN_ET_Rc_f_tn_23,TOPSIN_ET_DC_PIV_Drain_Lag_1,0.42491242817467545,0.4147447450939878,193,72835,True,False,False
THIN_ET_C_AN_2,TOPSIN_ET_DC_PIV_Drain_Lag_1,0.42612343073297654,0.41198084839580046,169,74723,True,False,False
MEASURE_ET_Rcat_cn_1_OW_ST,THIN_ET_lkg_100_at20V,0.43350593995876174,0.40932474012561537,84,76554,True,False,False
MEASURE_ET_Rcat_cn_2_OW_ST,THIN_ET_lkg_100_at20V,0.4272251787399436,0.39879150392651336,152,84425,True,False,False
CATHODE_ET_Rcat_cn_3_OW_ST,TOPSIN_ET_lkg_C450pf,0.4387602482126643,0.39089368594488094,44,90823,True,False,False
MEASURE_ET_C300M1B_0,TOPSIN_ET_lkg_C450pf,0.4203223474605249,0.38811254288713587,290,93095,True,False,False
MEASURE_ET_Rc_cat_ct2_OW_ST,TOPSIN_ET_DC_PIV_Drain_Lag_1,0.4477159264508348,0.3879302039650015,19,93250,True,False,False
MEASURE_ET_CapUSV,THIN_ET_lkg_100_at20V,0.4338947721411973,0.3868059256029544,77,94211,True,False,False
MEASURE_ET_lkg_Cap_USV,MEASURE_ET_Rc_OG142_GN,0.4295245599095912,0.38483808358272387,117,95938,True,False,False
TOPSIN_ET_DC_PIV_Drain_Lag_1,BRGM_Height2_BRGM_Height2,0.42011784374598754,0.38291886770835226,295,97681,True,False,False
MEASURE_ET_lkg_Cap_USV,THIN_ET_Rc_f_hr_23,0.42327305472115956,0.3820285258202355,221,98498,True,False,False
FIC_ET_lkg_SY8_80,SIN_GATE_ET_Rc_an_ct2,0.4328051286826952,0.37989351593415693,87,100424,True,False,False
SIN_GATE_ET_lkg_SY8_80,SIN_GATE_ET_Rc_an_ct2,0.4251974755863128,0.3797476449977139,187,100556,True,False,False
MEASURE_ET_Rcat_cn_2,THIN_ET_lkg_100_at20V,0.4534581036619543,0.37963348003965597,11,100641,True,False,False
MEASURE_ET_C100CapPARCAP,MEASURE_ET_lkg_CapFICM1,0.42722702783570793,0.3781804894607554,151,102044,True,False,False
THIN_ET_lkg_100_at20V,THIN_ET_Rc_cat_ct2,0.45834666046947886,0.3765184883425716,2,103531,True,False,False
OHMIC_ET_OHMC,THIN_ET_lkg_100_at20V,0.42356953846019524,0.3763500153319608,214,103694,True,False,False
FIC_ET_DC_RF_Ids_m0p2,TOPSIN_ET_DC_PIV_Drain_Lag_1,0.42317013627393557,0.3749275191082688,222,105060,True,False,False
THIN_ET_lkg_100_at20V,TOPSIN_ET_DC_SMALL_Idss,0.4209522816522171,0.37471291277922447,275,105246,True,False,False
MEASURE_ET_CapPARCAP_0,THIN_ET_lkg_100_at20V,0.4262732221864685,0.3724227007820153,166,107506,True,False,False
MEASURE_ET_CapPARCAP_0,TOPSIN_ET_DC_PIV_Drain_Lag_1,0.4285561860091757,0.3682784596291557,129,111728,True,False,False
FIC_ET_lkg_SY8_80,THIN_ET_Rc_cat_ct2,0.4300483000088928,0.3660223772475673,109,114039,True,False,False
MaskSetSupplyChipsCount,TOPSIN_ET_DC_PIV_Drain_Lag_1,0.42351132585893436,0.3657554953598322,217,114340,True,False,False
THIN_ET_lkg_100_at20V,TOPSIN_ET_C100Cap3pf,0.42020629423870787,0.3644716520967018,292,115687,True,False,False
MEASURE_ET_DC_SEC_S_Vp_1_mA_mm_first_SD3p5,TOPSIN_ET_DC_PIV_Drain_Lag_1,0.4387839299994788,0.3629358558624297,42,117342,True,False,False
MEASURE_ET_DC_RF_Gm_m0p2,THIN_ET_lkg_100_at20V,0.4296483818260229,0.36290293647568705,114,117385,True,False,False
THIN_ET_Rc_cat_ct2,TOPSIN_ET_lkg_SY07_10,0.42510789085762035,0.36066518392244185,188,119750,True,False,False
TOPSIN_ET_CapFICM1,TOPSIN_ET_lkg_C450pf,0.43540963253987947,0.3601283183889711,66,120393,True,False,False
THIN_ET_lkg_100_at20V,TOPSIN_ET_DC_SMALL_n_gs,0.4223336712215653,0.3597298358457788,242,120811,True,False,False
SIN_GATE_ET_Rc_OG142_GN,THIN_ET_lkg_PAD_10,0.42160840623445134,0.3580062190511142,260,122691,True,False,False
MEASURE_ET_RF_Modeling_S11dB_10GHz,THIN_ET_lkg_100_at20V,0.4233641753222274,0.35789199539477046,220,122803,True,False,False
THIN_ET_lkg_100_at20V,THIN_ET_Rcat_cn_3,0.4394934243854387,0.35684545492353303,37,123976,True,False,False
MEASURE_ET_DC_RF_S11ang_26GHz_W,TOPSIN_ET_lkg_C450pf,0.42347839536673965,0.35559281674090176,219,125375,True,False,False
THIN_ET_Rc_OG142,TOPSIN_ET_DC_PIV_Drain_Lag_1,0.44719692019599117,0.3548473749854467,20,126170,True,False,False
MEASURE_ET_lkg_Cap_USV,MESA_ET_Probe_Number,0.42596767578722106,0.3545423296305952,175,126536,True,False,False
MEASURE_ET_C100CapPARCAP,TOPSIN_ET_DC_PIV_Drain_Lag_1,0.4492234163230466,0.35007886069002114,16,131621,True,False,False
TFRP_ET_Rc_TF_AB_2,TOPSIN_ET_DC_PIV_Drain_Lag_1,0.4389227630370845,0.34984038318107036,41,131927,True,False,False
SIN_GATE_ET_lkg_5,THIN_ET_Rc_cat_ct2,0.42011176666016675,0.3476150418894926,296,134491,True,False,False
MEASURE_ET_C300M1B_0,THIN_ET_lkg_100_at20V,0.43371958846072156,0.3475850810413462,79,134537,True,False,False
MEASURE_ET_C100C175pf,TOPSIN_ET_DC_PIV_Drain_Lag_1,0.433686917449569,0.3464040244033798,80,135859,True,False,False
THIN_ET_Rc_TF_AB_2,TOPSIN_ET_DC_PIV_Drain_Lag_1,0.43843808500804926,0.34447649498745603,45,138223,True,False,False
SIN_GATE_ET_Rc_an_ct2,THIN_ET_lkg_100_at20V,0.45555927873587404,0.3441434077958961,9,138631,True,False,False
THIN_ET_lkg_100_at20V,THIN_ET_DC_RF_Vds_max_0p1mA,0.4282537336126751,0.3435098682279473,133,139384,True,False,False
THIN_ET_sh_f_hr_23,TOPSIN_ET_DC_PIV_Drain_Lag_1,0.42522981891340944,0.3420948143758556,184,141204,True,False,False
TOPSIN_ET_Rc_OG144,TOPSIN_ET_DC_PIV_Drain_Lag_1,0.4483523706399195,0.342053387570691,17,141259,True,False,False
TOPSIN_ET_DC_PIV_Drain_Lag_1,THIN_Measure2_Thickness_after_grinding,0.4260779388434142,0.3417038379198776,171,141695,True,False,False
THIN_ET_Rc_f_hr_23,TOPSIN_ET_lkg_C450pf,0.44117965671064524,0.33954639786541796,30,144498,True,False,False
THIN_ET_lkg_100_at20V,TOPSIN_ET_Cap1pf,0.42188199868211634,0.33903576835517657,256,145181,True,False,False
MEASURE_ET_RF_Modeling_Fmax,TOPSIN_ET_DC_PIV_Drain_Lag_1,0.4208163755734005,0.33694408153892585,280,147848,True,False,False
THIN_ET_lkg_100_at20V,TOPSIN_ET_Rc_OG144,0.4286857030830501,0.3359958599919636,128,149088,True,False,False
FIC_ET_lkg_SY8_80,TFRP_ET_Rc_TF_AB_2,0.4204864397417259,0.33183045387391097,285,154648,True,False,False
MEASURE_ET_DC_RF2_S11ang_26GHz,TOPSIN_ET_DC_PIV_Drain_Lag_1,0.430976399574844,0.3292648204457395,101,158239,True,False,False
THIN_ET_lkg_100_at20V,TOPSIN_ET_CapPARCAP,0.4335525870595571,0.32514773394533686,82,163887,True,False,False
MEASURE_ET_DC_SEC_S_Ig_cut1_mAmm_neg_SD3p5,TOPSIN_ET_DC_PIV_Drain_Lag_1,0.43445828407476444,0.3249742317747644,72,164139,True,False,False
THIN_ET_Rcat_cn_1_OW_ST,TOPSIN_ET_DC_PIV_Drain_Lag_1,0.42888376191632127,0.3229967476962575,125,167013,True,False,False
TOPSIN_ET_C100CapPARCAP,TOPSIN_ET_DC_PIV_Drain_Lag_1,0.4271654396703433,0.3224521584828418,153,167758,True,False,False
MEASURE_ET_Rc_an_ct2,SIN_GATE_ET_lkg_SY8_80,0.42596555462584423,0.3195439329765208,176,172094,True,False,False
SIN_GATE_ET_Rc_OG142_GN,THIN_ET_lkg_100_at20V,0.434116757711818,0.31717573905480007,75,175779,True,False,False
MEASURE_ET_DC_SEC_Vgs_0p1V,TOPSIN_ET_DC_PIV_Drain_Lag_1,0.42693741005760494,0.31697298252571104,156,176075,True,False,False
MEASURE_ET_Rc_an_ct2,THIN_ET_lkg_100_at20V,0.4465949198825434,0.3164860187743988,21,176908,True,False,False
MEASURE_ET_C100CapPARCAP,SIN_GATE_ET_lkg_SY8_80,0.4312648623902303,0.3129846830404018,99,182515,True,False,False
MEASURE_ET_RF_Modeling_Id_search,THIN_ET_lkg_100_at20V,0.4205479582752333,0.3125123118991731,283,183271,True,False,False
CATHODE_ET_Rcat_cn_1,TOPSIN_ET_lkg_C450pf,0.4288473895071226,0.3111366233968785,126,185510,True,False,False
MEASURE_ET_RF_Modeling_Id_search,TOPSIN_ET_DC_PIV_Drain_Lag_1,0.42933532487463083,0.30920234295596355,120,188612,True,False,False
THIN_ET_Rc_OG142,TOPSIN_ET_lkg_C450pf,0.44092794264748003,0.3089453077803853,32,189067,True,False,False
MEASURE_ET_DC_SEC_X_Vp_1_mA_mm_first_SD3p5,TOPSIN_ET_lkg_C450pf,0.4222261328418873,0.3073423356448717,245,191816,True,False,False
THIN_ET_Rc_f_hr_23,TOPSIN_ET_DC_PIV_Drain_Lag_1,0.446330365225393,0.30606019410284024,24,193970,True,False,False
MEASURE_ET_Rc_cat_ct2_OW_ST,THIN_ET_lkg_100_at20V,0.4370703000258489,0.3055438395462553,55,194836,True,False,False
MEASURE_ET_C100CapPARCAP,THIN_ET_lkg_100_at20V,0.44317664981979166,0.3039151105620468,25,197612,True,False,False
MEASURE_ET_Rc_OG142_GN,SIN_GATE_ET_lkg_SY8_80,0.4241242047899689,0.30273204532101644,204,199587,True,False,False
FIC_ET_lkg_SY8_80,THIN_ET_Rc_f_hr_23,0.4219603419074847,0.3018279242685414,255,201143,True,False,False
THIN_ET_Rc_cat_ct2,TOPSIN_ET_lkg_C450pf,0.455678224483102,0.30078247156453836,8,202923,True,False,False
MEASURE_ET_DC_RF_Ft,THIN_ET_lkg_100_at20V,0.4224668125834413,0.2993385542434519,240,205387,True,False,False
MEASURE_ET_DC_Big_S11dB_10GHz,THIN_ET_lkg_100_at20V,0.4279052820236988,0.29926357889568106,137,205500,True,False,False
TOPSIN_ET_DC_PIV_Drain_Lag_1,TOPSIN_ET_DC_RF_Vg_max_Vd,0.43217328819719325,0.2985004644203091,91,206820,True,False,False
MEASURE_ET_DC_SEC_X_Ig_cut3_mAmm_pos_SD3p5,THIN_ET_lkg_100_at20V,0.42230073522842027,0.29701194946669746,244,209417,True,False,False
THIN_ET_lkg_100_at20V,TOPSIN_ET_CapFICM1,0.45051111715240305,0.29635402487057805,13,210596,True,False,False
MEASURE_ET_Rcat_cn_1_OW_ST,TOPSIN_ET_DC_PIV_Drain_Lag_1,0.4480864077802186,0.2962025629862556,18,210882,True,False,False
MEASURE_ET_DC_RF_S11ang_26GHz_W,THIN_ET_lkg_100_at20V,0.43046804607634803,0.2961377155834185,107,211005,True,False,False
MEASURE_ET_DC_RF_S22dB_26GHz_W,TOPSIN_ET_DC_PIV_Drain_Lag_1,0.42760054798434566,0.29527481708732467,140,212537,True,False,False
MEASURE_ET_Rc_TF_AB_2,THIN_ET_lkg_100_at20V,0.4371448862039672,0.2941423891821804,53,214569,True,False,False
ANODE_ET_Rsh_an_ct2,TOPSIN_ET_DC_PIV_Drain_Lag_1,0.4365878836574002,0.29395855293806333,60,214912,True,False,False
MESA_ET_Probe_Number,THIN_ET_lkg_100_at20V,0.437361218788431,0.2937325812183206,52,215322,True,False,False
TOPSIN_ET_CapPARCAP_0,TOPSIN_ET_DC_PIV_Drain_Lag_1,0.45599633670525974,0.29112082354275015,6,220241,True,False,False
MaskSetSupplyChipsCount,THIN_ET_lkg_100_at20V,0.4255856101199628,0.2887437591210144,178,224744,True,False,False
MEASURE_ET_DC_SEC_X_Id_at_Vboff_mA_mm_SD3p5,TOPSIN_ET_DC_PIV_Drain_Lag_1,0.427329075331454,0.2880191212658165,147,226078,True,False,False
MEASURE_ET_DC_Big_S11ang_10GHz,TOPSIN_ET_DC_PIV_Drain_Lag_1,0.4306698537355471,0.2864601253875439,104,229223,True,False,False
THIN_ET_Rsh_cat_c2_OW_ST,TOPSIN_ET_DC_PIV_Drain_Lag_1,0.42098295833598454,0.2844302046042235,274,233283,True,False,False
MEASURE_ET_Rc_OG144,TOPSIN_ET_lkg_C450pf,0.43197147241401707,0.28220781400261624,92,237641,True,False,False
MEASURE_ET_C100Cap3pf,THIN_ET_lkg_100_at20V,0.42007154729722807,0.28194364358965823,297,238177,True,False,False
MEASURE_ET_DC_SMALL_Vdg_max_0p1,THIN_ET_lkg_100_at20V,0.4200469707351047,0.28086045670126597,298,240347,True,False,False
MEASURE_ET_Rsh_cat_c2,TOPSIN_ET_DC_PIV_Drain_Lag_1,0.427843657024173,0.28012572600124463,139,241868,True,False,False
MEASURE_ET_Rcat_cn_2,TOPSIN_ET_lkg_C450pf,0.4366413025049691,0.2787879914794159,59,244612,True,False,False
MEASURE_ET_Cap3pf_0,THIN_ET_lkg_100_at20V,0.42368450763324705,0.2786781040839012,211,244817,True,False,False
MEASURE_ET_Rcat_cn_3,THIN_ET_lkg_100_at20V,0.43787974127698004,0.2775116651170102,49,247184,True,False,False
MEASURE_ET_DC_RF_S11ang_10GHz,THIN_ET_lkg_100_at20V,0.4272788094480605,0.27742917879651946,148,247362,True,False,False
MEASURE_ET_DC_RF_Id_Vbon_min,TOPSIN_ET_lkg_C450pf,0.42832765007016105,0.27716206189147624,131,247904,True,False,False
FIC_ET_lkg_SY8_80,MEASURE_ET_Rc_OG142_GN,0.42353880541516276,0.2769615195373176,215,248316,True,False,False
CATHODE_ET_Rc_cat_ct2_OW_ST,THIN_ET_lkg_100_at20V,0.4280019703643748,0.2742234286781424,136,254082,True,False,False
OHMIC_ET_OHMC,TOPSIN_ET_DC_PIV_Drain_Lag_1,0.43983618218466375,0.2714460160989812,36,260020,True,False,False
SIN_GATE_ET_lkg_SY8_80,THIN_ET_Rc_cat_ct2,0.43876622574610624,0.2698900870039697,43,263403,True,False,False
MEASURE_ET_DC_SEC_X_Ig_cut3_mAmm_neg_FPSD3p2,TOPSIN_ET_DC_PIV_Drain_Lag_1,0.42298552561430663,0.2677651842438285,232,268076,True,False,False
TOPSIN_ET_DC_PIV_Drain_Lag_1,TOPSIN_ET_DC_SMALL_Vdg_max,0.4253527513287832,0.2670235670894003,180,269755,True,False,False
MESA_ET_Probe_Number,TOPSIN_ET_lkg_C450pf,0.42695002511395824,0.2663839696499114,155,271185,True,False,False
CATHODE_ET_Rcat_cn_2,THIN_ET_lkg_100_at20V,0.4215728049120638,0.2653685762384388,262,273445,True,False,False
SIN_GATE_ET_Rc_OG142_GN,TOPSIN_ET_lkg_C450pf,0.44093318266752657,0.2652732993901243,31,273654,True,False,False
THIN_ET_lkg_100_at20V,THIN_ET_DC_RF_Gm_max,0.42379914617276254,0.26522769280501285,209,273750,True,False,False
CATHODE_ET_Rcat_cn_2,TOPSIN_ET_DC_PIV_Drain_Lag_1,0.45818811525898584,0.26186720507743333,3,281307,True,False,False
TFRP_ET_Rc_TF_AB_2,THIN_ET_lkg_100_at20V,0.4464723691164708,0.2611328146561396,23,283023,True,False,False
FIC_ET_lkg_SY8_80,MEASURE_ET_DC_SMALL_Imax,0.42215517344321135,0.26109598013241325,249,283113,True,False,False
TOPSIN_ET_CapPARCAP,TOPSIN_ET_DC_PIV_Drain_Lag_1,0.43820535312441317,0.25906833511522964,47,287788,True,False,False
THIN_ET_lkg_100_at20V,THIN_ET_Rcat_cn_2_OW_ST,0.4368583606449682,0.25703834965657024,56,292522,True,False,False
MEASURE_ET_DC_RF_Vt_gd,TOPSIN_ET_DC_PIV_Drain_Lag_1,0.42217346808677475,0.256645756995592,248,293466,True,False,False
THIN_ET_Rcat_cn_2,TOPSIN_ET_DC_PIV_Drain_Lag_1,0.4230684457355565,0.25640339597072653,226,294102,True,False,False
THIN_ET_Rcat_cn_2_OW_ST,TOPSIN_ET_DC_PIV_Drain_Lag_1,0.4289216682859014,0.25522161905285157,123,296950,True,False,False
THIN_ET_Rsh_cat_c2,TOPSIN_ET_DC_PIV_Drain_Lag_1,0.4229554875726642,0.2543811365818115,233,298947,True,False,False
FIC_ET_lkg_SY8_80,MEASURE_ET_Rcat_cn_1_OW_ST,0.43102091152267386,0.2528385255868901,100,302616,True,False,False
CATHODE_ET_Rcat_cn_3_OW_ST,TOPSIN_ET_DC_PIV_Drain_Lag_1,0.4272421450204636,0.2528010025089849,150,302716,True,False,False
MEASURE_ET_DC_RD_Vboff,TOPSIN_ET_DC_PIV_Drain_Lag_1,0.4220066230868696,0.25086816383008975,254,307392,True,False,False
THIN_ET_lkg_100_at20V,TOPSIN_ET_C300,0.42091418381165047,0.2505635225828082,276,308115,True,False,False
FIC_ET_lkg_SY8_80,FIC_ET_DC_RF_Ids_m0p2,0.42733782786004326,0.24948261377389186,146,310859,True,False,False
THIN_ET_Rcat_cn_1,TOPSIN_ET_DC_PIV_Drain_Lag_1,0.4230465035310438,0.24671791596724385,227,317836,True,False,False
MEASURE_ET_DC_RD_S12dB_18GHz,THIN_ET_lkg_100_at20V,0.4231447274643238,0.24659025005518576,224,318179,True,False,False
THIN_ET_TF_AB_1,TOPSIN_ET_DC_PIV_Drain_Lag_1,0.42455035534250335,0.24592834065307811,195,319893,True,False,False
CATHODE_ET_Rcat_cn_2,TOPSIN_ET_lkg_C450pf,0.4357851248749398,0.24567136610580775,64,320554,True,False,False
MEASURE_ET_DC_PIV_Drain_Lag_0,SIN_GATE_ET_Rc_an_ct2,0.42020626825437707,0.24467801562384078,293,323038,True,False,False
MEASURE_ET_VIA_KLV_2,TOPSIN_ET_lkg_C450pf,0.4226789618613067,0.24157999856849754,235,331137,True,False,False
THIN_ET_lkg_100_at20V,SIN_Thickness_SiN_Thickness,0.4236603462543565,0.24149615258768506,212,331372,True,False,False
MEASURE_ET_Rc_F_AB_2,THIN_ET_lkg_100_at20V,0.43084986338195574,0.24020693296643505,103,334872,True,False,False
THIN_ET_Rc_cat_ct2,TOPSIN_ET_DC_PIV_Drain_Lag_1,0.4523364264554336,0.24020301367254157,12,334882,True,False,False
MEASURE_ET_RF_Modeling_S22dB_10GHz,TOPSIN_ET_DC_PIV_Drain_Lag_1,0.42654612801185815,0.23996546346417238,164,335498,True,False,False
THIN_ET_Rc_TF_AB_2,TOPSIN_ET_lkg_C450pf,0.44992377889571356,0.23972787020139208,15,336107,True,False,False
TOPSIN_ET_Rc_OG142_GN,TOPSIN_ET_DC_PIV_Drain_Lag_1,0.4253051670137698,0.23862247929692393,181,339038,True,False,False
MEASURE_ET_R214,TOPSIN_ET_DC_PIV_Drain_Lag_1,0.4227130037494797,0.23777335519793585,234,341361,True,False,False
FIC_ET_Vp_1,TOPSIN_ET_DC_PIV_Drain_Lag_1,0.4241393376119914,0.23749755020568902,203,342128,True,False,False
MEASURE_ET_DC_SEC_X_Vg_at_I2_neg,TOPSIN_ET_DC_PIV_Drain_Lag_1,0.42428192940192294,0.23735463146061359,201,342487,True,False,False
OHMIC_ET_Rc_an_ct2,THIN_ET_lkg_100_at20V,0.45032427882503046,0.2372926471125589,14,342684,True,False,False
THIN_ET_lkg_100_at20V,THIN_ET_Ran_con_1,0.4224897691363552,0.23714681280498026,239,343087,True,False,False
THIN_ET_lkg_100_at20V,TOPSIN_ET_DC_SMALL_Vdg_max,0.4248819590378807,0.23607264133918066,194,345967,True,False,False
MEASURE_ET_CapPARCAP,TOPSIN_ET_DC_PIV_Drain_Lag_1,0.4413418288532957,0.2357344319031642,29,346938,True,False,False
MEASURE_ET_Load_Pull_Pout_W_last,TOPSIN_ET_DC_PIV_Drain_Lag_1,0.42221906621147637,0.23510355990343426,246,348647,True,False,False
TFRP_ET_Rc_TF_AB_2,TOPSIN_ET_lkg_C450pf,0.42544683499118663,0.23296348340942047,179,354394,True,False,False
MEASURE_ET_DC_RF_Gm_m0p2_W,THIN_ET_lkg_100_at20V,0.42438584385247746,0.2320523595431178,198,356862,True,False,False
THIN_ET_Rc_F_AB_2,TOPSIN_ET_DC_PIV_Drain_Lag_1,0.42738688392849106,0.2290345376155893,144,365298,True,False,False
MEASURE_ET_DC_RF2_S22ang_26GHz,THIN_ET_lkg_100_at20V,0.4274507397670786,0.22727332053894495,143,370313,True,False,False
MEASURE_ET_DC_RF_Imax_W,TOPSIN_ET_DC_PIV_Drain_Lag_1,0.4251012330689541,0.2271565387700961,189,370641,True,False,False
THIN_ET_Rsh_an_ct2,TOPSIN_ET_DC_PIV_Drain_Lag_1,0.43557282981640477,0.22662907349069167,65,372119,True,False,False
FIC_ET_Rc_f_hr_23,TOPSIN_ET_lkg_C450pf,0.43811381899994717,0.22554525273201656,48,375266,True,False,False
FIC_ET_Rc_OG142,THIN_ET_lkg_100_at20V,0.4235827618847695,0.22464464416094101,213,377860,True,False,False
MEASURE_ET_DC_SEC_X_Vg_at_I2_pos,TOPSIN_ET_DC_PIV_Drain_Lag_1,0.4274634877919131,0.22416085914295153,142,379243,True,False,False
SIN_GATE_ET_lkg_SY8_80,THIN_ET_Rc_f_hr_23,0.4262580773930016,0.22080079895102098,167,389071,True,False,False
MEASURE_ET_VIA_KLV_2,THIN_ET_lkg_100_at20V,0.4349699803545762,0.2206405278693013,67,389540,True,False,False
TOPSIN_ET_CapPARCAP_0,TOPSIN_ET_lkg_C450pf,0.45578615865427186,0.22036650967591395,7,390315,True,False,False
FIC_ET_Rc_f_tn_23,TOPSIN_ET_lkg_C450pf,0.4429845675658884,0.21783299059736497,27,397791,True,False,False
MEASURE_ET_DC_RF_Freq_cut_L1018,TOPSIN_ET_lkg_C450pf,0.41993065157707193,0.21723691690213637,300,399597,True,False,False
TOPSIN_ET_lkg_C450pf,TOPSIN_ET_Rc_OG144,0.4220980659199203,0.21700814196735385,250,400306,True,False,False
MEASURE_ET_Rcat_cn_3,TOPSIN_ET_lkg_C450pf,0.42110662528649545,0.2141498738272095,270,409003,True,False,False
THIN_ET_Rcat_cn_1_OW_ST,TOPSIN_ET_lkg_C450pf,0.42241634449830046,0.21172974838315398,241,416370,True,False,False
THIN_ET_lkg_100_at20V,BRGM_Height3_TOP_metal_thickness,0.4215954776241476,0.21127763506309416,261,417773,True,False,False
MEASURE_ET_lkg_CapFICM1,SIN_GATE_ET_Rc_an_ct2,0.42812520658498604,0.21078653380794302,135,419223,True,False,False
OHMIC_ET_Rsh_an_ct2,TOPSIN_ET_DC_PIV_Drain_Lag_1,0.4260372925391465,0.20935705256340822,174,423636,True,False,False
TOPSIN_ET_CapPARCAP,TOPSIN_ET_lkg_C450pf,0.43447562297264597,0.2059695358122212,71,434209,True,False,False
MEASURE_ET_Rcat_cn_1,THIN_ET_lkg_100_at20V,0.4295554950586595,0.2047899746651187,115,437986,True,False,False
SIN_GATE_ET_Rc_an_ct2,TOPSIN_ET_lkg_C450pf,0.4561844110324668,0.2044777091501822,5,438985,True,False,False
MEASURE_ET_Rc_cat_ct2,TOPSIN_ET_lkg_C450pf,0.43658015413499657,0.2042355547493786,61,439763,True,False,False
MEASURE_ET_DC_Stress_Vp_after,TOPSIN_ET_DC_PIV_Drain_Lag_1,0.42113176151869824,0.20248316427732369,269,445582,True,False,False
TOPSIN_ET_lkg_C450pf,TOPSIN_ET_DC_SMALL_Vdg_max,0.4199572486599614,0.20173799540640067,299,448031,True,False,False
OHMIC_ET_Rc_an_ct2,TOPSIN_ET_DC_PIV_Drain_Lag_1,0.4314903837901096,0.19927706581662644,97,456310,True,False,False
MEASURE_ET_Rcat_cn_1_OW_ST,TOPSIN_ET_lkg_SY07_10,0.4225040080471644,0.19837412424456463,238,459309,True,False,False
CATHODE_ET_Rcat_cn_2_OW_ST,TOPSIN_ET_DC_PIV_Drain_Lag_1,0.42908867128406913,0.19742280511362068,122,462529,True,False,False
MEASURE_ET_Rc_F_AB_2,TOPSIN_ET_DC_PIV_Drain_Lag_1,0.4319656442847876,0.19720741445386392,93,463251,True,False,False
MEASURE_ET_DC_RF_Gm_m0p2_W,TOPSIN_ET_lkg_C450pf,0.4203656307608203,0.19717361371424255,288,463370,True,False,False
THIN_ET_Rcat_cn_3,TOPSIN_ET_lkg_C450pf,0.43325142000714967,0.19673190139554445,86,464837,True,False,False
MEASURE_ET_DC_RF_Max_S11_Freq_L2180,TOPSIN_ET_DC_PIV_Drain_Lag_1,0.42170672407574605,0.19485724651623296,259,471075,True,False,False
CATHODE_ET_Rc_cat_ct2_OW_ST,TOPSIN_ET_DC_PIV_Drain_Lag_1,0.4349338924615974,0.19476714453770336,68,471367,True,False,False
CATHODE_ET_Rsh_cat_c2,TOPSIN_ET_DC_PIV_Drain_Lag_1,0.4279017578504204,0.19402769321389265,138,473943,True,False,False
THIN_ET_lkg_100_at20V,TOPSIN_ET_sh_GA144,0.42209445450032673,0.19323880155130324,251,476583,True,False,False
BRGM_ET_Probe_Number,TOPSIN_ET_DC_PIV_Drain_Lag_1,0.43155525192059135,0.19271073159487997,95,478363,True,False,False
MEASURE_ET_Rcat_cn_1_OW_ST,SIN_GATE_ET_lkg_SY8_80,0.4235093934127931,0.19211823908523462,218,480307,True,False,False
MEASURE_ET_Ran_con_3,THIN_ET_lkg_100_at20V,0.4295487568301698,0.19083424084021652,116,484770,True,False,False
MEASURE_ET_Rcat_cn_1,TOPSIN_ET_DC_PIV_Drain_Lag_1,0.43366930222921646,0.18934330950171968,81,489960,True,False,False
CATHODE_ET_Rsh_cat_c2,THIN_ET_lkg_100_at20V,0.42089632873138927,0.18841275043772035,277,493221,True,False,False
MEASURE_ET_lkg_CapFICM1,OHMIC_ET_Rc_an_ct2,0.42749890990604494,0.18562774114582428,141,502943,True,False,False
MEASURE_ET_Rc_OG144,THIN_ET_lkg_100_at20V,0.4337730214820299,0.18536029109243685,78,503919,True,False,False
MEASURE_ET_Rcat_cn_2,TOPSIN_ET_DC_PIV_Drain_Lag_1,0.4394416506783485,0.1849250707344564,38,505375,True,False,False
SIN_GATE_ET_Rc_an_ct2,TOPSIN_ET_DC_PIV_Drain_Lag_1,0.46974238553770514,0.18446274599442575,1,507065,True,False,False
FIC_ET_Rc_f_tn_23,THIN_ET_lkg_100_at20V,0.44089443093923203,0.1838595343327236,33,509225,True,False,False
MEASURE_ET_Rc_cat_ct2_OW_ST,TOPSIN_ET_lkg_C450pf,0.43782199143191664,0.1827602591524718,50,513140,True,False,False
MEASURE_ET_CapPARCAP,TOPSIN_ET_lkg_C450pf,0.4303321720511433,0.18274737505308983,108,513176,True,False,False
MEASURE_ET_Rc_an_ct2,TOPSIN_ET_lkg_C450pf,0.4416558747564635,0.18258186369747723,28,513758,True,False,False
MEASURE_ET_Rcat_cn_3_OW_ST,TOPSIN_ET_DC_PIV_Drain_Lag_1,0.4205719501155525,0.18178795761307665,282,516641,True,False,False
SIN_ET_Probe_Number,THIN_ET_lkg_100_at20V,0.4266224063674225,0.1809416310485706,162,519743,True,False,False
THIN_ET_R314,TOPSIN_ET_DC_PIV_Drain_Lag_1,0.4327581891069177,0.17948361449416597,88,524800,True,False,False
MEASURE_ET_Rc_an_ct2,TOPSIN_ET_DC_PIV_Drain_Lag_1,0.4334023677245679,0.1790015450663954,85,526600,True,False,False
SIN_GATE_ET_Rc_an_ct2,TOPSIN_ET_DC_PIV_Drain_Lag_0,0.42206557019689406,0.17711722886325632,253,533417,True,False,False
TOPSIN_ET_DC_PIV_Drain_Lag_1,BMETAL1_Height_Metal1_metal_thickness,0.4272441349113681,0.17654998946830439,149,535492,True,False,False
MEASURE_ET_Rc_an_ct2_OW_CR,TOPSIN_ET_lkg_C450pf,0.4230024500214534,0.17630568137194938,228,536352,True,False,False
THIN_ET_Rsh_an_ct2_OW_CR,TOPSIN_ET_DC_PIV_Drain_Lag_1,0.4231465770669292,0.17561714760884228,223,538818,True,False,False
MEASURE_ET_Rcat_cn_3,TOPSIN_ET_DC_PIV_Drain_Lag_1,0.42220625540063833,0.1746305434121972,247,542395,True,False,False
OHMIC_ET_Rc_an_ct2,SIN_GATE_ET_lkg_SY8_80,0.42133485601967524,0.1736334805313893,267,546186,True,False,False
OHMIC_ET_Rc_OG142,TOPSIN_ET_lkg_C450pf,0.4225649337950694,0.17333176540290368,237,547279,True,False,False
MEASURE_ET_RF_Modeling_ids_m0p2_W,TOPSIN_ET_DC_PIV_Drain_Lag_1,0.4343726766958857,0.17324080029362185,73,547608,True,False,False
MEASURE_ET_CapPARCAP,THIN_ET_lkg_100_at20V,0.429338673249446,0.17271961765576202,119,549589,True,False,False
TOPSIN_ET_DC_PIV_Drain_Lag_1,TOPSIN_ET_DC_SMALL_n_gs,0.421535529506845,0.1710134875665556,264,556007,True,False,False
THIN_ET_Rcat_cn_1,TOPSIN_ET_lkg_C450pf,0.4326004636287877,0.16917558611335926,89,562825,True,False,False
MEASURE_ET_DC_RF_Id_Vbon_min,THIN_ET_lkg_100_at20V,0.4229900841759463,0.16657495024458252,231,572610,True,False,False
MEASURE_ET_DC_SEC_S_Vg_at_I1_neg_SD3p5,TOPSIN_ET_DC_PIV_Drain_Lag_1,0.4313804980930391,0.16307485470028502,98,585869,True,False,False
MEASURE_ET_DC_SEC_S_Ig_cut2_mAmm_pos_SD3p5,TOPSIN_ET_DC_PIV_Drain_Lag_1,0.42308777735167896,0.16251779575867464,225,587868,True,False,False
MEASURE_ET_DC_SEC_S_Id_at_Vboff_mA_mm_SD3p5,TOPSIN_ET_DC_PIV_Drain_Lag_1,0.42399740857194673,0.15571679222502918,208,614066,True,False,False
MEASURE_ET_RGAN2,TOPSIN_ET_DC_PIV_Drain_Lag_1,0.4229939726186029,0.15538436030988148,230,615296,True,False,False
FIC_ET_lkg_SY8_80,MEASURE_ET_C100CapPARCAP,0.42654874772661294,0.1551588393800335,163,616168,True,False,False
SIN_GATE_ET_Rc_OG142_GN,TOPSIN_ET_DC_PIV_Drain_Lag_1,0.4260435954488356,0.15486004980743948,173,617338,True,False,False
MEASURE_ET_DC_RF2_S22dB_26GHz,TOPSIN_ET_lkg_C450pf,0.43408379461086954,0.14778334589900485,76,644859,True,False,False
MEASURE_ET_C100CapPARCAP,TOPSIN_ET_lkg_CapPARCAP,0.43708808813135563,0.14574438801987838,54,652849,True,False,False
MEASURE_ET_C100CapPARCAP,TOPSIN_ET_lkg_C450pf,0.4378149991376872,0.14398168583061707,51,659705,True,False,False
THIN_ET_lkg_100_at20V,TOPSIN_ET_Ids_m2,0.42050606157722104,0.1410821781020973,284,671213,True,False,False
MEASURE_ET_Rc_TF_AB_2,TOPSIN_ET_lkg_C450pf,0.42890233623066054,0.1345682970360551,124,696888,True,False,False
FIC_ET_Probe_Number,THIN_ET_lkg_100_at20V,0.42299815097862437,0.13432997786510606,229,697842,True,False,False
THIN_ET_lkg_100_at20V,THIN_ET_Rc_f_hr_23,0.4363466849738173,0.12943454351438002,62,717191,True,False,False
MEASURE_ET_DC_Stress_Id_stress_after,TOPSIN_ET_DC_PIV_Drain_Lag_1,0.4235237707399266,0.1256489071241066,216,731877,True,False,False
MEASURE_ET_DC_RF_Vbon_min,THIN_ET_lkg_100_at20V,0.42017261754438684,0.12540016806251864,294,732864,True,False,False
MEASURE_ET_DC_SEC_S_Ids_max_SD3p5,TOPSIN_ET_DC_PIV_Drain_Lag_1,0.4218139408317184,0.12217156757312886,257,745500,True,False,False
MEASURE_ET_C100C175pf,THIN_ET_lkg_100_at20V,0.4240717589902143,0.12203323331961737,205,746029,True,False,False
MEASURE_ET_RF_Modeling_ids_m0p2_W,THIN_ET_lkg_100_at20V,0.42688419506986186,0.11963764511339305,157,755140,True,False,False
THIN_ET_lkg_100_at20V,THIN_ET_Rcat_cn_1,0.4283005873995341,0.11890861001203158,132,758015,True,False,False
MEASURE_ET_Rcat_cn_1_OW_ST,TOPSIN_ET_lkg_C450pf,0.43588130062317326,0.11870571763043929,63,758826,True,False,False
MEASURE_ET_Rc_F_AB_2,TOPSIN_ET_lkg_C450pf,0.4212382661948933,0.11573519676744042,268,770201,True,False,False
FIC_ET_Rc_OG142,TOPSIN_ET_DC_PIV_Drain_Lag_1,0.430010113327347,0.11456032632918883,110,774695,True,False,False
MEASURE_ET_Rcat_cn_1,TOPSIN_ET_lkg_C450pf,0.4273500380802007,0.11443828164402409,145,775155,True,False,False
TOPSIN_ET_DC_PIV_Drain_Lag_1,BRIDGE_METAL_Height_Final_TOP_metal_thickness,0.42612377005492535,0.11232484922801826,168,783177,True,False,False
MEASURE_ET_Load_Pull_Gss,TOPSIN_ET_DC_PIV_Drain_Lag_1,0.42436806778652825,0.11209966759098514,199,783994,True,False,False
FIC_ET_Probe_Number,TOPSIN_ET_DC_PIV_Drain_Lag_1,0.42854846642660616,0.11110444375650369,130,787823,True,False,False
THIN_ET_lkg_100_at20V,TOPSIN_ET_Rc_OG142_GN,0.4204820318434999,0.1050683048833358,286,810570,True,False,False
SIN_GATE_ET_lkg_SY8_80,TFRP_ET_Rc_TF_AB_2,0.4252462665917714,0.10452989757112356,183,812545,True,False,False
FIC_ET_Bad_Gates,TOPSIN_ET_DC_PIV_Drain_Lag_1,0.43240127779900644,0.09909252094583344,90,832253,True,False,False
MEASURE_ET_Rc_TF_AB_2,TOPSIN_ET_DC_PIV_Drain_Lag_1,0.43085980187677714,0.09857792138006483,102,834070,True,False,False
MEASURE_ET_DC_SMALL_Vp_1,TOPSIN_ET_DC_PIV_Drain_Lag_1,0.42453934241902036,0.09826828402237933,196,835172,True,False,False
MEASURE_ET_DC_SEC_X_Vg_at_I1_pos_FPSD3p2,TOPSIN_ET_DC_PIV_Drain_Lag_1,0.4209844566040511,0.09691465821002979,273,839972,True,False,False
TOPSIN_ET_R_f_hr_2,TOPSIN_ET_DC_PIV_Drain_Lag_1,0.4317630709095444,0.09345972859295434,94,851737,True,False,False
THIN_ET_lkg_100_at20V,BFIC_Height_FIC_metal_thickness,0.4208485449526779,0.0911774714291687,278,859424,True,False,False
MEASURE_ET_Rc_OG142,TOPSIN_ET_DC_PIV_Drain_Lag_1,0.426734841156125,0.08369900070560364,160,883336,True,False,False
MEASURE_ET_RF_Modeling_ids_m0p2_W,TOPSIN_ET_lkg_C450pf,0.42083302592172445,0.08106527060896322,279,891182,True,False,False
MEASURE_ET_C100CapPARCAP,TOPSIN_ET_lkg_SY07_10,0.42416652248612696,0.0799932430829003,202,894446,True,False,False
THIN_ET_DC_RF_Vp_01,TOPSIN_ET_DC_PIV_Drain_Lag_1,0.422093637217943,0.06206564597555912,252,940252,True,False,False
THIN_ET_lkg_100_at20V,TOPSIN_ET_KLV_F_AB_4u,0.4207742722220762,0.05983229175000053,281,944876,True,False,False
OHMIC_ET_Rc_an_ct2,TOPSIN_ET_lkg_C450pf,0.4465419019200753,0.0589914756550498,22,946546,True,False,False
SIN_GATE_ET_lkg_SY8_80,THIN_ET_Rcat_cn_3,0.4244063698450513,0.057115352133318795,197,950088,True,False,False
THIN_ET_lkg_100_at20V,THIN_Measure2_Thickness_after_grinding,0.4203659826006289,0.0570475432361843,287,950217,True,False,False
MEASURE_ET_DC_RF2_S22dB_26GHz,THIN_ET_lkg_100_at20V,0.4281553776852261,0.05676282150757447,134,950724,True,False,False
