,0
MEASURE_ET_lkg_50_at20V,0.31035314891581456
MEASURE_ET_DC_Stress_Id_stress_before,0.16187526460090754
TOPSIN_ET_C100Cap1pf,0.15273113516810288
THIN_ET_lkg_10,0.11546243924310208
TOPSIN_ET_DC_PIV_Drain_Lag_0,0.10058842101866813
MEASURE_ET_ABVIETCH,0.09418135408137665
MEASURE_ET_DC_Big_S12dB_10GHz,0.08752380642530218
TOPSIN_ET_Rc_f_tn_23,0.08168233952381371
MEASURE_ET_DC_SMALL_Ids_m0p2,0.06084297794452886
OHMIC_ET_Rsh_an_ct2,0.058634043001441434
MEASURE_ET_DC_RF2_S22dB_26GHz,0.04873196268739822
ANODE_ET_Rc_an_ct2_OW_CR,0.048514214051752595
FIC_ET_DC_RF_Vbgs_0p01,0.0484329922537513
MEASURE_ET_DC_RF_K_W,0.043449878448522244
SIN_ET_DC_RF_Vbin_gs,0.042879957640073636
MEASURE_ET_DC_RF_CF_S12_Mag_L1002,0.042744187629955285
MEASURE_ET_DC_RF2_MAG_26GHz,0.040614025675014445
TOPSIN_ET_C100Cap2pf,0.037574448996809555
MEASURE_ET_CapPARCAP_0,0.036099219165073804
CATHODE_ET_Rcat_cn_2,0.033928610950239385
MEASURE_ET_LT_SEC_Ileak_m5p5V_mA_mm,0.03166239444208571
THIN_ET_TF_AB_1,0.031563623486827064
MEASURE_ET_C200_0,0.028286352502564695
MEASURE_ET_LT_SEC_Ileak_m10p5V_mA_mm,0.026997376181168816
TOPSIN_ET_lkg_5,0.025398881361181815
MEASURE_ET_RF_Modeling_S21_25G_Before,0.0253144871345762
TOPSIN_ET_R_f_hr_3,0.024850933317723943
TOPSIN_ET_Cap3pf_0,0.024272769302119402
MEASURE_ET_Rc_an_ct2_OW_CR,0.023862053452660535
THIN_ET_lkg_100_at20V,0.022923411627620106
SIN_ET_lkg_SY07_10,0.02222976185344898
FIC_ET_Probe_Number,0.021839404831443653
MEASURE_ET_DC_Big_Vg_optt2,0.020872688632372377
MEASURE_ET_VIA_KLV,0.020731385424013125
FIC_ET_G_per_25,0.020364959933618695
MaskSetSupplyChipsCount,0.01999301089430037
MEASURE_ET_DC_Diode_Rs_9p5,0.018184445264385993
TOPSIN_ET_DC_SMALL_Vbgd_0p1,0.016768871495480293
MEASURE_ET_DC_RF_Min_S21_Freq_L1018,0.016331468169628164
TOPSIN_ET_R414,0.0156474936565222
MEASURE_ET_DC_Diode_S11_dB_forw,0.015345537925334192
FIC_ET_Bad_Gates,0.014903416483726138
MEASURE_ET_DC_Stress_Id_max_Ig_after,0.014547856387913938
MEASURE_ET_HIRS,0.013824054563259101
MEASURE_ET_DC_RF_CF_S21_Mag_L1018,0.013062825987955952
THIN_ET_i5021_2,0.01291555719215353
MEASURE_ET_DC_RD_Vg_Vbon_min,0.012897284089813039
MEASURE_ET_DC_RF2_S21ang_26GHz,0.012779456561517305
TOPSIN_ET_lkg_C450pf,0.012742814685219993
TOPSIN_ET_Cap3pf,0.012443475367527924
MEASURE_ET_R_f_tn_1,0.01232595283064478
MEASURE_ET_DC_SEC_X_Ig_cut1_mAmm_pos_FPSD3p2,0.012152937797426827
MEASURE_ET_DC_SEC_X_Ids_max_norm_FPSD3p2,0.012124678875625274
MEASURE_ET_Rc_cat_ct2,0.01188605807860805
MEASURE_ET_RGAN2,0.011590378150633305
TOPSIN_ET_DC_RF_Vds_max,0.01151582675419459
MEASURE_ET_USV_Cappf,0.011092897578348752
MEASURE_ET_RF_Modeling_S21_19G_After,0.010968187019145967
MEASURE_ET_DC_Big_Vg_max_Vd_0p1mA,0.010917375319373944
MEASURE_ET_LT_SEC_Vbgd1_Vd7,0.010785580073082869
FIC_ET_sh_f_tn_23,0.01061983104529197
THIN_ET_Rc_an_ct2_OW_CR,0.010613211484971515
TOPSIN_ET_lkg_C300pf,0.010009996939665321
TOPSIN_ET_CapFICM1,0.009558938429613438
MEASURE_ET_DC_SEC_X_Ig_mAmm_at_Vg_cond_neg,0.009368991668501601
TOPSIN_ET_Load_Pull_P.A.E_Last,0.009291612874633703
MEASURE_ET_DC_RF_S11ang_26GHz,0.009176558997105344
MEASURE_ET_DC_RF_Min_S21_Freq_L1002,0.008957641026225868
OHMIC_ET_Rc_an_ct2,0.008909074244120857
BackEndYield,0.00884558610042386
MEASURE_ET_DC_RF_Vg_Vbon_min,0.008774721200417139
THIN_ET_Rc_OG142,0.00872114653887276
FIC_ET_DC_RF_Vbgs_0p1,0.008686045933691666
MEASURE_ET_RGAN1,0.008574785929717839
MEASURE_ET_DC_SEC_X_Ig_cut1_mAmm_pos,0.008545457986425822
MEASURE_ET_CapPARCAP,0.008478679323339124
TOPSIN_ET_C100CapPARCAP,0.008395530681749842
MEASURE_ET_LT_SEC_Ileak_m9p5V_mA_mm,0.00827733464555498
MEASURE_ET_DC_SEC_X_Id_plus_Ig_at_Vboff_mA_mm_FPSD3p2,0.007895710052892873
MEASURE_ET_DC_RF_Vt_gd,0.007744616770771066
MEASURE_ET_DC_SEC_X_Id_plus_Ig_at_Vboff_mA_mm,0.0077154695631532514
THIN_ET_sh_f_hr_23,0.00761389611733091
MEASURE_ET_DC_RF_Max_S11_Mag_L2180,0.00745595581720222
MEASURE_ET_DC_RF_Vbin_gs,0.007364223217524851
THIN_ET_DC_RF_Vg_optt1,0.007338629115472907
TOPSIN_ET_DC_RF_Gm_max,0.007237060876788288
FIC_ET_Gm_max,0.007220769027658298
MEASURE_ET_DC_RF2_S11ang_26GHz,0.007193001028660766
MEASURE_ET_DC_SEC_Ids_min_ON,0.007146643135362201
TOPSIN_ET_C300_0,0.007107442358194039
THIN_ET_Rcat_cn_1,0.006941544847743975
TOPSIN_ET_DC_RF_Vt_gd,0.006887359934488069
MEASURE_ET_DC_SEC_X_Id_at_Vboff_mA_mm_SD3p5,0.006869436163906979
MEASURE_ET_RF_Modeling_S12ang_10GHz,0.006792044829134253
MEASURE_ET_C300FM1_0,0.00677677587963024
MEASURE_ET_C100CapPARCAP,0.006715661201552258
MEASURE_ET_Load_Pull_GL_set,0.006652246147192804
MEASURE_ET_DC_SEC_S_Id_mA_mm_at_Vg1_FPSD3p2,0.006621473885174036
MEASURE_ET_DC_SEC_S_Ig_cut1_mAmm_neg_SD3p5,0.0065417442414980286
THIN_ET_Rcat_cn_1_OW_ST,0.006519073673520408
MEASURE_ET_Cap2pf_0,0.006509019943570458
TOPSIN_ET_Vds_max,0.006489279763917755
MEASURE_ET_DC_SEC_X_Ig_cut2_mAmm_neg,0.006431331735787157
MEASURE_ET_Vbkdn_Cap100_Long,0.00629359442237754
MEASURE_ET_RF_Modeling_Mag_i,0.006275345435188825
TOPSIN_ET_CapUSV_0,0.0062672317175907375
MaskSetName_MS_A,0.006214371185867748
MEASURE_ET_DC_RF_S21ang_26GHz_W,0.006212398773009078
ANODE_ET_Rc_an_ct2,0.0062034755974763565
TOPSIN_ET_DC_SMALL_Vt_gs,0.006194818658969
FIC_ET_DC_RF_Vg_max_Vd_0p1mA,0.006161900579890878
MEASURE_ET_RF_Modeling_Lg,0.0060882652694993445
MEASURE_ET_LT_SEC_Vd_Id_min_Vd7,0.006028440651326464
GATE2_CD_Gate_Leg_Length,0.005867414593010964
TOPSIN_ET_Load_Pull_PhL_meas,0.0058273396681734705
MEASURE_ET_DC_RF_Vbgs_0p01,0.00579221228065504
MEASURE_ET_DC_RF_S22dB_26GHz,0.00577825530915697
TOPSIN_ET_Load_Pull_IG_comp_Last_uA,0.005742008716042204
SIN_GATE_ET_lkg_SY8_80,0.005614103679268169
THIN_ET_DC_RF_Vds_max_0p1mA,0.0055436294681642925
MEASURE_ET_DC_SEC_S_Id_mA_mm_at_Vg3_SD3p5,0.00553646262827294
MEASURE_ET_Cap3pf_0,0.005501203500515424
MEASURE_ET_DC_Big_S11dB_10GHz,0.005403627151414089
MEASURE_ET_DC_RF_Vboff,0.005324716661894997
MEASURE_ET_DC_Big_S21ang_10GHz,0.005255187563466755
THIN_ET_DC_RF_Vbgs_0p01,0.005250762302785055
MEASURE_ET_DC_RF_Max_S11_Ph_L2180,0.0052095777090385665
FIC_ET_DC_RF_Vbgs1,0.005150860218414662
MEASURE_ET_DC_SEC_X_Ids_max_FPSD3p2,0.005142192629965311
MEASURE_ET_Rc_cat_ct2_OW_ST,0.005126615314063055
MEASURE_ET_DC_RF_CF_S11_Ph_L2180,0.005122334011473376
MEASURE_ET_DC_PIV_Ids0_QP1,0.005112618220217523
MEASURE_ET_DC_RF_S11dB_26GHz_W,0.005075921625327276
SIN_GATE_ET_Rc_an_ct2,0.0050579946855747
MEASURE_ET_DC_RF_S12ang_10GHz,0.005042014370642068
MEASURE_ET_C385pf,0.005038090182570398
MaskSetName_MS_D,0.005023771500520936
MEASURE_ET_DC_SEC_X_Vboff_Id,0.0049406918053929135
MEASURE_ET_DC_SEC_Vgs_0p1V,0.0048306346655105446
MEASURE_ET_DC_Diode_S11_dB_rev,0.0048215264902932075
TOPSIN_ET_R_f_hr_2,0.004782950379093924
MEASURE_ET_C300FB_0,0.004773795588491487
MEASURE_ET_DC_Big_Vg_max_Vd,0.004763671281288099
MEASURE_ET_Rc_an_ct2,0.004761543648652229
TOPSIN_ET_Load_Pull_Pin_Last,0.0047235200828665
CHRE_Ali_Litho_Channel_to_Ohmic_Alignment,0.004702556074807102
TOPSIN_ET_sh_f_hr_23,0.004701213814172797
MEASURE_ET_lkg_70_at20V,0.004684599075387597
MEASURE_ET_DC_PIV_Idss_QP1,0.004633385500067008
MEASURE_ET_Load_Pull_ID_comp_Last_mA,0.004586016843714408
MEASURE_ET_DC_RD_K,0.004442186174479359
MEASURE_ET_lkg_C500pf,0.004430865272386377
MEASURE_ET_RF_Modeling_Cgd_err,0.004417811146468597
TOPSIN_ET_DC_RF_Idss,0.004360931357538276
MEASURE_ET_DC_Big_Vg_optt1,0.004355315575487065
MEASURE_ET_C100C300pf,0.004346412651000365
MEASURE_ET_C_AN_2_OW_CR,0.004340272649363315
OHMIC_ET_sh_GA142,0.004307348085393796
MEASURE_ET_DC_RF_Vbon_min,0.0042967467681691955
MEASURE_ET_DC_SEC_X_Vg_at_I3_pos,0.004283467610539002
MEASURE_ET_DC_RF_S11ang_26GHz_W,0.00424948431591493
TOPSIN_ET_Load_Pull_Gain_comp_Last,0.00424416520136746
MEASURE_ET_C100,0.004198064768394326
MEASURE_ET_RF_Modeling_Ft,0.0041756246713900965
TOPSIN_ET_sh_f_tn_23,0.004156114117209389
THIN_ET_Ran_con_1_OW_CR,0.004138665465272143
THIN_ET_KLV_F_AB_4u,0.004065550316153216
MEASURE_ET_C100CapFICBRGM,0.004064770099932701
FIC_ET_DC_RF_Vdg_max_0p1mA,0.004027610453263732
SIN_ET_DC_RF_Vp_1,0.003952574387930395
TOPSIN_ET_lkg_C385pf,0.0039244151221524415
MEASURE_ET_DC_PIV_Drain_Lag_Idss,0.0039054239761142705
MEASURE_ET_DC_RF_Vbgs_0p1,0.003900506087884493
MEASURE_ET_RF_Modeling_S22ang_10GHz,0.00389366948996075
MEASURE_ET_RF_Modeling_S22dB_10GHz,0.0038882550328162273
MEASURE_ET_DC_RF_Min_S21_Ph_L1002,0.003887739554863492
MEASURE_ET_RF_Modeling_R_Gs,0.0038871173923958587
MEASURE_ET_DC_RF_Max_S11_Ph_L1002,0.003882777933286267
MEASURE_ET_C300FB,0.0038637751632466417
MEASURE_ET_DC_SEC_S_Vg_at_I3_pos_FPSD3p2,0.0038558129670588854
MEASURE_ET_DC_Big_S22ang_10GHz,0.0038488301961464516
MEASURE_ET_C300,0.0038454416516848235
TOPSIN_ET_Vdg_max,0.0038356821702999633
SIN_GATE_ET_RGAN2,0.0038339345161069525
MEASURE_ET_R_f_hr_3,0.00379308249911016
TOPSIN_ET_C100Cap3pf,0.003792140462981644
TOPSIN_ET_Gate_res,0.003786837454091778
MEASURE_ET_C_CAT_2,0.003786218974272096
ANODE_ET_Ran_con_2_OW_CR,0.0037687973588624293
MEASURE_ET_DC_SEC_S_Vg_at_I1_neg_FPSD3p2,0.003720318646869662
TOPSIN_ET_DC_SMALL_Vbgs_0p1,0.003709866611128109
MEASURE_ET_DC_SEC_X_Vg_at_I1_pos_SD3p5,0.003703109450658768
VIYield,0.0036733634942031266
OHMIC_ET_OHMC,0.003653260608660763
MEASURE_ET_DC_SEC_S_Ig_cut3_mAmm_neg_SD3p5,0.003651733381795971
MEASURE_ET_DC_SEC_S_Id_at_Vboff_mA_mm_FPSD3p2,0.0036198389570504265
MEASURE_ET_DC_SEC_X_Ids_max,0.0035572182669416767
TOPSIN_ET_DC_SMALL_Vds_max,0.00354351526310778
MEASURE_ET_DC_SEC_S_Vg_at_I2_neg_SD3p5,0.003484540464911019
TOPSIN_ET_DC_SMALL_Vds_max_0p1,0.0034722872742640877
MEASURE_ET_Cap_C300,0.00347037380511539
MEASURE_ET_DC_RF_Min_S21_Ph_L1018,0.00345784586007
FIC_ET_Gm_m2,0.003441920140781145
THIN_ET_C20_0,0.0034003668127989377
MEASURE_ET_DC_SEC_X_Vg_at_I2_neg,0.0033955010059969794
TOPSIN_ET_lkg_Cap_USV,0.0033914579483588507
MEASURE_ET_DC_RF_CF_S12_Ph_L1018,0.0033845208496945957
TOPSIN_ET_R_f_tn_3,0.003373199969093406
TOPSIN_ET_DC_RF_Vg_max_Vd,0.0033412850238408315
MEASURE_ET_C20_0,0.003341249371120696
MEASURE_ET_Rcat_cn_2,0.0033348416926832717
FIC_ET_Rc_OG142,0.003287519563987212
FIN_FIN_Alignment_FIN_to_ohmic_alignment,0.0032829922842513024
MEASURE_ET_Rc_OG142_GN,0.003206520109481085
MEASURE_ET_LT_SEC_Id_min_mA_mm_Vd8,0.003194305058085908
SIN_GATE_ET_sh_GA144,0.0031779093822143453
BRGM_ET_Rsh_F_AB_2,0.00314112917915873
MEASURE_ET_DC_SEC_S_Ig_cut3_mAmm_pos_SD3p5,0.0031325740777117133
MEASURE_ET_DC_RF_CF_S11_Ph_L1018,0.0031031174499144484
ANODE_ET_Ran_con_1,0.0030787024922798068
MEASURE_ET_i5021_1,0.0030703132810019564
MEASURE_ET_DC_RF_S11dB_26GHz,0.0030281465428703357
MEASURE_ET_C385pf_0,0.0029988231098787618
TOPSIN_ET_DC_RF_Vp_01,0.002967104673797532
THIN_ET_Rc_TF_AB_2,0.0029324740432549066
MEASURE_ET_DC_SMALL_Vboff,0.0029020169562310517
MEASURE_ET_DC_RF_S12dB_10GHz,0.002890293936712455
FIC_ET_C200_0S1,0.002866945481508155
TOPSIN_ET_Rc_f_hr_23,0.002841018744133181
TOPSIN_ET_Ids_m2,0.0028359585259287484
MESA_Height_Mesa_Height,0.0028283394382440253
TOPSIN_ET_C100C500pf,0.0028094364455792903
FIC_ET_DC_PIV_Ids1_QP3,0.002808472957667647
MEASURE_ET_DC_RD_S11ang_18GHz,0.0028002932398602004
MEASURE_ET_DC_RF_S22dB_26GHz_W,0.0027986925168103447
TOPSIN_ET_Load_Pull_GL_meas,0.002792808576709086
MEASURE_ET_R414,0.002754674250130411
MEASURE_ET_RF_Modeling_Fmax,0.0027443258603850277
MEASURE_ET_LT_SEC_Vd_Id_min_Vd3,0.002742108157494842
MEASURE_ET_DC_SEC_S_Ids_max,0.0027334624985799827
MEASURE_ET_DC_SEC_X_Ig_cut1_mAmm_neg,0.002655581642609105
MEASURE_ET_DC_SEC_S_Ig_cut2_mAmm_pos_SD3p5,0.002653909323060364
TOPSIN_ET_DC_SMALL_Vdg_max,0.0026533233580860235
MEASURE_ET_DC_SEC_Ids_max_ON,0.002650235544461923
TOPSIN_ET_sh_GA144,0.002644217621302192
TOPSIN_ET_DC_RF_Vbin_gs,0.0026395608236643056
MEASURE_ET_lkg_PAD_10,0.002623599162604245
THIN_ET_C100,0.002610405684789788
MEASURE_ET_DC_RF_MAG_26GHz,0.0026059520594896714
MEASURE_ET_DC_SEC_Vbin_gs,0.0025951668674643025
MEASURE_ET_RF_Modeling_Ls,0.0025593976900964597
MEASURE_ET_DC_SEC_S_Vboff_Id_FPSD3p2,0.0025341127746376763
THIN_ET_R_4000_HOR,0.002527868196283296
MEASURE_ET_DC_RF_CF_S22_Ph_L2180,0.0025241940087640047
SIN_ET_Probe_Number,0.0025215508575774552
THIN_ET_DC_RF_Vdg_max_0p1mA,0.00251618256538891
FIC_ET_C200S1,0.00251612883487234
THIN_ET_TF_AB_2,0.002504734317318353
MEASURE_ET_Load_Pull_Gss,0.0024849744448996497
MEASURE_ET_DC_SEC_X_Vp_1_mA_mm_second,0.0024828166357515518
MEASURE_ET_CapUSV_0,0.002456117683959772
MEASURE_ET_Load_Pull_Pout_W_mm_last,0.0024534001679820585
MEASURE_ET_DC_SEC_S_Id_mA_mm_at_Vg3_FPSD3p2,0.0024483559283434023
TOPSIN_ET_Cap1pf_0,0.002442119626911203
MEASURE_ET_DC_RF_Max_S11_Ph_L1018,0.002437497452920327
MEASURE_ET_DC_RD_S22dB_18GHz,0.002437483194287934
MEASURE_ET_i5021_3,0.0024261903264016483
SIN_ET_DC_RF_Vbgs1,0.00242604102340931
MEASURE_ET_DC_RF2_S12dB_26GHz,0.0024079422030276625
MEASURE_ET_DC_SEC_X_Ig_cut3_mAmm_pos_FPSD3p2,0.002380403508081861
TOPSIN_ET_lkg_CapFICM1,0.0023750791479170766
ANODE_ET_Ran_con_3,0.0023250969146752423
FIC_ET_DC_PIV_Gate_Lag_1,0.002321409905276989
MEASURE_ET_DC_RF_CF_S21_Mag_L1002,0.0022928307780003478
MEASURE_ET_LT_SEC_Vd_Id_min,0.0022867410045934924
MEASURE_ET_DC_RD_Ft,0.002285185536686606
MEASURE_ET_DC_RF_Id_Vbon_min,0.0022849376611627737
MEASURE_ET_DC_SEC_S_Vp_1_mA_mm_second_SD3p5,0.0022782915216632013
MEASURE_ET_DC_RF_CF_S12_Mag_L1018,0.00227427552532876
MEASURE_ET_LT_SEC_Id_min_mA_mm,0.0022664701492407856
FIC_ET_DC_PIV_Drain_Lag_1,0.0022356923033263476
ANODE_ET_Probe_Number,0.0022251468775496466
BRGM_ET_C300_0,0.0021969038618848565
FIC_ET_Vp_1,0.0021902551453158057
OHMIC_ET_R114,0.0021845765853656576
THIN_ET_DC_RF_Vbin_gs,0.0021819485544933496
CATHODE_ET_Rcat_cn_1,0.002158613206149613
MEASURE_ET_DC_Diode_Vbpin,0.00215691761715034
MEASURE_ET_LT_SEC_Vbgd1_Vd3,0.0021510734157962844
SIN_Thickness1_SiN_Thickness_1st,0.0021355430380914945
FIC_ET_DC_RF_Vbin_gd,0.0020997600667815777
MEASURE_ET_DC_SEC_X_Ig_cut3_mAmm_neg_FPSD3p2,0.00208207413787604
FIC_ET_OHMC,0.0020749281879707364
MEASURE_ET_DC_SEC_X_Id_plus_Ig_at_Vboff_mA_mm_SD3p5,0.002068237622597712
TOPSIN_ET_Probe_Number,0.0020654413818091103
TOPSIN_ET_CapPARCAP_0,0.0020644618255353632
MEASURE_ET_DC_SEC_X_Id_mA_mm_at_Vg2_FPSD3p2,0.0020554439251210402
MEASURE_ET_C100C500pf,0.002051863645028905
MEASURE_ET_lkg_70,0.0020512101286858544
TOPSIN_ET_DC_PIV_Gate_Lag_1,0.0020483750364183994
MEASURE_ET_DC_SEC_S_Ids_max_FPSD3p2,0.0020331332347548474
THIN_ET_Rsh_an_ct2,0.002030955987465841
TOPSIN_ET_Load_Pull_Id_ord,0.0020275824322178813
THIN_ET_Vbpin,0.002026536102502767
BRGM_ET_KLV_F_AB_4u,0.0020230099701008587
MEASURE_ET_lkg_5,0.002012399564341981
MEASURE_ET_DC_RF_Max_S11_Freq_L2180,0.002009304954049363
FIC_ET_DC_RF_Vg_optt,0.0020031094215853446
MEASURE_ET_CapUSV,0.0019722537299107458
MEASURE_ET_DC_RF_CF_S21_Ph_L1018,0.001952716538292638
TOPSIN_ET_C500pf,0.0019273624366340876
MEASURE_ET_RF_Modeling_Vth,0.0019243976631307957
MEASURE_ET_DC_Big_MAG_10GHz,0.0019236659606937877
MEASURE_ET_DC_Big_S12ang_10GHz,0.0019184946797979148
MEASURE_ET_DC_SEC_X_Ig_mAmm_at_Vg_cond_pos_SD3p5,0.001916663082867325
MEASURE_ET_DC_SEC_Vds_min_ON,0.0018875585313012763
THIN_Measure1_Glue_thickness,0.0018820413467712357
MEASURE_ET_Ran_con_1,0.0018786058208511986
MEASURE_ET_Gm_m2,0.0018777399095464408
FIC_ET_Vdg_max,0.0018643444018252553
MEASURE_ET_DC_SMALL_Vg_gm_max,0.0018638275613655035
MEASURE_ET_DC_SEC_X_Vg_at_I1_neg_SD3p5,0.0018557004516183539
BRGM_ET_Probe_Number,0.0018533848517946624
MEASURE_ET_DC_SEC_Gm_0,0.0018514729890267863
MEASURE_ET_DC_SEC_X_Vg_at_I2_neg_FPSD3p2,0.0018504910394366236
MEASURE_ET_DC_RF_Vg_max_Vd_0p1,0.0018423086600316658
FIC_ET_Vds_max,0.0018327927047296277
MEASURE_ET_DC_RF_Max_S11_Mag_L1018,0.001829391301163984
TOPSIN_ET_Load_Pull_ID_comp_Last_mA,0.0018262664344311527
FIC_ET_lkg_SY8_80,0.0018248293226980964
THIN_ET_C200,0.0018158955155801275
SIN_ET_DC_RF_Vds_max_0p1,0.0017806269959159357
MEASURE_ET_RF_Modeling_S21_19G_Before,0.0017748886902788186
MEASURE_ET_Rc_f_hr_23,0.0017735088967002237
MEASURE_ET_C500pf,0.001769512648377634
SIN_ET_DC_RF_Vbgd_0p1,0.00176385194940056
MEASURE_ET_RF_Modeling_Cds,0.0017587616920124293
THIN_ET_R114,0.001749997993913078
MEASURE_ET_DC_RF_Vbin_gd,0.0017421592449384919
MEASURE_ET_C300_0,0.0017408557372631424
TOPSIN_ET_DC_RF_Vbgs1,0.0017283025268751099
FIC_ET_DC_RF_Vbgd_0p1,0.0017225553727854474
MEASURE_ET_DC_PIV_Ids0_QP3,0.001703760535810735
MEASURE_ET_DC_SEC_S_Vp_1_mA_mm_second_FPSD3p2,0.0016963570933207406
THIN_ET_DC_RF_Vg_optt3,0.0016857346606959011
MEASURE_ET_DC_RF_S12dB_26GHz_W,0.0016840528269046603
MEASURE_ET_DC_SEC_S_Ig_mAmm_at_Vg_cond_neg,0.0016768257424617694
MEASURE_ET_DC_SEC_X_Vg_at_I2_pos,0.001674874155268489
MEASURE_ET_Vbkdn_Cap100,0.001657187242506141
SIN_ET_DC_RF_n_gs,0.0016533779904344373
MEASURE_ET_DC_SEC_X_Ig_cut1_mAmm_pos_SD3p5,0.0016450961648683828
MEASURE_ET_DC_SEC_S_Ig_cut2_mAmm_neg_SD3p5,0.0016436982331463298
MEASURE_ET_DC_RF_CF_S12_Ph_L1002,0.0016427855643507071
SIN_ET_DC_RF_n_gd,0.0016326672561311764
MEASURE_ET_DC_SEC_X_Ig_cut3_mAmm_neg_SD3p5,0.0016251508350931733
MEASURE_ET_Cap_C300FM1,0.0016229697652173803
MEASURE_ET_DC_RD_S22ang_18GHz,0.0016225009658060088
GATE2_ET_Ids2_Gate_recess_current,0.0016103097165639834
CATHODE_ET_Rcat_cn_3_OW_ST,0.0016060269953854626
MEASURE_ET_lkg_C200,0.001601157076686203
MEASURE_ET_RF_Modeling_Mag_d,0.0015945289625516864
MEASURE_ET_LT_SEC_Vbgd1,0.0015716342595398073
MEASURE_ET_DC_SEC_X_Vg_at_I1_pos_FPSD3p2,0.0015711452369705989
THIN_ET_sh_GA142,0.0015575979785464001
MEASURE_ET_LT_SEC_Vbgd1_Vd8,0.001551276542829956
SIN_ET_DC_RF_Vt_gd,0.001540942104393454
MEASURE_ET_R_f_tn_3,0.0015318076883082392
MEASURE_ET_DC_RF_CF_S22_Ph_L1018,0.0015259630438873401
MEASURE_ET_LT_SEC_Id_min_mA_mm_Vd3,0.0015150789500076019
TOPSIN_ET_TANR,0.001513686895452742
EBCR2_Ali_Litho_Gate_to_ohmic_alignment,0.0015087046316420477
MEASURE_ET_DC_RF_S22dB_10GHz,0.0015076121976967576
TOPSIN_ET_C100CapFICM1,0.0014837385576920747
MEASURE_ET_DC_SEC_X_Ron_SD3p5,0.0014705264324473945
MEASURE_ET_RF_Modeling_Mag_m,0.0014670951384817609
THIN_ET_DC_RF_Id_gm_max,0.0014645200658878032
CATHODE_ET_Rcat_cn_1_OW_ST,0.001452290797019371
MEASURE_ET_DC_Big_Gm_m0p2,0.0014522115333992897
MEASURE_ET_DC_RF_Vbgd1,0.0014469688465978266
SIN_ET_DC_RF_Vg_optt3,0.0014369125467628046
EBCR2_ET_Ids_EBCR_recess_current,0.0014334807116454958
MEASURE_ET_DC_SEC_X_Vboff_Id_FPSD3p2,0.0014247544332274833
MEASURE_ET_DC_RD_S21dB_18GHz,0.0014189710685225151
MEASURE_ET_DC_SEC_S_Vg_at_I3_neg_SD3p5,0.0014169465156459835
MEASURE_ET_DC_RF2_Ft,0.001399370959959995
ANODE_ET_Ran_con_1_OW_CR,0.0013649286143042553
MEASURE_ET_DC_RF_Vg_Vbon_max,0.0013597524071691707
MEASURE_ET_Rcat_cn_2_OW_ST,0.001358303567898451
THIN_ET_DC_RF_Vbin_gd,0.0013427025108305184
TOPSIN_ET_C100C385pf,0.001340743384137364
FIC_ET_DC_RF_Vbgd1,0.0013159219264021124
MEASURE_ET_DC_Stress_Ig_max_before,0.0012712402907470736
TOPSIN_ET_OHMC,0.0012685002428798754
MEASURE_ET_DC_SEC_S_Id_mA_mm_at_Vg2,0.0012557725033407743
TOPSIN_ET_Load_Pull_PhL_set,0.0012546781043673212
MEASURE_ET_DC_RF_S12ang_26GHz_W,0.001254336110942767
TOPSIN_ET_DC_SMALL_Vbin_gd,0.0012402591965620575
FIC_ET_lkg_5,0.0012363199907093742
FIC_ET_G_per_2p75K,0.001222390980070512
MEASURE_ET_DC_SMALL_Vt_gs,0.0012097022584314312
MEASURE_ET_DC_Diode_S21_dB_forw,0.0011969540282408511
MEASURE_ET_DC_SEC_Vboff_1,0.001194380269370658
MEASURE_ET_RF_Modeling_K,0.0011918607342633128
MEASURE_ET_Rc_f_tn_23,0.001178224418441826
FIC_ET_G_per_6K,0.001176784088847699
MEASURE_ET_DC_Stress_Vd_stress,0.0011650772867987768
MEASURE_ET_C300FM1,0.001164313613659122
MEASURE_ET_DC_SEC_Vgs_back_0p5V,0.0011567772637919678
MEASURE_ET_DC_Big_S22dB_10GHz,0.0011507943988290892
MEASURE_ET_DC_SEC_S_Ids_max_norm,0.001141713781169167
TOPSIN_ET_DC_PIV_Ids1_QP3,0.0011349650421354288
FIC_ET_DC_RF_Vbin_gs,0.001123183125831386
MEASURE_ET_DC_SEC_X_Vg_at_I2_pos_FPSD3p2,0.0011221013912647035
MEASURE_ET_DC_SEC_n_gs,0.0011218394802156048
MEASURE_ET_RF_Modeling_Vg_gm_max_W,0.0011082178714012238
MEASURE_ET_DC_RF_CF_S21_Ph_L1002,0.0010817174989831168
TOPSIN_ET_DC_PIV_Ids0_QP3,0.0010796003997273348
THIN_ET_C_AN_2,0.001071106966255181
TOPSIN_ET_Cap2pf_0,0.0010705694387237344
MEASURE_ET_DC_SMALL_Vbgd_0p1,0.001069786588983338
SIN_ET_DC_RF_Vg_optt2,0.0010680669159038596
MEASURE_ET_DC_RF_Vg_max_Vd_0p1mA,0.001064031693229565
SIN_ET_DC_RF_Vg_optt,0.0010619488886885336
MEASURE_ET_DC_SEC_Vgs_1V,0.001059453562734233
MEASURE_ET_RF_Modeling_ids_m0p2_W,0.0010546613628054577
MEASURE_ET_DC_SEC_Vboff_2_1,0.00103801997129426
LTYield,0.0010353477420082858
FIC_ET_R_f_tn_2,0.0010194363412037162
MEASURE_ET_DC_RF_CF_S21_Ph_L2180,0.0010189268080531648
THIN_ET_Vbpin_D60,0.001008201883750861
MEASURE_ET_DC_RF_S11ang_10GHz,0.0010031271042135563
MEASURE_ET_VIA_KLV_2,0.0009936951787431595
MEASURE_ET_DC_Diode_S21_dB_rev,0.0009810112795460026
MEASURE_ET_DC_Stress_Stress_time,0.0009781239455455225
FIC_ET_GT_lin25,0.0009767168699099304
MEASURE_ET_DC_RF_Vt_gs,0.0009725718450806797
THIN_ET_R_660_VER,0.0009684800501844931
MEASURE_ET_DC_RF2_S22ang_26GHz,0.0009671199256665
MEASURE_ET_DC_RF_Vdg_max_0p1mA,0.0009659790395887175
FMESA_ET_Probe_Number,0.0009547124200875001
SIN_GATE_ET_Rc_OG142_GN,0.0009322399820208547
SIN_GATE_ET_Probe_Number,0.0009229935435831233
MEASURE_ET_lkg_SY07_10,0.0009222419709929151
MEASURE_ET_DC_SEC_X_Ig_cut1_mAmm_neg_FPSD3p2,0.0009216984956040804
MEASURE_ET_DC_SEC_S_Vg_at_I2_pos,0.0009035640329399624
MEASURE_ET_DC_SEC_X_Bin,0.0009025811844454016
MEASURE_ET_Load_Pull_Freq,0.0008956187252762819
MEASURE_ET_DC_SEC_Vds_max_ON,0.0008933083566012803
TOPSIN_ET_HIRS,0.0008881208048785797
SIN_ThicknessGN2_RefractiveIndex,0.0008873008956017555
BRGM_Cd_Litho_BRGM_litho_CD,0.0008856005461159505
SIN_ET_DC_RF_Vbin_gd,0.0008768580954522703
TOPSIN_ET_DC_SMALL_n_gs,0.000872999654321675
THIN_ET_DC_RF_Vbgs_0p1,0.0008628027807051523
MEASURE_ET_DC_SEC_S_Ron_FPSD3p2,0.0008541432640804282
MEASURE_ET_Load_Pull_Pin_Cut,0.0008504741339771475
SIN_ET_DC_RF_Vbgs_0p01,0.000849976565457771
TOPSIN_ET_R_f_tn_1,0.0008464565468673272
TOPSIN_ET_C175pf,0.0008456574200314817
CATHODE_ET_Rcat_cn_3,0.0008433150792114602
THIN_ET_i5021_1,0.0008420629639465662
MEASURE_ET_DC_Big_S11ang_10GHz,0.0008409527429777861
MEASURE_ET_Load_Pull_Id_ini,0.000831097545059002
MEASURE_ET_C175pf,0.0008304798209450953
FIC_ET_DC_RF_Vds_max,0.0008289424544696621
CHRE_CD_2_Channel_recess_CD_Etch,0.0008248849282696722
MEASURE_ET_DC_SEC_X_Vboff_Id_plus_Ig,0.0008237875029413124
CATHODE_ET_Rsh_cat_c2_OW_ST,0.0008196739314485602
MEASURE_ET_DC_SEC_X_Id_mA_mm_at_Vg1,0.0008141723305662818
TOPSIN_ET_Cap_C300,0.0008041619880819175
BRGM_ET_i5021_3,0.000803352090855328
MEASURE_ET_lkg_CapFICBRGM,0.0008000860218278206
MEASURE_ET_lkg_C20,0.000794223578089126
MEASURE_ET_DC_SEC_S_Ig_mAmm_at_Vg_cond_pos_FPSD3p2,0.0007896827845471342
MEASURE_ET_DC_RF_Vbon_max,0.0007892770492557821
SIN_ET_DC_RF_Vbgs_0p1,0.0007873319998200271
THIN_ET_Cap20,0.0007868071295457401
MEASURE_ET_OHMC,0.0007838814020340504
FIC_ET_DC_PIV_Ids0_QP2,0.0007777345061680102
MEASURE_ET_DC_SEC_X_Vg_at_I3_neg,0.0007767787999953954
MEASURE_ET_DC_SEC_S_Vboff_Id,0.0007700127889080145
MEASURE_ET_DC_Stress_Vp_after,0.0007546738679317013
MEASURE_ET_DC_RF_Min_S21_Freq_L2180,0.0007478404921401586
MEASURE_ET_DC_SEC_S_Id_mA_mm_at_Vg2_SD3p5,0.0007466009266505044
MEASURE_ET_Load_Pull_Pin_Last,0.0007435477206817504
TOPSIN_ThicknessGN_RefractiveIndex,0.0007376033534323956
MEASURE_ET_DC_Stress_Idss_before,0.0007330688686679677
MEASURE_ET_Rsh_cat_c2,0.0007264808683835013
MEASURE_ET_TF_AB_3,0.0007225897214663495
MEASURE_ET_DC_RF_Idss_W,0.0007212757998429097
SIN_GATE_ET_Rc_OG144,0.0007207270289996822
MEASURE_ET_Rsh_an_ct2,0.0007183571744763537
THIN_ET_Vk,0.0007181374695533888
MEASURE_ET_DC_RF_Gm_m0p2,0.0007172620557443742
MEASURE_ET_DC_RF_K,0.0007119431283310224
MEASURE_ET_Cap_C300FB,0.0007095637106335437
MEASURE_ET_RF_Modeling_Gds,0.000703946375059664
FIC_ET_G_per_15,0.000702382003318473
MEASURE_ET_DC_RF_CF_S11_Ph_L1002,0.0006962181909334867
MEASURE_ET_DC_RF_S12ang_26GHz,0.0006870910813780509
MEASURE_ET_TFR_AB,0.0006849227261506305
MEASURE_ET_DC_SEC_S_Ig_cut3_mAmm_pos_FPSD3p2,0.0006830660474554719
MEASURE_ET_DC_RD_Vboff_ON,0.0006827636581333206
MEASURE_ET_sh_GA144,0.0006726153751323125
Customer_Customer_A,0.0006717380750327226
FP2_Height1_FP2_Height1,0.000666038438037615
MEASURE_ET_RF_Modeling_R_Gd,0.000656650213978771
SIN_ET_DC_RF_Vg_max_Vd_0p1,0.0006494794747782704
MEASURE_ET_DC_RF_Id_Vbon_max,0.0006483782929152176
TOPSIN_ET_DC_PIV_Ids1_QP2,0.0006473553780865288
MEASURE_ET_RF_Modeling_S21dB_10GHz,0.0006355422879079172
TOPSIN_ET_DC_SMALL_Vbgs1,0.000630252378141269
MEASURE_ET_LT_SEC_Ig_Id_min_mA_mm_Vd7,0.0006297925970927654
MEASURE_ET_DC_RD_Vbon_max,0.000628200538380979
MEASURE_ET_Cap1pf,0.0006237047679717964
THIN_ET_R_f_hr_1,0.0006235465229515835
MEASURE_ET_DC_Stress_Ig_max_after,0.0006128785300918665
MEASURE_ET_Load_Pull_Pout_W_last,0.0006071906611228523
TOPSIN_ET_Load_Pull_Gss,0.000606225260475311
BRGM_ET_F_AB,0.0006009031825959234
TOPSIN_ET_lkg_SY07_10,0.0005996307361245492
GATE2_Thickness4_PMMA_PR_etch_thickness,0.0005947819604421338
BMETAL1_Height_Metal1_metal_thickness,0.0005866280929115808
TOPSIN_ET_CapFICM1_0,0.0005810834470509977
SIN_ET_DC_RF_Vdg_max_0p1,0.0005810625204199796
BRGM_ET_C200,0.0005799501130650402
SIN_ET_DC_RF_Gm_max,0.0005785782725751446
MEASURE_ET_RF_Modeling_Rgs_err,0.0005752184307611246
FIC_ET_DC_RF_Vt_gd,0.0005741950038973066
TOPSIN_ET_sh_GA142_GN,0.0005739747672154828
MEASURE_ET_DC_SEC_S_Ig_cut1_mAmm_neg_FPSD3p2,0.0005696635378705634
MEASURE_ET_DC_PIV_Ids1_QP3,0.0005671326927700874
MEASURE_ET_DC_Diode_Rs,0.000562840050647752
LineYield,0.0005582337919881737
MEASURE_ET_DC_SEC_X_Vboff_Id_plus_Ig_SD3p5,0.000552895487661211
MEASURE_ET_DC_RF_Vbgd_0p01,0.000550823017011025
TOPSIN_ET_TR_1F,0.0005496068050548637
MEASURE_ET_DC_SMALL_Vbgd1,0.0005478378556734129
MEASURE_ET_DC_SEC_X_Vp_1_mA_mm_second_SD3p5,0.0005425559889705801
MEASURE_ET_DC_Diode_S21_dB_forw_9p5,0.0005405460589444199
Customer_Internal,0.0005396395328116137
FIC_ET_C100S1,0.0005383774780273631
MEASURE_ET_RF_Modeling_S12dB_10GHz,0.0005270884559885091
THIN_ET_R_400_VER,0.0005269007430197265
MEASURE_ET_C300pf,0.0005236513922197372
MEASURE_ET_R114,0.0005231246182019304
MEASURE_ET_DC_SEC_X_Ron,0.0005227248975223595
OHMIC_ET_Ran_con_1,0.0005168900387747293
MEASURE_ET_DC_RF_n_gs,0.0005165736744710954
MEASURE_ET_DC_RF_CF_S12_Mag_L2180,0.0005145739211378694
FIC_ET_DC_RF_Vdg_max_0p1,0.0005125214134984249
MEASURE_ET_DC_SEC_S_Ig_cut2_mAmm_neg_FPSD3p2,0.0005125070405684447
OHMIC_CD_Ohmic_CD_litho,0.0005116655318314477
FIN_Etch_Soft_Bias,0.0005100973280424334
THIN_ET_DC_RF_Vbgd_0p01,0.0005091517078104226
MEASURE_ET_RF_Modeling_MAG_19G_After,0.0005046058790742562
GATE2_CD_310nm_Gate_Win_Length,0.0005040238807967287
MEASURE_ET_DC_RF_Vbgs1,0.0005024838314018827
MEASURE_ET_DC_SEC_S_Vg_at_I3_neg_FPSD3p2,0.0005024348452975534
BRGM_ET_lkg_C200,0.0004984977888369392
MEASURE_ET_RF_Modeling_S11dB_10GHz,0.0004975329299526087
SIN_GATE_ET_Ran_con_2,0.0004970766582257834
MEASURE_ET_LT_SEC_Ileak_m12p5V_mA_mm,0.000493412479274544
FIC_ET_Gate_res,0.00048739966608306844
MEASURE_ET_C100C385pf,0.000487335733387383
MEASURE_ET_DC_RF_Gm_m0p2_W,0.00047927438280037204
THIN_ET_DC_RF_Vbgs1,0.0004779791778010074
GATE2_CD_Gate_Win_Length,0.00047568844696438644
MEASURE_ET_RF_Modeling_Gds_err,0.0004755908605846381
MEASURE_ET_DC_SEC_X_Id_mA_mm_at_Vg3_FPSD3p2,0.00047176090348380995
MEASURE_ET_DC_SEC_S_Vg_at_I2_neg_FPSD3p2,0.00046901160528840406
MEASURE_ET_DC_SEC_X_Vg_at_I3_neg_SD3p5,0.00046215587216934213
MEASURE_ET_DC_SEC_X_Vg_at_I1_neg,0.00046202816595862875
SIN_ET_DC_RF_Vg_max_Vd,0.0004589432009263376
CATHODE_ET_Probe_Number,0.00045711310196034483
BRGM_ET_KLV_F_M1_4u,0.0004560507423223777
MEASURE_ET_DC_SMALL_Gm_m0p2,0.00045516669390187374
MEASURE_ET_DC_Big_Vg_optt3,0.0004529114377353141
MEASURE_ET_DC_PIV_Ids1_QP2,0.00045236653254194267
FIC_ET_DC_RF_Vds_max_0p1mA,0.0004523304600482596
MESA_ET_Probe_Number,0.00045129775073629586
TANR_M_Gauge_P_E_TaN,0.00044844747343679675
MEASURE_ET_DC_SEC_S_Ig_mAmm_at_Vg_cond_pos_SD3p5,0.00044668849613230726
MEASURE_ET_DC_SEC_S_Vboff_Id_plus_Ig_FPSD3p2,0.00044465815071681735
SIN_ET_lkg_SY8_80,0.0004430785283187546
SIN_GATE_ET_Ran_con_3,0.00043999300190175524
TOPSIN_ET_G_per_6K,0.00043224029988171134
TOPSIN_ET_R_f_hr_1,0.0004282854027106475
MEASURE_ET_Cap_C300M1B,0.0004278717006917245
FIN_CD1_CD_PL_FIN,0.0004271731116059115
FIN_CD2_CD_etch_FIN,0.00042424804876129644
MEASURE_ET_LT_SEC_Vg_Id_min,0.00042226183292642217
TOPSIN_ET_RGAN2,0.00041856418096785947
MEASURE_ET_lkg_Cap3,0.0004161517260743577
MESA_CD_Mesa_CD_Radius,0.00041404704683920706
GATE1_Thickness1_Triple_E-beam_thickness,0.0004122795496042123
MEASURE_ET_DC_SEC_S_Id_mA_mm_at_Vg3,0.0004110498158819615
THIN_ET_C20,0.0004106595257699031
TOPSIN_ET_DC_SMALL_Idss,0.0004106508562263384
MEASURE_ET_DC_SEC_S_Bin,0.0004074206747476707
THIN_ET_C300_0,0.00040552015203367073
SIN_Thickness_RefractiveIndex,0.0004009824821177659
BRGM_ET_Rc_F_AB_2,0.000400703524785211
TOPSIN_ET_KLV_F_AB_4u_FEMSO,0.0003983664794158203
MEASURE_ET_sh_f_tn_23,0.00039790748740730264
MEASURE_ET_DC_Big_Vp_1,0.00039727356636568153
SIN_GATE_ET_TR_1F,0.00039718656975420085
MEASURE_ET_DC_Stress_Gm_max_before,0.0003970153539080007
MEASURE_ET_DC_RF_S21ang_10GHz,0.0003963023642899394
MEASURE_ET_DC_SEC_X_Id_mA_mm_at_Vg1_SD3p5,0.000394565298088661
MEASURE_ET_DC_SEC_X_Bin_FPSD3p2,0.00038611735414095436
THIN_ET_TFR_AB,0.0003842054362827709
MEASURE_ET_DC_RF_Max_S11_Freq_L1018,0.00037289555322110655
MEASURE_ET_DC_RF_n_gd,0.0003721383919887084
MEASURE_ET_DC_SEC_Vgs_0p5V,0.0003677255260655132
MEASURE_ET_DC_SEC_S_Ron,0.0003671076280507978
MEASURE_ET_RF_Modeling_MAG_19G_Before,0.00036667029793801935
SIN_ET_TR_1F,0.00036447932294464517
FIC_ET_DC_RF_Vg_max_Vd,0.0003642298490142677
MEASURE_ET_sh_GA142_GN,0.00036404279103730437
TOPSIN_ET_DC_SMALL_Vboff,0.00035552369890141857
FIC_ET_R114,0.0003554801845724858
FIC_ET_DC_RF_Vboff,0.00035481207408262104
MEASURE_ET_DC_SEC_S_ChipStatus,0.00035441933727908213
MEASURE_ET_DC_SEC_Vp_1mA,0.00035229933549590247
SIN_CAPACITOR_ThicknessGN1_SiN_Thickness,0.0003518116418642781
MEASURE_ET_DC_Diode_S21_dB_rev_9p5,0.000349618680923036
MEASURE_ET_DC_RD_S12dB_18GHz,0.000348471480330519
MEASURE_ET_RF_Modeling_Cgs,0.00034764539633204904
MEASURE_ET_DC_SEC_X_Id_mA_mm_at_Vg3_SD3p5,0.00034230701536514907
MEASURE_ET_DC_RF_S11dB_10GHz,0.00034228489241640655
MEASURE_ET_DC_RF_CF_S22_Mag_L1002,0.0003419042041237736
TOPSIN_ET_lkg_C500pf,0.0003413216492717286
MEASURE_ET_Cap1pf_0,0.00034118284767346434
CHRE_ET_Ids_Channel_recess_current,0.00034034148400101453
MEASURE_ET_DC_RF_CF_S11_Mag_L1018,0.00033609244369711607
FIC_ET_R314,0.0003345152893519227
MEASURE_ET_DC_SEC_X_Ig_cut2_mAmm_pos_FPSD3p2,0.0003307388882416986
MEASURE_ET_DC_Diode_S11_dB_rev_9p5,0.0003306027867068477
MEASURE_ET_Rcat_cn_1,0.0003299168847092196
MEASURE_ET_DC_SEC_S_Vg_at_I2_pos_SD3p5,0.0003298492231939522
MEASURE_ET_DC_Big_Vdg_max_0p1mA,0.00032672249208717043
MEASURE_ET_sh_f_hr_23,0.0003253902410464463
MEASURE_ET_R214,0.0003238235353840625
FIC_Height_FIC_metal_thickness,0.00032382060932334216
MEASURE_ET_DC_SEC_Vg_max_ON,0.00032315456347724173
TOPSIN_ET_lkg_C175pf,0.0003225993037852135
TOPSIN_ET_DC_RF_Vds_max_0p1,0.0003199895490240214
THIN_ET_Ran_con_3,0.0003177575571626382
MEASURE_ET_Rcat_cn_3_OW_ST,0.0003164941692939542
SIN_GATE_ET_lkg_SY07_10,0.0003158127209635247
TOPSIN_ET_Load_Pull_Id_ini,0.00031443048687772193
FIC_ET_DC_RF_Vg_optt2,0.000314142825049643
FIC_ET_DC_PIV_Gate_Lag_0,0.00031356938571835643
TOPSIN_ET_DC_PIV_Ids0_QP2,0.00031274965082348584
FIC_ET_R214,0.00031254822383624604
SIN_Thickness2_RefractiveIndex,0.00031202274670928925
MEASURE_ET_DC_SEC_S_Ig_cut1_mAmm_pos,0.0003106137713530894
MEASURE_ET_DC_RF_Gm_max,0.00031039707495373296
THIN_ET_Probe_Number,0.0003096543879293909
SIN_ET_DC_RF_Vds_max_0p1mA,0.00030461256877667637
MEASURE_ET_G2_per_6K,0.0003043331393193181
MEASURE_ET_DC_Stress_Id_gm_max_before,0.00030383367731162035
MEASURE_ET_DC_SEC_X_Vg_at_I3_pos_SD3p5,0.00030250310174622047
MEASURE_ET_DC_SMALL_Gm_max,0.0002995597421163013
HIRS_M_Gauge_P_E_MoSi,0.0002984599672037122
MEASURE_ET_DC_RD_MSG_18GHz,0.00029586246513924736
MEASURE_ET_DC_Big_Vg_gm_max,0.000295185003113773
THIN_ET_R_f_tn_1,0.00029234770655316763
MEASURE_ET_G_per_6K,0.0002922116557570185
SIN_ET_DC_RF_Vdg_max,0.0002918027930351675
MEASURE_ET_DC_SMALL_Vbin_gs,0.00029179718811491503
SIN_ThicknessGN2_SiN_Thickness,0.00028994082986231323
MEASURE_ET_DC_SEC_X_Ig_cut2_mAmm_pos_SD3p5,0.00028958726914125215
THIN_ET_lkg_C20,0.00028850356742288376
MEASURE_ET_DC_SEC_X_Ids_max_SD3p5,0.00028771360332364277
TOPSIN_ET_DC_SMALL_Vg_max_Vd,0.00028763889484804777
MEASURE_ET_CapFICBRGM_0,0.0002844226487234814
MEASURE_ET_CapFICBRGM,0.0002826852943227567
MEASURE_ET_DC_RF_MAG_35GHz_W,0.00028230284549414503
MEASURE_ET_Cap20,0.0002822138611656171
TOPSIN_ET_R514,0.0002821319173720493
THIN_ET_DC_RF_Vt_gd,0.0002812177008838653
TOPSIN_ET_Vg_Vds_max,0.00028003979293079665
MEASURE_ET_C20,0.0002787742259029084
THIN_ET_DC_RF_Ids_m0p2,0.0002781977024186841
TOPSIN_ET_DC_RF_Vbin_gd,0.00027783863957041766
MEASURE_ET_DC_SEC_S_Vg_at_I3_pos,0.0002774371714388325
MEASURE_ET_DC_SEC_X_Ig_cut2_mAmm_neg_SD3p5,0.00027699843042683993
MEASURE_ET_DC_RD_Id_Vbon_max,0.0002765407092194345
MEASURE_ET_RF_Modeling_Delta_S21_19G,0.00027480912763916426
THIN_ET_R_4000_VER,0.0002742878525392718
TOPSIN_ET_Cap2pf,0.0002729351710328924
Version_V1.1,0.0002715886536753094
MEASURE_ET_DC_Stress_Vp_before,0.00027027346493386427
MEASURE_ET_Load_Pull_Id_SS,0.00027001337014559575
MEASURE_ET_DC_PIV_Gate_Lag_1,0.0002687248822282648
THIN_ET_lkg_C300,0.0002675842195264987
CATHODE_ET_C_CAT_2_OW_ST,0.0002662376980814385
MEASURE_ET_DC_RF_Freq_cut_L1018,0.00026589459606994424
MEASURE_ET_DC_PIV_Gate_Lag_0,0.00026434175634963095
FIC_ET_DC_PIV_Ids0_QP3,0.00026347786282438233
MEASURE_ET_Rc_OG144,0.00026330443332092554
MEASURE_ET_C_CAT_2_OW_ST,0.0002629774961265327
MEASURE_ET_DC_SMALL_Vds_max_0p1,0.0002628230698721429
TOPSIN_ET_DC_SMALL_Vg_optt,0.00026150177694279664
MEASURE_ET_DC_RF_S22ang_26GHz,0.00026028536659305275
MEASURE_ET_RF_Modeling_L_Gd,0.0002577478773410414
THIN_ET_Ran_con_2,0.00025741007891614377
MEASURE_ET_DC_SEC_S_Vboff_Id_SD3p5,0.00025628591888956896
TOPSIN_ET_KLV_F_AB_4u,0.000254699341734862
MEASURE_ET_DC_RF_Min_S21_Mag_L1018,0.0002509486655194426
THIN_ET_DC_RF_Vg_optt2,0.00025048829040176106
SIN_CAPACITOR_ThicknessGN1_RefractiveIndex,0.0002497854009644337
MEASURE_ET_DC_Big_Vds_max,0.0002493471348391887
MEASURE_ET_R_4000_HOR,0.00024913186075450157
BRIDGE_METAL_Height2_BRGM_Height2,0.0002477613971256369
ANODE_ET_Ran_con_2,0.0002475455272212973
MEASURE_ET_DC_SEC_S_Ig_cut3_mAmm_neg,0.00024616842381272277
TOPSIN_ET_DC_RF_Gm_0,0.0002456135035534787
MEASURE_ET_DC_SEC_X_Ig_cut3_mAmm_pos_SD3p5,0.00024538605853047875
MESA_ET_Vbkd,0.0002438795384071315
MEASURE_ET_RF_Modeling_Fmax_int,0.00024360026212257117
MEASURE_ET_Ran_con_2,0.00024336363990975617
MEASURE_ET_DC_SEC_X_Id_mA_mm_at_Vg1_FPSD3p2,0.0002425856151041816
TOPSIN_ET_C100CapUSV,0.00024228288194872235
MEASURE_ET_Cap3pf,0.00024155381298769958
TOPSIN_ET_DC_SMALL_Vdg_max_0p1,0.00023991852576200738
THIN_ET_i5021_3,0.0002391353521518689
MEASURE_ET_lkg_CapFICM1,0.0002379282686186988
TOPSIN_ET_C100CapM1BRGM,0.00023717024364980642
MEASURE_ET_DC_SEC_S_Ig_cut2_mAmm_pos_FPSD3p2,0.00023343551697259924
THIN_ET_Ran_con_1,0.00023257574863812396
TOPSIN_ET_DC_SMALL_Vbgd1,0.0002319462516850246
MEASURE_ET_DC_SEC_X_Vg_at_I1_neg_FPSD3p2,0.0002318588996450847
TOPSIN_ET_R_f_tn_2,0.00022990370937272394
MEASURE_ET_Vbkdn_C300pf,0.00022845696914138139
TOPSIN_ET_DC_SMALL_Vt_gd,0.00022839779238425497
MEASURE_ET_R_f_tn_2,0.00022770662983685793
OHMIC_ET_Probe_Number,0.00022647979005601125
GATE2_CD_358nm_Gate_Win_Length,0.00022547410509345074
MEASURE_ET_Gate_res,0.00022470731096022837
MEASURE_ET_Vp_1,0.00022405289180011255
MEASURE_ET_DC_RF_ids_m0p2_W,0.00022366831592128753
SIN_GATE_ET_OHMC,0.00022248755945346448
TOPSIN_ET_R314,0.00022198947542872045
MEASURE_ET_LT_SEC_Vd_Id_min_Vd8,0.00021940986046401306
MEASURE_ET_DC_PIV_Idss_QP3,0.00021864675244902683
MEASURE_ET_LT_SEC_Vg_Id_min_Vd7,0.0002169328920033145
THIN_ET_Rc_f_tn_23,0.0002168805158047648
MEASURE_ET_LT_SEC_Ileak_m9V_mA_mm,0.0002164369285803335
THIN_ET_R_f_tn_2,0.00021643333094684312
FIC_ET_DC_RF_Id_gm_max,0.00021587945328740925
FIC_ET_DC_RF_Vdg_max,0.0002152668603501763
MEASURE_ET_C175pf_0,0.00021458031912659464
THIN_ET_C300,0.00021151996044482308
TFRP_ET_Rsh_TFR2,0.00021136740059004308
VIA_GaN_Height_Ni_height,0.00021095557414358391
TOPSIN_ET_DC_RF_n_gs,0.0002104292592915613
MEASURE_ET_DC_RF_Vds_max,0.00020881819911302895
FMESA_ET_Vbkd,0.0002082063568217953
MEASURE_ET_R_f_hr_1,0.00020769827211589547
MEASURE_ET_DC_RF2_K,0.00020760806408726736
MEASURE_ET_DC_SEC_S_Id_plus_Ig_at_Vboff_mA_mm_FPSD3p2,0.0002070102517322611
MEASURE_ET_DC_RF_Min_S21_Ph_L2180,0.0002065308761739728
MEASURE_ET_DC_RF_Ft,0.0002038072613392049
THIN_ET_C_CAT_2_OW_ST,0.00020287520600541708
TOPSIN_ET_R214,0.00020258997326397918
MEASURE_ET_DC_RF_Ft_W,0.00020123502432750653
MEASURE_ET_DC_RD_S11dB_18GHz,0.00020063773383098332
THIN_ET_Rcat_cn_2,0.00020025670153143342
MEASURE_ET_RF_Modeling_Rd,0.00020022162334762899
MEASURE_ET_C100USV_Cappf,0.00019915453970726225
SIN_ET_DC_PIV_Idss_QP2,0.00019835874198704292
FIC_ET_R_f_hr_1,0.00019828882493636574
MEASURE_ET_RF_Modeling_Delta_MAG_19G,0.00019799406686829408
MEASURE_ET_DC_SEC_X_Vg_at_I3_neg_FPSD3p2,0.00019663746308494156
TOPSIN_ET_DC_RF_Imax,0.00019596191157255223
MEASURE_ET_DC_Big_Ids_m0p2,0.00019497080587125974
SIN_GATE_ET_OHMIC_conc,0.00019430901123581413
FIN_Etch_Hard_Bias,0.00019429086277880303
THIN_ET_DC_RF_n_gs,0.00019304395576314094
MEASURE_ET_DC_SMALL_Vdg_max,0.00019248917262376823
MEASURE_ET_Er,0.00019226924431364027
SIN_Thickness1_RefractiveIndex,0.00019225779116912708
MEASURE_ET_Rsh_F_AB_2,0.00019189843441860908
TOPSIN_ET_DC_RF_Vdg_max,0.00019170041879908292
MEASURE_ET_DC_SEC_S_Id_plus_Ig_at_Vboff_mA_mm,0.00019016428521276773
MEASURE_ET_R_f_hr_2,0.00018998763193301316
CHRE_CD_Channel_recess_CD,0.00018815371206659017
MEASURE_ET_DC_Stress_Id_max_Ig_before,0.00018691105483040733
FIC_ET_R_f_hr_3,0.0001861744801874574
TOPSIN_ET_DC_RF_Ids_m0p2,0.00018411424505574578
MEASURE_ET_DC_SEC_S_Ids_max_norm_FPSD3p2,0.0001827027037588417
MEASURE_ET_C_AN_2,0.00018201401826798246
MEASURE_ET_Vk,0.00018166550248328327
MEASURE_ET_lkg_50,0.00018064350525904196
MEASURE_ET_LT_SEC_Ig_Id_min_mA_mm_Vd8,0.00018056681244873736
MEASURE_ET_DC_SEC_S_Vg_at_I1_neg,0.00018055377939467615
FIC_ET_DC_PIV_Ids1_QP2,0.00017967921656330773
MEASURE_ET_DC_SEC_Vg_min_ON,0.00017851742132373764
SIN_ET_DC_PIV_Drain_Lag_Idss,0.000177885590108053
MEASURE_ET_DC_SEC_S_Vboff_Id_plus_Ig,0.0001754416096522737
MEASURE_ET_DC_SMALL_Vdg_max_0p1,0.00017470670074315152
FIC_ET_DC_RF_Vg_optt3,0.00017450812248567997
FP2_Height2_FP2_Height2,0.00017434257914994178
MEASURE_ET_DC_SEC_S_Ids_max_norm_SD3p5,0.00017392304898532825
MEASURE_ET_DC_SEC_S_Ig_mAmm_at_Vg_cond_neg_SD3p5,0.000173676421250354
MEASURE_ET_Load_Pull_Pout_Last,0.00017294574885212035
ANODE_ET_Rsh_an_ct2,0.00017280990735476278
TOPSIN_ET_Rc_OG144,0.000172088720541599
MEASURE_ET_DC_RF_Vdg_max_0p1,0.0001709187936175782
MEASURE_ET_DC_SEC_S_Id_plus_Ig_at_Vboff_mA_mm_SD3p5,0.0001700712247554787
SIN_GATE_ET_R214,0.0001677240045795211
SIN_ET_DC_RF_Ids_m0p2,0.00016747017616803556
MEASURE_ET_Load_Pull_Vg,0.00016592470515196697
GATE2_CD_330nm_Gate_Win_Length,0.00016548492874942386
MEASURE_ET_R_660_VER,0.00016536095867305118
MEASURE_ET_RF_Modeling_Ld,0.00016435866818215238
SIN_GATE_ET_Ran_con_1,0.0001642101442444893
FIC_ET_Ids_m2,0.00016352130309810675
MEASURE_ET_DC_SMALL_n_gs,0.00016340584182158134
SIN_GATE_ET_sh_GA142_GN,0.00016295978838062354
THIN_ET_DC_RF_Vbgd1,0.00016267165971454574
MEASURE_ET_DC_RF_Max_S11_Freq_L1002,0.00016248527143731653
MEASURE_ET_DC_RF_Ids_m0p2,0.00016203728247299364
MEASURE_ET_R514,0.00016202692068655514
THIN_ET_DC_RF_Gm_0,0.00016176357929033566
MEASURE_ET_DC_SEC_S_Ig_mAmm_at_Vg_cond_pos,0.0001613341794036556
MEASURE_ET_DC_SMALL_Vg_max_Vd_0p1,0.00016107052958325903
TOPSIN_ThicknessGN_SiN_Thickness,0.00016098798447256033
VIA_GaN_Measure4GN_Final_GaN_thickness,0.00016031583582099294
TFRP_ET_TFRP,0.00016022677201638056
MEASURE_ET_TF_AB_2,0.00016021591812115873
MEASURE_ET_DC_RF_S12dB_26GHz,0.00015995050373600054
MEASURE_ET_Load_Pull_Gain_comp_Last,0.00015914471668643208
MEASURE_ET_RF_Modeling_Stress_time,0.00015859951523925373
THIN_ET_DC_RD_Vboff,0.0001585242888974294
MEASURE_ET_DC_SEC_Vgs_back_0p1V,0.00015836680619459655
FIC_ET_DC_RF_Ids_m0p2,0.00015825328455271035
MEASURE_ET_R_400_VER,0.00015812474756949998
MEASURE_ET_Load_Pull_GL_meas,0.00015796928558872597
MEASURE_ET_DC_SEC_X_Ig_mAmm_at_Vg_cond_neg_FPSD3p2,0.0001579609901592871
MEASURE_ET_DC_SEC_S_Id_at_Vboff_mA_mm,0.00015790962260009967
TFRP_M_Gauge_P_E_Resistors,0.00015684860373742882
MEASURE_ET_DC_SEC_S_Vg_at_I1_neg_SD3p5,0.00015575970492780688
MEASURE_ET_DC_SEC_S_Id_mA_mm_at_Vg2_FPSD3p2,0.00015571338505879903
EBCR2_CD_2_EBCR_cd_etch,0.00015519510110702893
MEASURE_ET_DC_SEC_X_Ig_cut3_mAmm_pos,0.0001542776597567418
TOPSIN_ET_C385pf_0,0.00015384676671685826
FMESA_Height_Fmesa_Height,0.00015327909730700448
THIN_ET_DC_RF_Vds_max,0.0001531601934713411
MEASURE_ET_DC_SEC_X_Ig_mAmm_at_Vg_cond_pos,0.00015309071678388654
BPLATE_Height_BPLATE_metal_thickness,0.00015305585632777776
MEASURE_ET_Rc_TF_AB_2,0.00015236904073094844
MEASURE_ET_RF_Modeling_Vd_stress,0.00015205371105104926
MEASURE_ET_CapFICM1,0.00015199254373667395
SIN_Thickness2_SiN_Thickness,0.00015140963974921728
MEASURE_ET_C100CapUSV,0.00015137586379748895
THIN_ET_R_400_HOR,0.00014936519491868486
MEASURE_ET_RF_Modeling_Ft_ext,0.00014863755100618897
MEASURE_ET_DC_Stress_Gm_max_after,0.00014812850370549626
SIN_ET_DC_RF_Vg_optt1,0.00014778404630035315
MEASURE_ET_DC_SMALL_Vp_1,0.0001477438991458961
ANODE_ET_Rsh_an_ct2_OW_CR,0.00014773696834996243
TOPSIN_ET_DC_RF_Vg_optt,0.00014712740716830636
THIN_ET_R214,0.0001470323080604558
MEASURE_ET_RF_Modeling_Cds_err,0.00014667243351460888
MEASURE_ET_DC_Big_Ft,0.00014645830620654013
MEASURE_ET_RF_Modeling_Cgs_err,0.00014626923549561154
MEASURE_ET_DC_SEC_S_Vg_at_I3_pos_SD3p5,0.00014623737259195722
TOPSIN_ET_C385pf,0.0001453673745132274
MEASURE_ET_Load_Pull_PhL_meas,0.00014512633737438183
MEASURE_ET_DC_SEC_Gm_max,0.0001447531273128979
MEASURE_ET_DC_SEC_S_Ig_mAmm_at_Vg_cond_neg_FPSD3p2,0.00014404134768408085
THIN_Measure3GN_Thickness_after_etchback,0.00014328547875933612
MEASURE_ET_Rsh_cat_c2_OW_ST,0.00014318791062780306
MEASURE_ET_DC_SEC_Vg_gm_max,0.00014174488568744566
MEASURE_ET_DC_SEC_X_Id_at_Vboff_mA_mm,0.00014142462569076197
MEASURE_ET_DC_SEC_X_Vg_at_I1_pos,0.0001409303698268415
FIC_ET_G2_per_6K,0.00014067894753860412
BRGM_Height2_BRGM_Height2,0.00013952115075918794
MEASURE_ET_DC_RF_S22ang_26GHz_W,0.0001392789217529319
OHMIC_ET_Ran_con_3,0.0001381349756511957
WIN_CD_WIN_CD,0.00013804184376029838
MEASURE_ET_TR_1F,0.00013769155934593156
MEASURE_ET_RF_Modeling_Tau,0.00013665588179225053
TOPSIN_ET_DC_SMALL_Vbgd_0p01,0.0001362974529759936
MEASURE_ET_RF_Modeling_MAG_25G_Before,0.00013613688558771817
TOPSIN_ET_DC_RF_Vboff,0.0001344822540654088
MEASURE_ET_I_5,0.00013429293283624843
OHMIC_ET_Ran_con_2,0.00013380554657948097
SIN_ET_DC_RF_Vboff,0.00013347429344128133
TOPSIN_ET_G2_per_6K,0.00013317130372137259
ANODE_ET_C_AN_2,0.0001325481291411267
SIN_GATE_ET_RGAN1,0.00013167397823587946
MEASURE_ET_DC_SEC_X_Ids_max_norm,0.00013132468010858275
FIC_ET_Vd_at_Id_cut_cond,0.00012993961023556187
MEASURE_ET_C200,0.00012912293236627857
FIC_ET_DC_RF_n_gs,0.00012847739437305686
MEASURE_ET_RGAN3,0.00012745439759924738
MEASURE_ET_Load_Pull_Id_ord,0.00012579856334942827
THIN_ET_C_CAT_2,0.00012524486663166822
MEASURE_ET_RF_Modeling_Cgd,0.00012506330015018063
MEASURE_ET_DC_SMALL_Vg_max_Vd,0.0001249055999675865
FIC_ET_Vg_gm_max,0.00012424270209475424
TOPSIN_ET_C175pf_0,0.00012378177201694397
THIN_ET_DC_RF_Vdg_max,0.00012367673620924174
MEASURE_ET_DC_SEC_S_Vg_at_I1_pos_SD3p5,0.00012270243270355214
TOPSIN_ET_DC_RF_Vt_gs,0.00012191659137532285
MEASURE_ET_LT_SEC_Ig_Id_min_mA_mm,0.00012190435734201982
MEASURE_ET_DC_RF_Id_gm_max_W,0.00012150023173291157
ABVIA_CD_AB_VIA_litho,0.000121322595773602
SIN_GATE_ET_Rsh_an_ct2,0.00012110065416586054
MEASURE_ET_DC_RD_Vboff,0.00012064440739167582
THIN_ET_Rsh_cat_c2,0.00012020218470642436
SIN_GATE_ET_R514,0.0001191721579360603
SIN_ET_DC_RF_Vg_max_Vd_0p1mA,0.0001185412372918935
TOPSIN_ET_DC_PIV_Gate_Lag_0,0.00011767297794374787
TOPSIN_ET_Load_Pull_Vg,0.00011626481413661382
MEASURE_ET_DC_RF2_S11dB_26GHz,0.00011622662015896732
TOPSIN_ET_Load_Pull_GL_set,0.00011577179837045204
MEASURE_ET_DC_Diode_S11_dB_forw_9p5,0.00011526402705510443
THIN_ET_C200_0,0.00011497536966061092
MEASURE_ET_DC_SEC_X_Id_mA_mm_at_Vg2,0.0001138166899635365
TOPSIN_ET_Gm_max,0.00011376757207656435
MEASURE_ET_DC_RF_Id_gm_max,0.0001131239029030448
SIN_ET_DC_RF_Id_gm_max,0.00011294289156762376
MEASURE_ET_Ran_con_2_OW_CR,0.00011252368617905611
MEASURE_ET_RF_Modeling_Ft_int,0.0001124009531364528
THIN_ET_DC_RF_Gm_m0p2,0.00011239776687225218
BFIC_Height_FIC_metal_thickness,0.00011219706962485515
MEASURE_ET_DC_Stress_Vg_max_Ig_before,0.00011178654745397761
MEASURE_ET_DC_SEC_Idss,0.00011109112846202479
SIN_ET_DC_RF_Vbgd_0p01,0.00011057623561323071
THIN_Measure1GN_Thickness_after_bonding,0.00010971868638632231
THIN_Measure4_Wafer_thickness_final,0.00010852702996761936
MEASURE_ET_LT_SEC_Ileak_m16p5V_mA_mm,0.000108359187062095
THIN_ET_Rsh_TF_AB2,0.00010748466997185449
GATE2_CD_358nm_Gate_Leg_Length,0.00010679441500099464
TFRP_ET_TF_AB_3,0.00010650110460775334
FIC_ET_Ig_mAmm_at_Vd_cond,0.00010627597043932567
MEASURE_ET_Vbkdn_CapBig,0.00010588176576967773
TOPSIN_ET_Rc_OG142_GN,0.00010553258140211087
THIN_ET_TF_AB_3,0.00010552980619561729
BRGM_ET_ABVIETCH,0.00010473416178347219
THIN_Measure2_Thickness_after_grinding,0.00010472480039650546
MEASURE_ET_RF_Modeling_R_Gg,0.00010470677071317211
MEASURE_ET_DC_SEC_X_Vg_at_I3_pos_FPSD3p2,0.0001045676250719992
MEASURE_ET_Vbpin_D60,0.00010437908697840309
OHMIC_ET_OHMIC_conc,0.00010382680396721301
ANODE_CD_Anode_CD_litho,0.00010354801248431575
MEASURE_ET_RF_Modeling_Vg_Stress,0.0001031334095802386
MEASURE_ET_Load_Pull_P.A.E_Last,0.00010304348121880236
TOPSIN_ET_Load_Pull_Id_SS,0.00010277185566411391
MEASURE_ET_OHMC_GN,0.00010203948427639168
MEASURE_ET_C100Cap2pf,0.0001005874342355154
TOPSIN_ET_C450pf,0.00010053053580780324
MEASURE_ET_DC_RF_CF_S21_Mag_L2180,0.00010052858585072662
MEASURE_ET_TANR,0.00010042817366074069
THIN_ET_DC_RF_n_gd,0.00010025317597034785
THIN_ET_F_AB,0.00010006246122429403
BRIDGE_METAL_CD_BRGM_Final_metal_CD,9.894371820768811e-05
MEASURE_ET_DC_SMALL_Vbgs_0p01,9.791191302371858e-05
TFRP_ET_TF_AB_2,9.72261617108674e-05
CATHODE_ET_C_CAT_2,9.714661691131562e-05
MEASURE_ET_RF_Modeling_L_Gs,9.697941029086946e-05
MEASURE_ET_DC_RF_Vg_optt,9.606220836922228e-05
FIC_ET_DC_RF_Vds_max_0p1,9.586375875496595e-05
THIN_ET_DC_RF_Vt_gs,9.563673528751489e-05
THIN_ET_C_AN_2_OW_CR,9.538395824316184e-05
BRGM_ET_lkg_C300,9.463591460725864e-05
TOPSIN_ET_OHMC_GN,9.46251264667188e-05
SIN_ET_DC_PIV_Imax_QP1,9.45207381574774e-05
MEASURE_ET_RF_Modeling_Rs,9.420035880351786e-05
THIN_ET_Rc_cat_ct2_OW_ST,9.404070314802524e-05
MEASURE_ET_RF_Modeling_Vd_set,9.355126393738945e-05
THIN_ET_R_f_hr_3,9.330708700200966e-05
MEASURE_ET_DC_SEC_X_Vboff_Id_SD3p5,9.287609461401863e-05
SIN_Thickness_SiN_Thickness,9.285801580979806e-05
MEASURE_ET_DC_PIV_Ids0_QP2,9.243118148009741e-05
FIC_ET_DC_RF_Vt_gs,9.241718634153134e-05
MEASURE_ET_R_4000_VER,9.231850129610726e-05
THIN_ET_R_f_hr_2,9.184775122886124e-05
SIN_GATE_ET_lkg_5,9.167260879422335e-05
MEASURE_ET_lkg_Cap1,9.144247306181869e-05
MEASURE_ET_DC_SEC_Imax_7V,9.037956055289908e-05
TOPSIN_ET_ABVIETCH,9.003943938903667e-05
MEASURE_ET_DC_SEC_X_Vp_0p7_mA_mm,8.976904720261363e-05
MEASURE_ET_DC_RF2_S21dB_26GHz,8.973115363598398e-05
FIC_ET_R_f_tn_3,8.963446566408282e-05
VIA_Etch_Via_etch_end_point_time,8.959140986883476e-05
MEASURE_ET_C300M1B_0,8.935709497469268e-05
MEASURE_ET_R_400_HOR,8.934097572656467e-05
MEASURE_ET_DC_SEC_S_Vg_at_I2_neg,8.923295998995571e-05
MEASURE_ET_VIA_KLV_8p5,8.882002691753757e-05
MEASURE_ET_Gm_max,8.865081630503447e-05
TOPSIN_ET_CapM1BRGM_0,8.865066440326495e-05
MEASURE_ET_Rsh_TF_AB2,8.825508700807224e-05
MEASURE_ET_DC_SEC_X_Ids_max_norm_SD3p5,8.821685899338288e-05
MEASURE_ET_Ids_m2,8.773835744773721e-05
FIC_ET_R_f_hr_2,8.732428974532568e-05
MEASURE_ET_RF_Modeling_Rgs,8.705263307375919e-05
SIN_ET_DC_RF_Vdg_max_0p1mA,8.69029894873835e-05
MEASURE_ET_DC_RD_S12ang_18GHz,8.60860799700952e-05
OHMIC_Thickness_SiN_Thickness,8.542178927498483e-05
MEASURE_ET_DC_SEC_S_Id_mA_mm_at_Vg1_SD3p5,8.532506196326202e-05
GATE2_CD_330nm_Gate_Leg_Length,8.531876387838131e-05
SIN_ET_DC_PIV_Idss_QP1,8.522252588953632e-05
MEASURE_ET_C500pf_0,8.507831884950012e-05
MEASURE_ET_RF_Modeling_Rgd,8.449519753188642e-05
MEASURE_ET_DC_SEC_X_Ig_cut2_mAmm_pos,8.40225785906687e-05
THIN_ET_DC_RF_Vg_gm_max,8.383165068799192e-05
MEASURE_ET_RF_Modeling_S21_25G_After,8.33599260870335e-05
MEASURE_ET_Ran_con_3,8.282808085638939e-05
MEASURE_ET_sh_GA142,8.28125756320902e-05
MEASURE_ET_DC_SEC_Vgs_back_1V,8.264400307443871e-05
MEASURE_ET_DC_SEC_S_Ig_cut2_mAmm_pos,8.243170821456086e-05
SIN_GATE_ET_R114,8.235865513977857e-05
FIC_ET_DC_PIV_Ids0_QP1,8.172089398563248e-05
TOPSIN_ET_DC_SMALL_Vbgs_0p01,8.164408108627381e-05
MEASURE_ET_DC_RF2_MAG_35GHz,8.120840224411909e-05
MEASURE_ET_Ran_con_3_OW_CR,8.056838788621209e-05
TOPSIN_ET_DC_RF_Vdg_max_0p1,8.047040204383554e-05
MEASURE_ET_DC_SEC_X_Vboff_Id_plus_Ig_FPSD3p2,8.04233679132788e-05
MEASURE_ET_DC_SEC_Gm_m0p2,8.006907803763387e-05
MEASURE_ET_DC_SEC_X_Vg_at_I2_pos_SD3p5,7.913192956186112e-05
MEASURE_ET_DC_SEC_S_Vp_1_mA_mm_first,7.860688543455369e-05
MEASURE_ET_DC_Big_S21dB_10GHz,7.851476702409901e-05
MEASURE_ET_DC_SEC_S_Vg_at_I1_pos_FPSD3p2,7.746967642461672e-05
ANODE_ET_C_AN_2_OW_CR,7.720948073313354e-05
TOPSIN_ET_Vg_gm_max,7.704617200909526e-05
GATE2_CD_HPA_CB_Gate_Win_Length,7.638691545040229e-05
MEASURE_ET_LT_SEC_Ig_Id_min_mA_mm_Vd3,7.616214892369521e-05
TOPSIN_ET_CapFICBRGM,7.600145043876327e-05
BRGM_Cd_Metal_BRGM_Final_metal_CD,7.592460584256096e-05
FIC_ET_Rc_f_tn_23,7.556511635004285e-05
MEASURE_ET_DC_RF_MAG_35GHz,7.552893439950651e-05
MEASURE_ET_DC_SEC_S_Ig_cut3_mAmm_pos,7.544452634660362e-05
THIN_ET_sh_f_tn_23,7.511678937223723e-05
MEASURE_ET_DC_Stress_Vg_max_Ig_after,7.500001236215352e-05
FIC_ET_DC_RF_Gm_0,7.385157525446984e-05
MEASURE_ET_DC_SEC_X_Id_mA_mm_at_Vg3,7.372196360374445e-05
MEASURE_ET_DC_SEC_X_Ig_mAmm_at_Vg_cond_neg_SD3p5,7.360914016114364e-05
TOPSIN_ET_Cap_USV,7.257666187757639e-05
SIN_GATE_ET_R414,7.188139405490387e-05
CATHODE_ET_Rsh_cat_c2,7.179595856676866e-05
MEASURE_ET_DC_Diode_D_leak_65V,7.169977756943285e-05
MEASURE_ET_Ran_con_1_OW_CR,7.161666434115873e-05
MEASURE_ET_C100Cap3pf,7.10831888146601e-05
MEASURE_ET_DC_RD_S21ang_18GHz,7.014263606695062e-05
STREETS_Height_Backside_metal_thickness,6.991366623790494e-05
TOPSIN_ET_DC_SMALL_n_gd,6.98450247697056e-05
THIN_ET_lkg_70_at20V,6.967455211219298e-05
MEASURE_ET_LT_SEC_Ileak_m10V_mA_mm,6.958143413268935e-05
GATE2_CD_310nm_Gate_Leg_Length,6.948349765320558e-05
MEASURE_ET_DC_RD_Vg_Vbon_max,6.922229474646065e-05
MEASURE_ET_Load_Pull_PhL_set,6.868835817373814e-05
MEASURE_ET_TF_AB_1,6.788177569645055e-05
MEASURE_ET_Rc_OG142,6.781953720276755e-05
MEASURE_ET_DC_RF_Vg_max_Vd,6.758095529972732e-05
TOPSIN_ET_lkg_Cap3,6.720323133177657e-05
TOPSIN_ET_C100C450pf,6.714371309669086e-05
MEASURE_ET_DC_SEC_X_Id_mA_mm_at_Vg2_SD3p5,6.71064650751356e-05
MEASURE_ET_DC_SEC_X_Id_at_Vboff_mA_mm_FPSD3p2,6.703327949809411e-05
MEASURE_ET_DC_SEC_S_Ig_cut1_mAmm_pos_SD3p5,6.693173263471148e-05
OHMIC_ET_R314,6.689827779108153e-05
TOPSIN_ET_Load_Pull_Pout_Last,6.678285161177987e-05
MEASURE_ET_DC_SEC_X_Ig_cut2_mAmm_neg_FPSD3p2,6.600669306918557e-05
MEASURE_ET_RF_Modeling_Tau_err,6.595226295070538e-05
TOPSIN_ET_DC_RF_Vbgs_0p1,6.579818088593806e-05
SIN_GATE_ET_RGAN3,6.541419037889041e-05
MEASURE_ET_DC_RF_MSG_10GHz,6.520752154486268e-05
FIC_ET_sh_GA142,6.484261729662614e-05
THIN_ET_Rcat_cn_2_OW_ST,6.402907990133528e-05
THIN_ET_Er,6.35063015305723e-05
MEASURE_ET_DC_SEC_X_Vp_1_mA_mm_first_SD3p5,6.336706689153088e-05
MEASURE_ET_DC_RF_Vds_max_0p1mA,6.323575915735806e-05
FIC_ET_DC_RF_Vg_max_Vd_0p1,6.298038023842538e-05
MEASURE_ET_LT_SEC_ChipStatus,6.283483923539623e-05
FIC_ET_HIRS,6.282334442490521e-05
ANODE_ET_Ran_con_3_OW_CR,6.22626674649203e-05
TOPSIN_ET_DC_SMALL_Vg_max_Vd_0p1,6.225005709902501e-05
TOPSIN_ET_DC_RF_Vg_max_Vd_0p1,6.190441324629173e-05
MEASURE_ET_DC_SEC_S_Ig_cut1_mAmm_neg,6.144065771928325e-05
FIC_ET_lkg_SY07_10,6.12087976321411e-05
THIN_ET_lkg_5,6.114495712154167e-05
TFRP_ET_TF_AB_1,6.079469547340154e-05
THIN_ET_R_f_tn_3,6.067821468210628e-05
TFRP_ET_Probe_Number,6.0592808502989356e-05
MEASURE_ET_RF_Modeling_Vp_1_W,5.991594031169172e-05
MEASURE_ET_DC_SEC_X_Bin_SD3p5,5.987459394282389e-05
MEASURE_ET_DC_SEC_X_Ig_cut1_mAmm_neg_SD3p5,5.971822612875976e-05
MEASURE_ET_DC_SEC_Imax,5.9550110785987254e-05
MEASURE_ET_LT_SEC_Vg_Id_min_Vd8,5.914646944898656e-05
MEASURE_ET_LT_SEC_Vg_Id_min_Vd3,5.860047290295948e-05
MEASURE_ET_DC_SMALL_Vg_optt,5.7931920114448545e-05
FIC_ET_TR_1F,5.792793381254901e-05
MEASURE_ET_DC_SEC_S_Id_mA_mm_at_Vg1,5.765641712925307e-05
SIN_GATE_ET_I_5,5.761153581336287e-05
MEASURE_ET_DC_RF_CF_S22_Ph_L1002,5.749463939554321e-05
FIC_ET_FC_lin_4,5.739566768506813e-05
MEASURE_ET_RF_Modeling_L_Gg,5.707234070905746e-05
MEASURE_ET_DC_SEC_S_Vg_at_I3_neg,5.684185899014168e-05
TOPSIN_ET_RGAN1,5.67839771407942e-05
MEASURE_ET_C300M1B,5.674989466019151e-05
MEASURE_ET_DC_SEC_Imax_6V,5.628733855885783e-05
MEASURE_ET_DC_SEC_Id_gm_max,5.613298869404089e-05
MEASURE_ET_DC_SEC_S_Ron_SD3p5,5.587118454196318e-05
MEASURE_ET_DC_RF_MAG_26GHz_W,5.5839654989253e-05
MEASURE_ET_RF_Modeling_Gm_m0p2_W,5.519777816649768e-05
OHMIC_ET_R214,5.4541418787048685e-05
TOPSIN_ET_Load_Pull_Freq,5.445047575354182e-05
FIC_ET_DC_RF_Gm_m0p2,5.4152413899556744e-05
TOPSIN_ET_DC_SMALL_Vg_gm_max,5.396098111818295e-05
MEASURE_ET_DC_SEC_X_Ig_cut3_mAmm_neg,5.395446885679629e-05
THIN_ET_Cap_C300,5.376865840600321e-05
FIC_ET_DC_RF_n_gd,5.372397968015744e-05
TOPSIN_ET_DC_SMALL_Vp_1,5.299260413695191e-05
MEASURE_ET_DC_SEC_X_ChipStatus,5.2934497176507705e-05
MEASURE_ET_DC_PIV_Ids1_QP1,5.2803233277099856e-05
MEASURE_ET_DC_RF_CF_S11_Mag_L2180,5.260885158320159e-05
WIN_WIN_Alignment_WIN_to_FIN_Alignment,5.2572293861509065e-05
FIC_ET_TANR,5.25343760626722e-05
MEASURE_ET_Vbkdn_C385pf,5.246014734146406e-05
MEASURE_ET_DC_RF_Vds_max_0p1,5.240795632343958e-05
TOPSIN_ET_C300pf,5.230867909601909e-05
BRGM_ET_i5021_1,5.2183148996910314e-05
TOPSIN_ET_CapPARCAP,5.1998809100384e-05
MEASURE_ET_C300pf_0,5.168118231496479e-05
TOPSIN_ET_Load_Pull_Pout_W_last,5.147088971787436e-05
MEASURE_ET_DC_SEC_S_Ig_cut2_mAmm_neg,5.146397303549077e-05
MEASURE_ET_DC_SEC_S_Ig_cut1_mAmm_pos_FPSD3p2,5.073951954084553e-05
BRGM_ET_Cap_C300,5.0266761752038336e-05
MEASURE_ET_RF_Modeling_Rgd_err,5.006069293884325e-05
MEASURE_ET_DC_SEC_S_Bin_SD3p5,4.978808500881533e-05
TOPSIN_ET_RGAN3,4.966065025845705e-05
THIN_ET_Rsh_F_AB_2,4.9634953717026156e-05
MEASURE_ET_DC_SMALL_n_gd,4.901534425020887e-05
BRIDGE_METAL_Height_Final_TOP_metal_thickness,4.893717365442851e-05
MEASURE_ET_DC_SMALL_Vp_01,4.8407194674724535e-05
MEASURE_ET_DC_RD_Id_Vbon_min,4.839880881780927e-05
FIC_ET_sh_f_hr_23,4.783461644861143e-05
MEASURE_ET_DC_RD_MSG_35GHz,4.773773002621674e-05
THIN_ET_DC_RF_Vg_max_Vd_0p1mA,4.7670896360010314e-05
MEASURE_ET_DC_SEC_Ids_m0p2,4.7602729668027296e-05
TOPSIN_ET_GC_Igs,4.734512085101191e-05
MEASURE_ET_DC_Big_Vp_01,4.69246563793056e-05
MEASURE_ET_RF_Modeling_Delta_S21_25G,4.66696692864543e-05
SIN_ET_DC_PIV_Drain_Lag_Imax,4.6474506215631204e-05
TOPSIN_ET_C100C300pf,4.602460696697576e-05
FIC_ET_DC_RF_Vg_optt1,4.595082222294995e-05
MEASURE_ET_lkg_10,4.595034688601948e-05
MEASURE_ET_DC_Stress_Id_stress_after,4.56358717496378e-05
TOPSIN_ET_DC_PIV_Ids0_QP1,4.548501606745963e-05
MEASURE_ET_KLV_F_AB_4u,4.520677942187327e-05
MEASURE_ET_DC_SEC_S_Vg_at_I1_pos,4.456215103428497e-05
MEASURE_ET_RF_Modeling_MAG_18,4.449192978558088e-05
MEASURE_ET_DC_RF_Min_S21_Mag_L2180,4.4119307753326745e-05
MEASURE_ET_DC_RF_Vbgd_0p1,4.380215880769038e-05
FIC_ET_DC_PIV_Ids1_QP1,4.368292755918989e-05
TOPSIN_ET_DC_SMALL_Imax,4.301642608973116e-05
FIC_ET_Vg_Vds_max,4.262519155916499e-05
METAL1_Height_Metal1_metal_thickness,4.228619440651949e-05
MEASURE_ET_DC_RD_Vbon_min,4.1817540195098095e-05
MEASURE_ET_DC_Big_Vdg_max,4.131590683720097e-05
THIN_ET_Rsh_an_ct2_OW_CR,4.1109536995744796e-05
MEASURE_ET_DC_SEC_S_Vp_0p7_mA_mm,4.0448852321557404e-05
THIN_Measure2GN_Thickness_after_grinding,4.0165896372684106e-05
MEASURE_ET_DC_SEC_S_Vg_at_I2_pos_FPSD3p2,4.0164114658592974e-05
MEASURE_ET_DC_Stress_Vg_gm_max_before,3.878504131323496e-05
MEASURE_ET_DC_PIV_Imax_QP1,3.867702934723205e-05
MEASURE_ET_DC_RF_Freq_cut_L2180,3.796598177736275e-05
MEASURE_ET_DC_SEC_S_Ig_cut3_mAmm_neg_FPSD3p2,3.690252508510062e-05
TOPSIN_ET_CapM1BRGM,3.6702414290145574e-05
MEASURE_ET_DC_RF_Imax_W,3.664571393253711e-05
FIC_ET_DC_RF_Vg_gm_max,3.617650587541365e-05
TOPSIN_ET_Load_Pull_Pin_Cut,3.602134096489959e-05
THIN_ET_TANR,3.594662592452337e-05
MEASURE_ET_RF_Modeling_Delta_MAG_25G,3.5433737219858285e-05
MEASURE_ET_DC_SMALL_Vbgs_0p1,3.512674228774407e-05
MEASURE_ET_DC_Stress_Id_gm_max_after,3.493335587546924e-05
TOPSIN_ET_C450pf_0,3.479330850512035e-05
MEASURE_ET_Probe_Number,3.397779434527583e-05
SIN_ET_DC_RF_Vbgd1,3.364386117386201e-05
THIN_ET_Rcat_cn_3_OW_ST,3.303483578203134e-05
TOPSIN_ET_DC_RF_Vbgs_0p01,3.300997123012866e-05
MEASURE_ET_DC_PIV_Idss_QP2,3.2563901952807126e-05
THIN_ET_OHMC,3.2295739588854814e-05
BRGM_Height3_TOP_metal_thickness,3.205760496789804e-05
MEASURE_ET_DC_SMALL_Vt_gd,3.2046260419207945e-05
MEASURE_ET_DC_SEC_Vboff_Vds_min_ON,3.199972200233371e-05
MEASURE_ET_i5021_2,3.186399980437123e-05
THIN_ET_Rsh_cat_c2_OW_ST,3.150456430916588e-05
MEASURE_ET_DC_RF_Vdg_max,3.092177495534755e-05
MEASURE_ET_RF_Modeling_Rg,3.059559467273311e-05
MEASURE_ET_DC_SEC_S_Vboff_Id_plus_Ig_SD3p5,3.0574409606701377e-05
MEASURE_ET_lkg_C385pf,2.9917449436119148e-05
THIN_ET_DC_RF_Gm_max,2.979870195265278e-05
SIN_ET_DC_PIV_Imax_QP2,2.93680508839201e-05
FIC_ET_DC_RF_Vbgd_0p01,2.9102692998746367e-05
TOPSIN_ET_DC_SMALL_Ids_m0p2,2.893168059847789e-05
FIC_ET_DC_RF_Idss,2.8806935857989528e-05
MEASURE_ET_DC_SMALL_Vds_max,2.875459421694484e-05
BRGM_ET_i5021_2,2.8592818983650523e-05
MEASURE_ET_DC_RF_S21dB_10GHz,2.8295434116983893e-05
MEASURE_ET_RF_Modeling_Gm,2.8275326283844147e-05
MEASURE_ET_Load_Pull_IG_comp_Last_uA,2.818442426786812e-05
MEASURE_ET_DC_SEC_S_Vp_1_mA_mm,2.7624030289178814e-05
TOPSIN_ET_lkg_CapM1BRGM,2.7352302838372372e-05
TOPSIN_ET_CapFICBRGM_0,2.7211422315774135e-05
MEASURE_ET_DC_SEC_S_Bin_FPSD3p2,2.7155409839703255e-05
MEASURE_ET_Rcat_cn_3,2.7013852020200056e-05
TOPSIN_ET_C500pf_0,2.6218832784996415e-05
SIN_ET_DC_RF_Gm_0,2.6199098463890295e-05
MEASURE_ET_DC_SEC_X_Ron_FPSD3p2,2.6159441460948182e-05
MEASURE_ET_DC_SEC_S_Ids_max_SD3p5,2.606023003161167e-05
MEASURE_ET_DC_SEC_X_Vp_1_mA_mm_first_FPSD3p2,2.604167862572886e-05
MEASURE_ET_DC_RF_CF_S11_Mag_L1002,2.5795629257639345e-05
MEASURE_ET_DC_RF_Gm_0_W,2.5417766237521458e-05
MEASURE_ET_DC_RF_Max_S11_Mag_L1002,2.537832302887016e-05
TOPSIN_ET_C300,2.5218502220396683e-05
MEASURE_ET_RF_Modeling_S21ang_10GHz,2.4704805419561685e-05
MEASURE_ET_DC_RF_Vboff_ON,2.4658281952781133e-05
MEASURE_ET_RF_Modeling_Vp_01_W,2.429245527161149e-05
CATHODE_ET_Rcat_cn_2_OW_ST,2.424228826958144e-05
SIN_ET_DC_RF_Imax,2.3685523408532578e-05
TOPSIN_ET_I_5,2.3541368080575958e-05
MEASURE_ET_DC_PIV_Gate_Lag_Idss,2.335104492972582e-05
MEASURE_ET_RF_Modeling_Fmax_ext,2.3259753919516174e-05
THIN_ET_lkg_PAD_10,2.273535553377117e-05
GATE2_Ali_Litho_Gate_to_recess_alignment,2.2641159013139867e-05
MEASURE_ET_DC_SEC_X_Vg_at_I2_neg_SD3p5,2.2384803032802822e-05
GATE2_Ali_Litho2_Gate_to_ohmic_alignment,2.2166367690343285e-05
MEASURE_ET_DC_RF_Freq_cut_L1002,2.1780818405259498e-05
MEASURE_ET_lkg_100,2.1429165948474422e-05
MEASURE_ET_LT_SEC_Ileak_m5V_mA_mm,2.1232836532227782e-05
MEASURE_ET_DC_Stress_Vp_delta,2.0903558750753774e-05
MEASURE_ET_DC_RF_S21dB_26GHz_W,2.0788149606086737e-05
MEASURE_ET_F_AB,2.075391144140554e-05
TOPSIN_ET_DC_RF_Vg_gm_max,2.050682568337973e-05
MEASURE_ET_Rsh_an_ct2_OW_CR,2.0388218689030703e-05
THIN_ET_Rc_F_AB_2,1.986893825541809e-05
MEASURE_ET_DC_Stress_Idss_after,1.936292026869242e-05
FIC_ET_R_f_tn_1,1.9330961247660818e-05
MEASURE_ET_lkg_Cap_USV,1.931057315993318e-05
THIN_ET_R314,1.8640232887539966e-05
MEASURE_ET_DC_SMALL_Vbin_gd,1.8570446653414765e-05
OHMIC_ET_Rc_OG142,1.8540233532865198e-05
MEASURE_ET_DC_Big_Gm_max,1.83901355649151e-05
MEASURE_ET_Cap_USV,1.8120547989416115e-05
THIN_ET_R_660_HOR,1.7965073124359105e-05
SIN_ET_DC_RF_Idss,1.7657052965834674e-05
TOPSIN_ET_Cap1pf,1.7512583414167685e-05
TOPSIN_ET_DC_RF_Vbgd_0p1,1.7284121291157083e-05
MEASURE_ET_LT_SEC_Ileak_m7V_mA_mm,1.703050604902187e-05
MEASURE_ET_R_660_HOR,1.6886017466970657e-05
MEASURE_ET_DC_RF_CF_S22_Mag_L1018,1.6699772599956407e-05
MEASURE_ET_DC_PIV_Drain_Lag_0,1.651948323374217e-05
FIC_ET_Id_mAmm_at_Vd_cond,1.6452428722424916e-05
TOPSIN_ET_DC_SMALL_Vp_01,1.641585651583128e-05
TOPSIN_ET_DC_PIV_Drain_Lag_1,1.62779528140359e-05
EBCR2_CD_Gate_Leg_Length,1.5900325592230403e-05
TOPSIN_ET_DC_SMALL_Gm_0,1.5140447164979403e-05
MEASURE_ET_lkg_C300FB,1.4578671320629805e-05
TOPSIN_ET_DC_RF_Vbgd1,1.4554100161479613e-05
MEASURE_ET_lkg_CapM1BRGM,1.4242001190363961e-05
MEASURE_ET_Vbpin,1.424018314873711e-05
SIN_ET_DC_RF_Gm_m0p2,1.4192734842299588e-05
MEASURE_ET_DC_Big_K,1.3861150901694638e-05
TOPSIN_ET_lkg_CapPARCAP,1.3843011516052898e-05
MEASURE_ET_DC_RF_S21ang_26GHz,1.3344895288333684e-05
TOPSIN_ET_DC_RF_n_gd,1.3302546756648658e-05
MEASURE_ET_DC_SEC_S_Vp_1_mA_mm_second,1.3250373171362648e-05
MEASURE_ET_DC_Big_Imax,1.3200810756034319e-05
MEASURE_ET_DC_SEC_X_Ig_mAmm_at_Vg_cond_pos_FPSD3p2,1.3199297809061872e-05
MEASURE_ET_R314,1.3052126940903216e-05
THIN_ET_HIRS,1.3010071953782795e-05
THIN_ET_DC_RF_Vg_max_Vd,1.247172229025328e-05
THIN_ET_DC_RF_Vp_1,1.2203772923577334e-05
MEASURE_ET_DC_RF_Vg_gm_max,1.1824074605163915e-05
MEASURE_ET_DC_RF_CF_S12_Ph_L2180,1.1597911253516425e-05
MEASURE_ET_DC_RF_Min_S21_Mag_L1002,1.1055110383108044e-05
THIN_ET_Ran_con_2_OW_CR,1.0691978581089972e-05
MEASURE_ET_CapM1BRGM,1.0002272354192208e-05
FIC_ET_DC_RF_Imax,8.554129310704276e-06
MEASURE_ET_DC_Big_MAG_18GHz,8.529763982550007e-06
CATHODE_ET_Rc_cat_ct2_OW_ST,8.344784848369956e-06
MEASURE_ET_DC_SMALL_Vbgd_0p01,8.261496388334463e-06
MEASURE_ET_USV_Cappf_0,7.907912880157582e-06
MEASURE_ET_DC_PIV_Gate_Lag_Imax,7.609166180461573e-06
MEASURE_ET_DC_SEC_S_Vp_1_mA_mm_first_FPSD3p2,7.426083179390484e-06
MEASURE_ET_DC_Big_Vds_max_0p1mA,7.354228406177842e-06
TOPSIN_ET_DC_SMALL_Gm_m0p2,7.083382456700316e-06
SIN_GATE_ET_OHMC_GN,7.059279302556889e-06
OHMIC_ET_lkg_5,6.520278727329259e-06
MEASURE_ET_RF_Modeling_Gm_err,6.209506241941371e-06
THIN_ET_DC_RF_Vbgd_0p1,5.9427273073812274e-06
CATHODE_ET_Rc_cat_ct2,0.0
TOPSIN_ET_lkg_CapFICBRGM,0.0
TOPSIN_ET_lkg_SY8_80,0.0
MEASURE_ET_DC_Big_Idss,0.0
MEASURE_ET_DC_Big_Id_gm_max,0.0
MEASURE_ET_DC_RF_Imax,0.0
MEASURE_ET_Rcat_cn_1_OW_ST,0.0
THIN_ET_Rcat_cn_3,0.0
THIN_ET_Rc_an_ct2,0.0
THIN_ET_Rc_cat_ct2,0.0
THIN_ET_Rc_f_hr_23,0.0
MEASURE_ET_RF_Modeling_Idss_W,0.0
MEASURE_ET_RF_Modeling_Id_search,0.0
FIC_ET_Rc_f_hr_23,0.0
MEASURE_ET_RF_Modeling_MAG_25G_After,0.0
TOPSIN_ET_C100CapFICBRGM,0.0
MEASURE_ET_DC_SEC_X_Vp_1_mA_mm_second_FPSD3p2,0.0
MEASURE_ET_DC_SMALL_Gm_0,0.0
TOPSIN_ET_C100C175pf,0.0
MEASURE_ET_DC_Stress_Vg_gm_max_after,0.0
SIN_ET_DC_RF_Vg_gm_max,0.0
SIN_ET_DC_RF_Vds_max,0.0
MEASURE_ET_DC_SEC_X_Vp_1_mA_mm_first,0.0
MEASURE_ET_DC_SEC_X_Vp_1_mA_mm,0.0
MEASURE_ET_DC_SEC_S_Vp_1_mA_mm_first_SD3p5,0.0
MEASURE_ET_DC_PIV_Drain_Lag_1,0.0
MEASURE_ET_DC_PIV_Drain_Lag_Imax,0.0
MEASURE_ET_Rc_F_AB_2,0.0
SIN_GATE_ET_R314,0.0
SIN_ET_DC_RF_Vt_gs,0.0
SIN_ET_DC_RF_Vp_01,0.0
MEASURE_ET_RF_Modeling_S11ang_10GHz,0.0
MEASURE_ET_DC_RF_Idss,0.0
THIN_ET_lkg_50_at20V,0.0
THIN_ET_lkg_C200,0.0
Technology_PHEMT_0.15um,0.0
Customer_Customer_B,0.0
FIC_ET_DC_PIV_Drain_Lag_0,0.0
MEASURE_ET_lkg_100_at20V,0.0
MEASURE_ET_lkg_C175pf,0.0
MEASURE_ET_lkg_C300,0.0
MEASURE_ET_lkg_C300FM1,0.0
MEASURE_ET_lkg_C300M1B,0.0
MEASURE_ET_Vg_gm_max,0.0
MEASURE_ET_DC_RF_Gm_max_W,0.0
TOPSIN_ET_Vp_1,0.0
VendorName_EPI_A,0.0
Version_V1.0,0.0
Technology_PHEMT_0.35um,0.0
Version_V2.0,0.0
Technology_PHEMT_0.25um,0.0
TOPSIN_ET_Load_Pull_Pout_W_mm_last,0.0
SIN_ET_DC_PIV_Idss_QP3,0.0
SIN_ET_DC_PIV_Imax_QP3,0.0
SIN_ET_DC_PIV_Gate_Lag_Idss,0.0
MEASURE_ET_DC_RF_Gm_0,0.0
MEASURE_ET_C100CapFICM1,0.0
MEASURE_ET_C100Cap1pf,0.0
THIN_ET_Ran_con_3_OW_CR,0.0
MEASURE_ET_DC_RF_MSG_18GHz,0.0
MEASURE_ET_C100CapM1BRGM,0.0
SIN_ET_DC_PIV_Gate_Lag_Imax,0.0
Sort_Yield_target[%]_88,0.0
MEASURE_ET_CapFICM1_0,0.0
MEASURE_ET_C100C175pf,0.0
MEASURE_ET_DC_PIV_Imax_QP2,0.0
MEASURE_ET_DC_PIV_Imax_QP3,0.0
MEASURE_ET_DC_SEC_Vt_gs,0.0
TOPSIN_ET_DC_RF_Vp_1,0.0
MEASURE_ET_RF_Modeling_Id_gm_max_W,0.0
MEASURE_ET_DC_SEC_Vp_10mA,0.0
MEASURE_ET_RF_Modeling_Gm_max_W,0.0
MEASURE_ET_DC_RF_Vp_1_W,0.0
MEASURE_ET_DC_RF_Vp_1,0.0
MEASURE_ET_DC_RF_CF_S22_Mag_L2180,0.0
MaskSetName_MS_C,0.0
TOPSIN_ET_DC_RF_Id_gm_max,0.0
TOPSIN_ET_DC_RF_Vbgd_0p01,0.0
FIC_ET_DC_RF_Vp_1,0.0
MEASURE_ET_RF_Modeling_Gm_0_W,0.0
MEASURE_ET_DC_RF_Vg_gm_max_W,0.0
MEASURE_ET_DC_RF_Vp_01,0.0
MEASURE_ET_DC_RF_Vp_01_W,0.0
TOPSIN_ET_DC_RF_Gm_m0p2,0.0
TOPSIN_ET_DC_PIV_Ids1_QP1,0.0
FIC_ET_DC_RF_Vp_01,0.0
Sort_Yield_target[%]_90,0.0
TOPSIN_ET_C300pf_0,0.0
Lot_type_ENG,0.0
Lot_type_PROD,0.0
MEASURE_ET_lkg_SY8_80,0.0
MEASURE_ET_DC_SMALL_Imax,0.0
MEASURE_ET_DC_SMALL_Idss,0.0
MEASURE_ET_DC_SMALL_Id_gm_max,0.0
THIN_ET_DC_RF_Vp_01,0.0
MEASURE_ET_lkg_CapUSV,0.0
MEASURE_ET_lkg_USV_Cap,0.0
MaskSetName_MS_B,0.0
MEASURE_ET_lkg_CapPARCAP,0.0
MEASURE_ET_LT_SEC_Id_min_mA_mm_Vd7,0.0
MEASURE_ET_lkg_C300pf,0.0
MEASURE_ET_lkg_Cap2,0.0
MEASURE_ET_DC_RF2_S12ang_26GHz,0.0
MEASURE_ET_DC_SEC_S_Id_at_Vboff_mA_mm_SD3p5,0.0
TOPSIN_ET_DC_SMALL_Gm_max,0.0
TOPSIN_ET_DC_SMALL_Id_gm_max,0.0
TOPSIN_ET_DC_SMALL_Vbin_gs,0.0
MEASURE_ET_DC_SMALL_Vbgs1,0.0
TOPSIN_ET_KLV_F_M1_4u,0.0
FIC_ET_DC_RF_Gm_max,0.0
TOPSIN_ET_Gm_m2,0.0
MEASURE_ET_DC_RF_S21dB_26GHz,0.0
MEASURE_ET_Cap2pf,0.0
MEASURE_ET_DC_RF_S22ang_10GHz,0.0
MEASURE_ET_CapM1BRGM_0,0.0
MEASURE_ET_DC_Big_Gm_0,0.0
TFRP_ET_Rc_TF_AB_2,0.0
BRGM_ET_C200_0,0.0
BRGM_ET_C300,0.0
TOPSIN_ET_lkg_C300,0.0
TOPSIN_ET_lkg_Cap1,0.0
TOPSIN_ET_lkg_Cap2,0.0
BRGM_ET_lkg_SY07_10,0.0
BRGM_ET_lkg_SY8_80,0.0
TOPSIN_ET_R114,0.0
BRGM_ET_TR_1F,0.0
VendorName_EPI_B,0.0
VendorName_EPI_C,0.0
BRGM_ET_C100,0.0
THIN_ET_DC_RF_Idss,0.0
THIN_ET_DC_RF_Imax,0.0
