id,relationship,parameters,expected_type,best_classification,achieving_method,v1_classification,v2_classification,spline_classification,testable_now,remaining_limitation,evidence_file
1,Gate CD optimum,GATE2_CD_Gate_Leg_Length,Nonlinear U-shaped / process window,PARTIALLY FOUND,spline (same tier as v2 but stronger evidence: STRONG/5-fold vs MODERATE/3-fold),MISSED,PARTIALLY FOUND,PARTIALLY FOUND,yes,"No method has yet resolved the CLEAN symmetric process-window/degrade-both-sides shape -- all three land on a broader complex/nonmonotonic bucket. Would likely need a shape-constrained fit (e.g. modeling as a function of |x - candidate_center|) to cleanly separate this from generic nonlinearity.",stage2_runB_spline_single_parameter.csv; stage2_runB_v2_univariate_all.csv
2,PAE benefit,TOPSIN_ET_Load_Pull_P.A.E_Last,Direct positive,PARTIALLY FOUND,tie: v1 (importance-based partial) and spline (fold-stable but wrong-shape partial),PARTIALLY FOUND,MISSED,PARTIALLY FOUND,yes,"Three different methods (tree-based importance/PDP, model-free binning, spline/GAM) each find SOME real signal but never a clean monotonic-positive recovery -- v1 saw importance but a flat PDP, v2 found zero stable evidence, spline found a moderately-stable but wrong-shaped (U_SHAPED) curve. This consistent near-miss pattern across methodologically distinct approaches is the strongest evidence so far of a genuine, narrow detection-method limitation for this specific relationship rather than a simple coverage gap.",stage2_runB_spline_single_parameter.csv; stage2_runB_ground_truth_validation.csv
3,Drain-lag penalty,TOPSIN_ET_DC_PIV_Drain_Lag_1,Threshold / negative (~7),EXACTLY FOUND,spline (direct univariate recovery of the EXACT named column -- no proxy or multivariate channel needed),APPROXIMATELY FOUND (via proxy sibling column Drain_Lag_0),APPROXIMATELY FOUND (via interaction/cross-stage/3-way channels),EXACTLY FOUND,yes,"Resolved. This is the clearest example in the whole project of the spline method adding genuine, direct value: v1 and v2 both needed indirect evidence (a sibling column, or multivariate channels) to approximate this relationship; spline recovers the exact named column cleanly and directly.",stage2_runB_spline_single_parameter.csv
4,Gate CD x SiN thickness,GATE2_CD_Gate_Leg_Length x SIN_Thickness_SiN_Thickness,2-way interaction,NOT TESTABLE,none,NOT TESTABLE UNDER CURRENT METHOD,NOT TESTABLE,NOT APPLICABLE TO CURRENT SPLINE METHOD,no,"The exact pair has never reached the expensive interaction-confirmation stage in v2 (verified directly against the frozen top-200 broad-screen shortlist and confirmed-interactions table in the earlier v2 checkpoint). Spline is single-parameter only and cannot address interactions by design. Would require either a less lower-order-dependent 2-way candidate-generation strategy, or explicitly forcing this named pair into confirmation.",stage2_runB_v2_pair_screen.csv; stage2_runB_v2_confirmed_interactions.csv
5,Rc x Rsh,OHMIC_ET_Rc_an_ct2 x OHMIC_ET_Rsh_an_ct2,2-way interaction,NOT TESTABLE,none,NOT TESTABLE UNDER CURRENT METHOD,NOT TESTABLE,NOT APPLICABLE TO CURRENT SPLINE METHOD,no,"Same as #4 -- the exact pair never reached expensive confirmation under v2's top-200 candidate shortlist. Spline out of scope by design.",stage2_runB_v2_pair_screen.csv; stage2_runB_v2_confirmed_interactions.csv
6,Leakage threshold,ET leakage family (lkg_*),Threshold (moderate penalty >0.20; stronger penalty >0.35),EXACTLY FOUND,v1 (cleanest, simplest, highest-confidence characterization; no regression),EXACTLY FOUND,APPROXIMATELY FOUND (regression),APPROXIMATELY FOUND,yes,"v1 remains the cleanest single characterization (dominant, unambiguous, threshold-shaped, correctly directioned). Spline independently corroborates with the tightest QUANTITATIVE match yet to the planted first threshold (0.2247 vs. 0.20) and the best out-of-fold R^2 of any single-parameter test in this checkpoint (0.332), but neither v2 nor spline has confirmed the planted TWO-STAGE escalating-penalty structure (a distinct additional breakpoint near 0.35) -- no method's shape classifier currently records more than one breakpoint per feature.",stage2_runB_global_importance.csv; stage2_runB_single_parameter_relationships.csv; stage2_runB_spline_single_parameter.csv
7,Alignment process window,GATE2_Ali_Litho_Gate_to_recess_alignment,Absolute-value process window (+/-0.035),APPROXIMATELY FOUND,spline (first method of three to find any real, reproducible evidence at all),MISSED,MISSED,APPROXIMATELY FOUND,yes,"Genuinely resolved this checkpoint after two prior MISSED verdicts under methodologically distinct approaches. The positive-side turning point (0.039) closely matches the planted +0.035 boundary, but the symmetric negative-side boundary (~-0.035) is not independently confirmed, and the shape is COMPLEX_NONLINEAR rather than a clean process-window bucket -- an approximate, not exact, recovery.",stage2_runB_spline_single_parameter.csv
8,Gm stage degradation,FIC_ET_Gm_max vs TOPSIN_ET_Gm_max,Cross-stage threshold,EXACTLY FOUND,v2 cross-stage module,NOT TESTABLE UNDER CURRENT METHOD,EXACTLY FOUND,NOT APPLICABLE TO CURRENT SPLINE METHOD,yes,"Resolved in the prior v2 checkpoint (STRONG, 5/5-fold-stable, correct direction) using the generic cross-stage column-naming comparison. No further limitation.",stage2_runB_v2_cross_stage_relationships.csv
9,Rc x Drain Lag x low PAE,3-way interaction,3-way interaction,NOT TESTABLE,none,NOT TESTABLE UNDER CURRENT METHOD,NOT TESTABLE,NOT APPLICABLE TO CURRENT SPLINE METHOD,no,"The exact triple was never generated as a 3-way candidate under v2's systematic (chaining + tree-co-occurrence) generation strategy -- verified directly against the frozen 776-triple candidate list. Spline out of scope by design. Would require a different, less lower-order-dependent 3-way candidate-generation approach, or explicitly forcing this named triple into the factorial-contrast test.",stage2_runB_v2_three_way_interactions.csv
