parameter_A,parameter_B,channels,n_channels
THIN_ET_lkg_100_at20V,MEASURE_ET_Rc_OG142_GN,A_top_score1_nonadditivity+B_existing_shap_interaction+C_existing_h_statistic,3
THIN_ET_lkg_100_at20V,MEASURE_ET_Rcat_cn_2,A_top_score1_nonadditivity+B_existing_shap_interaction+C_existing_h_statistic,3
MEASURE_ET_Rc_OG142_GN,TOPSIN_ET_DC_PIV_Drain_Lag_1,A_top_score1_nonadditivity+B_existing_shap_interaction+C_existing_h_statistic,3
THIN_ET_lkg_100_at20V,SIN_GATE_ET_Rc_an_ct2,A_top_score1_nonadditivity+B_existing_shap_interaction+C_existing_h_statistic,3
THIN_ET_lkg_100_at20V,TOPSIN_ET_CapFICM1,A_top_score1_nonadditivity+B_existing_shap_interaction+C_existing_h_statistic,3
MEASURE_ET_Rc_cat_ct2_OW_ST,TOPSIN_ET_DC_PIV_Drain_Lag_1,A_top_score1_nonadditivity+B_existing_shap_interaction+C_existing_h_statistic,3
THIN_ET_lkg_100_at20V,EBCR2_Ali_Litho_Gate_to_ohmic_alignment,A_top_score1_nonadditivity+B_existing_shap_interaction+C_existing_h_statistic,3
TOPSIN_ET_C100Cap1pf,MEASURE_ET_DC_RF_CF_S12_Mag_L1002,B_existing_shap_interaction+C_existing_h_statistic+D_tree_path_cooccurrence,3
TOPSIN_ET_DC_PIV_Drain_Lag_0,MEASURE_ET_RF_Modeling_S12ang_10GHz,B_existing_shap_interaction+C_existing_h_statistic+D_tree_path_cooccurrence,3
TOPSIN_ET_C100Cap1pf,MEASURE_ET_ABVIETCH,B_existing_shap_interaction+C_existing_h_statistic+D_tree_path_cooccurrence,3
TOPSIN_ET_lkg_CapPARCAP,MEASURE_ET_DC_SEC_Vp_1mA,A_top_score2_nonadditivity+E_weak_marginal_strong_conditional,2
MEASURE_ET_DC_SEC_Vp_1mA,MEASURE_ET_lkg_100,A_top_score2_nonadditivity+E_weak_marginal_strong_conditional,2
TOPSIN_ET_lkg_CapFICM1,TOPSIN_ET_C300,A_top_score2_nonadditivity+E_weak_marginal_strong_conditional,2
MEASURE_ET_DC_SEC_Vp_1mA,MEASURE_ET_lkg_100_at20V,A_top_score2_nonadditivity+E_weak_marginal_strong_conditional,2
THIN_ET_lkg_100_at20V,TOPSIN_ET_lkg_Cap3,A_top_score2_nonadditivity+E_weak_marginal_strong_conditional,2
MEASURE_ET_DC_SEC_Vp_1mA,MEASURE_ET_lkg_Cap1,A_top_score2_nonadditivity+E_weak_marginal_strong_conditional,2
TOPSIN_ET_CapFICM1_0,TOPSIN_ET_lkg_CapFICM1,A_top_score2_nonadditivity+E_weak_marginal_strong_conditional,2
MEASURE_ET_Rc_cat_ct2_OW_ST,TOPSIN_ET_lkg_C450pf,A_top_score1_nonadditivity+C_existing_h_statistic,2
MEASURE_ET_DC_SEC_Vp_1mA,THIN_ET_lkg_5,A_top_score2_nonadditivity+E_weak_marginal_strong_conditional,2
MEASURE_ET_DC_SEC_Vp_1mA,TOPSIN_ET_lkg_Cap_USV,A_top_score2_nonadditivity+E_weak_marginal_strong_conditional,2
MEASURE_ET_lkg_PAD_10,MEASURE_ET_DC_SEC_Vp_1mA,A_top_score2_nonadditivity+E_weak_marginal_strong_conditional,2
THIN_ET_TF_AB_2,MEASURE_ET_lkg_C300pf,A_top_score2_nonadditivity+E_weak_marginal_strong_conditional,2
MEASURE_ET_DC_SEC_Vp_1mA,MEASURE_ET_lkg_5,A_top_score2_nonadditivity+E_weak_marginal_strong_conditional,2
THIN_ET_TF_AB_2,MEASURE_ET_LT_SEC_Ileak_m7V_mA_mm,A_top_score2_nonadditivity+E_weak_marginal_strong_conditional,2
THIN_ET_lkg_C200,MEASURE_ET_DC_SEC_Vp_1mA,A_top_score2_nonadditivity+E_weak_marginal_strong_conditional,2
THIN_ET_Ran_con_2,MEASURE_ET_DC_SEC_X_Vp_1_mA_mm,A_top_score2_nonadditivity+E_weak_marginal_strong_conditional,2
SIN_GATE_ET_Rc_an_ct2,TOPSIN_ET_DC_PIV_Drain_Lag_1,A_top_score1_nonadditivity+C_existing_h_statistic,2
MEASURE_ET_DC_SEC_Vp_1mA,THIN_ET_lkg_PAD_10,A_top_score2_nonadditivity+E_weak_marginal_strong_conditional,2
SIN_CAPACITOR_ThicknessGN1_SiN_Thickness,TOPSIN_ET_Load_Pull_Id_ini,A_top_score2_nonadditivity+E_weak_marginal_strong_conditional,2
THIN_ET_DC_RF_Vg_optt3,TOPSIN_ET_DC_SMALL_Vbgd1,A_top_score2_nonadditivity+E_weak_marginal_strong_conditional,2
MEASURE_ET_DC_SEC_Vp_1mA,FIC_ET_lkg_SY07_10,A_top_score2_nonadditivity+E_weak_marginal_strong_conditional,2
THIN_ET_lkg_100_at20V,TOPSIN_ET_lkg_SY8_80,A_top_score2_nonadditivity+E_weak_marginal_strong_conditional,2
TOPSIN_ET_C100CapUSV,TOPSIN_ET_lkg_CapFICM1,A_top_score2_nonadditivity+E_weak_marginal_strong_conditional,2
MEASURE_ET_DC_RF_Max_S11_Freq_L1018,MEASURE_ET_Rc_f_tn_23,A_top_score2_nonadditivity+E_weak_marginal_strong_conditional,2
MEASURE_ET_C300pf,TOPSIN_ET_lkg_CapFICM1,A_top_score2_nonadditivity+E_weak_marginal_strong_conditional,2
SIN_ET_lkg_SY8_80,MEASURE_ET_lkg_70,A_top_score2_nonadditivity+E_weak_marginal_strong_conditional,2
MEASURE_ET_Rc_an_ct2_OW_CR,MEASURE_ET_DC_RF_CF_S12_Mag_L1002,B_existing_shap_interaction+C_existing_h_statistic,2
MEASURE_ET_DC_SMALL_Ids_m0p2,TOPSIN_ET_DC_PIV_Drain_Lag_1,B_existing_shap_interaction+C_existing_h_statistic,2
THIN_ET_lkg_100_at20V,MEASURE_ET_DC_RF2_S22dB_26GHz,B_existing_shap_interaction+C_existing_h_statistic,2
MEASURE_ET_DC_RF_K_W,MEASURE_ET_DC_RF2_MAG_26GHz,B_existing_shap_interaction+C_existing_h_statistic,2
THIN_ET_sh_f_hr_23,TOPSIN_ET_DC_PIV_Drain_Lag_1,B_existing_shap_interaction+C_existing_h_statistic,2
TOPSIN_ET_R_f_hr_3,ANODE_ET_Rc_an_ct2_OW_CR,B_existing_shap_interaction+C_existing_h_statistic,2
TOPSIN_ET_C100Cap1pf,MEASURE_ET_lkg_50_at20V,B_existing_shap_interaction+D_tree_path_cooccurrence,2
MEASURE_ET_ABVIETCH,MEASURE_ET_DC_RF2_S22dB_26GHz,B_existing_shap_interaction+C_existing_h_statistic,2
TOPSIN_ET_C100Cap1pf,FIC_ET_G_per_25,B_existing_shap_interaction+C_existing_h_statistic,2
MEASURE_ET_Rc_an_ct2_OW_CR,SIN_ET_DC_RF_Vbin_gs,B_existing_shap_interaction+C_existing_h_statistic,2
MEASURE_ET_DC_SEC_X_Ig_cut1_mAmm_pos_FPSD3p2,TOPSIN_ET_lkg_5,B_existing_shap_interaction+C_existing_h_statistic,2
MEASURE_ET_DC_RF_Min_S21_Freq_L1018,MEASURE_ET_ABVIETCH,B_existing_shap_interaction+C_existing_h_statistic,2
TOPSIN_ET_lkg_C450pf,EBCR2_Ali_Litho_Gate_to_ohmic_alignment,B_existing_shap_interaction+C_existing_h_statistic,2
MEASURE_ET_DC_Big_S12dB_10GHz,MEASURE_ET_ABVIETCH,B_existing_shap_interaction+C_existing_h_statistic,2
MEASURE_ET_ABVIETCH,MEASURE_ET_DC_Stress_Id_stress_before,B_existing_shap_interaction+C_existing_h_statistic,2
TOPSIN_ET_DC_PIV_Drain_Lag_0,TOPSIN_ET_R_f_hr_3,B_existing_shap_interaction+C_existing_h_statistic,2
TOPSIN_ET_lkg_Cap3,MEASURE_ET_C300FB_0,A_top_score2_nonadditivity+E_weak_marginal_strong_conditional,2
THIN_ET_lkg_100_at20V,MEASURE_ET_lkg_10,A_top_score2_nonadditivity+E_weak_marginal_strong_conditional,2
SIN_GATE_ET_lkg_SY8_80,MEASURE_ET_DC_RF_S11ang_10GHz,B_existing_shap_interaction+C_existing_h_statistic,2
TOPSIN_ET_Cap1pf,THIN_ET_Rc_TF_AB_2,A_top_score2_nonadditivity+E_weak_marginal_strong_conditional,2
THIN_ET_lkg_100_at20V,THIN_ET_Rcat_cn_1,B_existing_shap_interaction+C_existing_h_statistic,2
THIN_ET_lkg_100_at20V,MaskSetSupplyChipsCount,B_existing_shap_interaction+C_existing_h_statistic,2
THIN_ET_lkg_100_at20V,THIN_ET_DC_RF_Vg_optt3,B_existing_shap_interaction+C_existing_h_statistic,2
MEASURE_ET_DC_SEC_S_Id_mA_mm_at_Vg3_SD3p5,MEASURE_ET_ABVIETCH,B_existing_shap_interaction+C_existing_h_statistic,2
TOPSIN_ET_C100Cap1pf,ANODE_ET_Rc_an_ct2_OW_CR,B_existing_shap_interaction+D_tree_path_cooccurrence,2
TOPSIN_ET_C100Cap1pf,MEASURE_ET_DC_Stress_Id_stress_before,B_existing_shap_interaction+D_tree_path_cooccurrence,2
MEASURE_ET_DC_Stress_Id_stress_before,MEASURE_ET_DC_RF2_MAG_26GHz,B_existing_shap_interaction+D_tree_path_cooccurrence,2
TOPSIN_ET_DC_SMALL_Vdg_max,TOPSIN_ET_DC_PIV_Drain_Lag_1,B_existing_shap_interaction+C_existing_h_statistic,2
MEASURE_ET_DC_SEC_X_Bin,TOPSIN_ET_DC_PIV_Drain_Lag_1,B_existing_shap_interaction+C_existing_h_statistic,2
FIC_ET_Bad_Gates,TOPSIN_ET_DC_PIV_Drain_Lag_1,B_existing_shap_interaction+C_existing_h_statistic,2
MaskSetSupplyChipsCount,MEASURE_ET_DC_RF_K_W,B_existing_shap_interaction+C_existing_h_statistic,2
TOPSIN_ET_lkg_C450pf,THIN_ET_Rcat_cn_3,B_existing_shap_interaction+C_existing_h_statistic,2
THIN_ET_TF_AB_2,MEASURE_ET_lkg_USV_Cap,A_top_score2_nonadditivity+E_weak_marginal_strong_conditional,2
MEASURE_ET_C100USV_Cappf,TOPSIN_ET_lkg_CapFICM1,A_top_score2_nonadditivity+E_weak_marginal_strong_conditional,2
MEASURE_ET_DC_SEC_Vbin_gs,THIN_ET_C20_0,A_top_score2_nonadditivity+E_weak_marginal_strong_conditional,2
TOPSIN_ET_lkg_C450pf,FIC_ET_Rc_f_tn_23,A_top_score1_nonadditivity,1
THIN_ET_lkg_100_at20V,TOPSIN_ET_CapPARCAP_0,A_top_score1_nonadditivity,1
THIN_ET_lkg_100_at20V,MEASURE_ET_C100CapPARCAP,A_top_score1_nonadditivity,1
THIN_ET_Rc_f_hr_23,TOPSIN_ET_DC_PIV_Drain_Lag_1,A_top_score1_nonadditivity,1
THIN_ET_lkg_100_at20V,THIN_ET_Rc_cat_ct2,A_top_score1_nonadditivity,1
CATHODE_ET_Rcat_cn_2,TOPSIN_ET_DC_PIV_Drain_Lag_1,A_top_score1_nonadditivity,1
TOPSIN_ET_CapPARCAP_0,TOPSIN_ET_DC_PIV_Drain_Lag_1,A_top_score1_nonadditivity,1
TOPSIN_ET_lkg_C450pf,TOPSIN_ET_CapPARCAP_0,A_top_score1_nonadditivity,1
THIN_ET_lkg_100_at20V,TFRP_ET_Rc_TF_AB_2,A_top_score1_nonadditivity,1
TOPSIN_ET_lkg_C450pf,OHMIC_ET_Rc_an_ct2,A_top_score1_nonadditivity,1
THIN_ET_lkg_100_at20V,MEASURE_ET_Rc_an_ct2,A_top_score1_nonadditivity,1
THIN_ET_Rc_OG142,TOPSIN_ET_DC_PIV_Drain_Lag_1,A_top_score1_nonadditivity,1
MEASURE_ET_Rcat_cn_1_OW_ST,TOPSIN_ET_DC_PIV_Drain_Lag_1,A_top_score1_nonadditivity,1
TOPSIN_ET_Rc_OG144,TOPSIN_ET_DC_PIV_Drain_Lag_1,A_top_score1_nonadditivity,1
MEASURE_ET_C100CapPARCAP,TOPSIN_ET_DC_PIV_Drain_Lag_1,A_top_score1_nonadditivity,1
TOPSIN_ET_lkg_C450pf,THIN_ET_Rc_TF_AB_2,A_top_score1_nonadditivity,1
THIN_ET_Rc_cat_ct2,TOPSIN_ET_DC_PIV_Drain_Lag_1,A_top_score1_nonadditivity,1
THIN_ET_lkg_100_at20V,OHMIC_ET_Rc_an_ct2,A_top_score1_nonadditivity,1
TOPSIN_ET_lkg_C450pf,SIN_GATE_ET_Rc_an_ct2,A_top_score1_nonadditivity,1
TOPSIN_ET_lkg_C450pf,THIN_ET_Rc_cat_ct2,A_top_score1_nonadditivity,1
THIN_ET_TF_AB_2,MEASURE_ET_lkg_Cap_USV,A_top_score2_nonadditivity,1
THIN_ET_lkg_100_at20V,MEASURE_ET_LT_SEC_Ileak_m5p5V_mA_mm,A_top_score2_nonadditivity,1
MEASURE_ET_DC_RF_Vbin_gs,MEASURE_ET_DC_RF_Vt_gd,A_top_score2_nonadditivity,1
MEASURE_ET_LT_SEC_Ileak_m16p5V_mA_mm,MEASURE_ET_C300FB_0,A_top_score2_nonadditivity,1
TOPSIN_ET_CapFICM1,TOPSIN_ET_lkg_CapFICM1,A_top_score2_nonadditivity,1
MEASURE_ET_Cap2pf,MEASURE_ET_DC_RF_Max_S11_Ph_L2180,A_top_score2_nonadditivity,1
THIN_ET_TF_AB_2,MEASURE_ET_lkg_50,A_top_score2_nonadditivity,1
THIN_ET_lkg_100_at20V,MEASURE_ET_lkg_Cap_USV,A_top_score2_nonadditivity,1
THIN_ET_TF_AB_2,MEASURE_ET_lkg_C300,A_top_score2_nonadditivity,1
THIN_ET_TF_AB_2,THIN_ET_lkg_5,A_top_score2_nonadditivity,1
THIN_ET_C200_0,TOPSIN_ET_lkg_CapFICM1,A_top_score2_nonadditivity,1
MEASURE_ET_C100C300pf,TOPSIN_ET_lkg_CapFICM1,A_top_score2_nonadditivity,1
TOPSIN_ET_Cap3pf,TOPSIN_ET_Load_Pull_Id_ini,A_top_score2_nonadditivity,1
TOPSIN_ET_CapFICM1,TOPSIN_ET_Load_Pull_Id_ini,A_top_score2_nonadditivity,1
TOPSIN_ET_lkg_C450pf,THIN_ET_Rc_f_hr_23,A_top_score1_nonadditivity,1
SIN_GATE_ET_Rc_OG142_GN,TOPSIN_ET_lkg_C450pf,A_top_score1_nonadditivity,1
SIN_GATE_ET_lkg_SY8_80,THIN_ET_Rc_cat_ct2,A_top_score1_nonadditivity,1
MEASURE_ET_DC_SEC_S_Vp_1_mA_mm_first_SD3p5,TOPSIN_ET_DC_PIV_Drain_Lag_1,A_top_score1_nonadditivity,1
TFRP_ET_Rc_TF_AB_2,TOPSIN_ET_DC_PIV_Drain_Lag_1,A_top_score1_nonadditivity,1
THIN_ET_lkg_100_at20V,CATHODE_ET_Rcat_cn_3_OW_ST,A_top_score1_nonadditivity,1
THIN_ET_lkg_100_at20V,FIC_ET_Rc_f_hr_23,A_top_score1_nonadditivity,1
MEASURE_ET_Rcat_cn_2,TOPSIN_ET_DC_PIV_Drain_Lag_1,A_top_score1_nonadditivity,1
THIN_ET_lkg_100_at20V,THIN_ET_Rcat_cn_3,A_top_score1_nonadditivity,1
OHMIC_ET_OHMC,TOPSIN_ET_DC_PIV_Drain_Lag_1,A_top_score1_nonadditivity,1
THIN_ET_lkg_100_at20V,THIN_ET_Rc_TF_AB_2,A_top_score1_nonadditivity,1
TOPSIN_ET_lkg_C450pf,MEASURE_ET_Rc_OG142_GN,A_top_score1_nonadditivity,1
THIN_ET_lkg_100_at20V,FIC_ET_Rc_f_tn_23,A_top_score1_nonadditivity,1
TOPSIN_ET_lkg_C450pf,FIC_ET_Rc_f_hr_23,A_top_score1_nonadditivity,1
TOPSIN_ET_lkg_C450pf,CATHODE_ET_Rcat_cn_3_OW_ST,A_top_score1_nonadditivity,1
THIN_ET_lkg_100_at20V,MEASURE_ET_Rcat_cn_3,A_top_score1_nonadditivity,1
TOPSIN_ET_DC_PIV_Drain_Lag_1,THIN_ET_Rc_TF_AB_2,A_top_score1_nonadditivity,1
TOPSIN_ET_CapPARCAP,TOPSIN_ET_DC_PIV_Drain_Lag_1,A_top_score1_nonadditivity,1
TOPSIN_ET_lkg_C450pf,MEASURE_ET_Rc_an_ct2,A_top_score1_nonadditivity,1
TOPSIN_ET_lkg_C450pf,THIN_ET_Rc_OG142,A_top_score1_nonadditivity,1
MEASURE_ET_CapPARCAP,TOPSIN_ET_DC_PIV_Drain_Lag_1,A_top_score1_nonadditivity,1
MEASURE_ET_lkg_50_at20V,MEASURE_ET_R_f_hr_3,B_existing_shap_interaction,1
MEASURE_ET_RF_Modeling_Ft,MEASURE_ET_DC_SEC_S_Id_mA_mm_at_Vg3_FPSD3p2,A_top_score2_nonadditivity,1
TOPSIN_ET_C100CapFICM1,TOPSIN_ET_lkg_CapFICM1,A_top_score2_nonadditivity,1
THIN_ET_TF_AB_2,TOPSIN_ET_lkg_SY07_10,A_top_score2_nonadditivity,1
MEASURE_ET_DC_SEC_Vp_1mA,MEASURE_ET_lkg_CapFICM1,A_top_score2_nonadditivity,1
THIN_ET_TF_AB_2,MEASURE_ET_lkg_70_at20V,A_top_score2_nonadditivity,1
TOPSIN_ET_C100Cap1pf,MEASURE_ET_CapPARCAP_0,B_existing_shap_interaction,1
MEASURE_ET_DC_SEC_Ids_min_ON,MEASURE_ET_lkg_50_at20V,B_existing_shap_interaction,1
TOPSIN_ET_DC_PIV_Ids1_QP1,TOPSIN_ET_Gate_res,A_top_score2_nonadditivity,1
TOPSIN_ET_C100Cap1pf,MEASURE_ET_DC_RF_K_W,B_existing_shap_interaction,1
MEASURE_ET_DC_RF_Min_S21_Freq_L1018,MEASURE_ET_DC_Big_S12dB_10GHz,B_existing_shap_interaction,1
MEASURE_ET_ABVIETCH,FIC_ET_DC_RF_Vbgs_0p01,B_existing_shap_interaction,1
TOPSIN_ET_C100Cap1pf,OHMIC_ET_Rsh_an_ct2,B_existing_shap_interaction,1
MEASURE_ET_lkg_50_at20V,MEASURE_ET_VIA_KLV,B_existing_shap_interaction,1
TOPSIN_ET_C100Cap1pf,MEASURE_ET_DC_RF2_MAG_26GHz,B_existing_shap_interaction,1
MEASURE_ET_DC_Big_S12dB_10GHz,MEASURE_ET_DC_SMALL_Ids_m0p2,B_existing_shap_interaction,1
SIN_GATE_ET_lkg_SY8_80,THIN_ET_Rcat_cn_3,B_existing_shap_interaction,1
MEASURE_ET_RF_Modeling_Mag_d,TOPSIN_ET_Cap3pf_0,C_existing_h_statistic,1
TOPSIN_ET_lkg_C450pf,MEASURE_ET_Rcat_cn_2,C_existing_h_statistic,1
THIN_ET_lkg_100_at20V,MEASURE_ET_C300pf,C_existing_h_statistic,1
TOPSIN_ET_lkg_C450pf,MEASURE_ET_CapPARCAP,C_existing_h_statistic,1
THIN_ET_DC_RF_Vg_optt3,TOPSIN_ET_lkg_C450pf,C_existing_h_statistic,1
TOPSIN_ET_lkg_C450pf,MEASURE_ET_DC_RF2_S22dB_26GHz,C_existing_h_statistic,1
TOPSIN_ET_lkg_C450pf,MEASURE_ET_DC_RF_Id_Vbon_min,C_existing_h_statistic,1
MEASURE_ET_DC_SEC_S_Ig_cut1_mAmm_neg_SD3p5,TOPSIN_ET_DC_PIV_Drain_Lag_1,C_existing_h_statistic,1
THIN_ET_lkg_100_at20V,TOPSIN_ET_DC_SMALL_Vdg_max,C_existing_h_statistic,1
SIN_GATE_ET_Rc_OG142_GN,TOPSIN_ET_DC_PIV_Drain_Lag_1,C_existing_h_statistic,1
MEASURE_ET_DC_RF2_S11ang_26GHz,TOPSIN_ET_DC_PIV_Drain_Lag_1,C_existing_h_statistic,1
TOPSIN_ET_lkg_C450pf,CATHODE_ET_Rcat_cn_2,C_existing_h_statistic,1
TOPSIN_ET_lkg_C450pf,MEASURE_ET_Rc_OG144,C_existing_h_statistic,1
TOPSIN_ET_C100Cap1pf,SIN_GATE_ET_Ran_con_2,D_tree_path_cooccurrence,1
TOPSIN_ET_C100Cap1pf,ANODE_ET_Probe_Number,D_tree_path_cooccurrence,1
MEASURE_ET_lkg_50_at20V,MEASURE_ET_DC_Stress_Id_stress_before,D_tree_path_cooccurrence,1
MEASURE_ET_DC_SEC_X_Ig_cut1_mAmm_pos,MEASURE_ET_DC_RF2_MAG_26GHz,D_tree_path_cooccurrence,1
TOPSIN_ET_C100Cap1pf,MEASURE_ET_DC_SEC_X_Vg_at_I3_pos,D_tree_path_cooccurrence,1
TOPSIN_ET_C100Cap1pf,MEASURE_ET_DC_RF2_S22dB_26GHz,D_tree_path_cooccurrence,1
TOPSIN_ET_C100Cap1pf,TOPSIN_ET_C300,D_tree_path_cooccurrence,1
MEASURE_ET_lkg_50_at20V,MEASURE_ET_DC_Big_S12dB_10GHz,D_tree_path_cooccurrence,1
TOPSIN_ET_C100Cap1pf,MEASURE_ET_RF_Modeling_Ls,D_tree_path_cooccurrence,1
TOPSIN_ET_C100Cap1pf,TOPSIN_ET_Load_Pull_P.A.E_Last,D_tree_path_cooccurrence,1
MEASURE_ET_DC_SEC_X_Ig_cut1_mAmm_pos_FPSD3p2,TOPSIN_ET_C100Cap1pf,D_tree_path_cooccurrence,1
TOPSIN_ET_C100Cap1pf,MEASURE_ET_Vbkdn_Cap100,D_tree_path_cooccurrence,1
FIC_ET_R_f_tn_2,ANODE_ET_Probe_Number,D_tree_path_cooccurrence,1
TOPSIN_ET_C100Cap1pf,THIN_ET_TF_AB_1,D_tree_path_cooccurrence,1
TOPSIN_ET_C100Cap1pf,THIN_ET_R_4000_HOR,D_tree_path_cooccurrence,1
TOPSIN_ET_DC_PIV_Drain_Lag_0,MEASURE_ET_DC_SMALL_Ids_m0p2,D_tree_path_cooccurrence,1
MEASURE_ET_DC_SEC_X_Vboff_Id,MEASURE_ET_DC_SEC_X_Vg_at_I3_pos,D_tree_path_cooccurrence,1
TOPSIN_ET_C100Cap1pf,MEASURE_ET_RF_Modeling_Gm,D_tree_path_cooccurrence,1
MEASURE_ET_DC_SEC_X_Ig_cut1_mAmm_pos,TOPSIN_ET_C100Cap2pf,D_tree_path_cooccurrence,1
TOPSIN_ET_DC_PIV_Drain_Lag_0,FIC_ET_Probe_Number,D_tree_path_cooccurrence,1
TOPSIN_ET_DC_RF_Vt_gd,SIN_GATE_ET_Ran_con_2,D_tree_path_cooccurrence,1
MEASURE_ET_DC_RF2_S21ang_26GHz,MEASURE_ET_DC_RF2_MAG_26GHz,D_tree_path_cooccurrence,1
TOPSIN_ET_C100Cap1pf,MEASURE_ET_DC_SEC_X_Ig_cut1_mAmm_pos,D_tree_path_cooccurrence,1
TOPSIN_ET_C100Cap1pf,MEASURE_ET_DC_SMALL_Ids_m0p2,D_tree_path_cooccurrence,1
MEASURE_ET_DC_Stress_Id_stress_before,MEASURE_ET_RF_Modeling_S21_25G_Before,D_tree_path_cooccurrence,1
THIN_ET_DC_RF_Vg_optt3,TOPSIN_ET_C100Cap1pf,D_tree_path_cooccurrence,1
MEASURE_ET_DC_SEC_Ids_min_ON,TOPSIN_ET_C100Cap1pf,D_tree_path_cooccurrence,1
TOPSIN_ET_C100Cap1pf,MEASURE_ET_DC_RF_Vg_Vbon_min,D_tree_path_cooccurrence,1
SIN_GATE_ET_RGAN2,MEASURE_ET_DC_RF2_MAG_26GHz,D_tree_path_cooccurrence,1
TOPSIN_ET_C100Cap1pf,TOPSIN_ET_DC_SMALL_Vbgs1,D_tree_path_cooccurrence,1
OHMIC_ET_Rsh_an_ct2,TOPSIN_ET_DC_PIV_Drain_Lag_0,D_tree_path_cooccurrence,1
MEASURE_ET_DC_SEC_X_Ig_cut1_mAmm_pos_FPSD3p2,FIC_ET_R_f_tn_2,D_tree_path_cooccurrence,1
MEASURE_ET_DC_SEC_X_Ig_cut1_mAmm_pos,MEASURE_ET_DC_SEC_Vgs_0p5V,D_tree_path_cooccurrence,1
FIC_ET_R_f_tn_2,THIN_ET_C200_0,D_tree_path_cooccurrence,1
MEASURE_ET_DC_RF_CF_S12_Mag_L1002,THIN_ET_Ran_con_2,D_tree_path_cooccurrence,1
MEASURE_ET_lkg_50_at20V,MEASURE_ET_DC_SMALL_Ids_m0p2,D_tree_path_cooccurrence,1
MEASURE_ET_lkg_50_at20V,MEASURE_ET_DC_RF_K_W,D_tree_path_cooccurrence,1
MEASURE_ET_DC_Stress_Id_stress_before,TOPSIN_ET_Rc_f_tn_23,D_tree_path_cooccurrence,1
TOPSIN_ET_C100Cap1pf,MEASURE_ET_RF_Modeling_S21_25G_Before,D_tree_path_cooccurrence,1
TOPSIN_ET_C100Cap1pf,TOPSIN_ET_DC_SMALL_Vbgd_0p1,D_tree_path_cooccurrence,1
MEASURE_ET_DC_Big_S12dB_10GHz,MEASURE_ET_DC_Stress_Id_stress_before,D_tree_path_cooccurrence,1
TOPSIN_ET_C100Cap1pf,MEASURE_ET_DC_SEC_X_Ig_mAmm_at_Vg_cond_neg,D_tree_path_cooccurrence,1
SIN_GATE_ET_RGAN2,ANODE_ET_Probe_Number,D_tree_path_cooccurrence,1
MEASURE_ET_DC_RF_CF_S22_Ph_L1018,TOPSIN_ET_Cap_C300,F_score_disagreement,1
THIN_ET_TF_AB_2,MEASURE_ET_Load_Pull_GL_set,F_score_disagreement,1
TOPSIN_ET_C300pf,TOPSIN_ET_R514,F_score_disagreement,1
MEASURE_ET_DC_SMALL_Vg_gm_max,TOPSIN_ET_CapFICBRGM,F_score_disagreement,1
TOPSIN_ET_C100CapFICM1,TOPSIN_ET_R514,F_score_disagreement,1
TOPSIN_ET_lkg_C450pf,SIN_Thickness2_RefractiveIndex,F_score_disagreement,1
MEASURE_ET_DC_SEC_S_Ig_mAmm_at_Vg_cond_pos,TOPSIN_ET_DC_PIV_Drain_Lag_1,F_score_disagreement,1
MEASURE_ET_USV_Cappf,MEASURE_ET_RF_Modeling_K,F_score_disagreement,1
THIN_ET_lkg_100_at20V,MEASURE_ET_Load_Pull_Id_ord,F_score_disagreement,1
MEASURE_ET_RF_Modeling_K,MEASURE_ET_DC_RF_Vt_gd,F_score_disagreement,1
GATE2_CD_358nm_Gate_Leg_Length,TOPSIN_ET_DC_PIV_Drain_Lag_1,F_score_disagreement,1
MEASURE_ET_C300M1B_0,MEASURE_ET_DC_RF_Max_S11_Freq_L1018,F_score_disagreement,1
SIN_GATE_ET_OHMC,THIN_ET_lkg_100_at20V,F_score_disagreement,1
THIN_ET_DC_RF_Vp_1,MEASURE_ET_DC_Stress_Vp_after,F_score_disagreement,1
MEASURE_ET_DC_RF_CF_S22_Ph_L1018,TOPSIN_ET_Cap2pf,F_score_disagreement,1
TOPSIN_ET_CapFICM1_0,TOPSIN_ET_DC_PIV_Ids0_QP3,F_score_disagreement,1
THIN_ET_lkg_100_at20V,BRIDGE_METAL_CD_BRGM_Final_metal_CD,F_score_disagreement,1
MEASURE_ET_DC_RF_CF_S22_Ph_L1018,MEASURE_ET_DC_RF_Vt_gd,F_score_disagreement,1
GATE2_CD_358nm_Gate_Win_Length,TOPSIN_ET_DC_PIV_Drain_Lag_1,F_score_disagreement,1
MEASURE_ET_DC_RF_Max_S11_Freq_L1002,TOPSIN_ET_R514,F_score_disagreement,1
