raw_csv_parameter_name,permutation_importance,permutation_fold_consistency,ablation_effect,ablation_fold_consistency,evidence_label
VendorName_EPI_B,1.07575,5/5,0.7124,5/5,STRONG
Technology_PHEMT_0.25um,0.9939,5/5,0.7017,5/5,STRONG
Technology_PHEMT_0.15um,0.36505,5/5,0.20984,5/5,STRONG
Sort_Yield_target[%]_88,0.33867,5/5,0.20831,5/5,STRONG
Version_V2.0,0.33339,5/5,0.21447,5/5,STRONG
VendorName_EPI_A,0.32416,5/5,0.20223,5/5,STRONG
Sort_Yield_target[%]_90,0.32077,5/5,0.20995,5/5,STRONG
VendorName_EPI_C,0.30808,5/5,0.18446,5/5,STRONG
Technology_PHEMT_0.35um,0.29914,5/5,0.16717,5/5,STRONG
MEASURE_ET_DC_RD_MSG_18GHz,0.2265,5/5,0.15064,5/5,STRONG
Version_V1.1,0.22434,5/5,0.13476,4/5,STRONG
MEASURE_ET_DC_SEC_S_Id_mA_mm_at_Vg3_FPSD3p2,0.20481,5/5,0.13567,5/5,STRONG
SIN_ET_DC_RF_Vg_optt3,0.16812,5/5,0.11714,5/5,STRONG
MEASURE_ET_DC_RD_Ft,0.16027,5/5,0.09452,5/5,STRONG
FMESA_ET_Probe_Number,0.15654,5/5,0.09934,5/5,STRONG
MEASURE_ET_DC_SEC_X_Id_mA_mm_at_Vg3_SD3p5,0.15116,5/5,0.08371,5/5,STRONG
MEASURE_ET_LT_SEC_Vbgd1_Vd7,0.14865,5/5,0.11096,5/5,STRONG
MEASURE_ET_R414,0.1443,5/5,0.08846,4/5,STRONG
FIC_ET_Gate_res,0.14412,5/5,0.08168,5/5,STRONG
FIC_ET_Bad_Gates,0.14247,5/5,0.09494,5/5,STRONG
THIN_ET_R_f_tn_1,0.14004,5/5,0.08969,5/5,STRONG
MEASURE_ET_DC_SEC_S_Id_mA_mm_at_Vg2_SD3p5,0.13224,5/5,0.08467,5/5,STRONG
SIN_ET_DC_RF_Vp_1,0.12867,5/5,0.08251,5/5,STRONG
MEASURE_ET_LT_SEC_Id_min_mA_mm,0.12783,5/5,0.07925,5/5,STRONG
MEASURE_ET_DC_RF_Vbgs_0p1,0.12572,5/5,0.09069,5/5,STRONG
MEASURE_ET_LT_SEC_Vd_Id_min_Vd8,0.1228,5/5,0.07442,5/5,STRONG
THIN_ET_C_AN_2_OW_CR,0.11669,5/5,0.06682,5/5,STRONG
MEASURE_ET_i5021_1,0.11645,5/5,0.06997,5/5,STRONG
TOPSIN_ET_DC_RF_Vp_01,0.11477,5/5,0.07327,5/5,STRONG
FIC_ET_Ids_m2,0.11304,5/5,0.05971,5/5,STRONG
MEASURE_ET_DC_RF_Vp_1_W,0.11215,5/5,0.07425,5/5,STRONG
TOPSIN_ET_DC_SMALL_Vbgs_0p01,0.10991,5/5,0.07514,5/5,STRONG
FIC_ET_DC_PIV_Ids1_QP3,0.10715,5/5,0.0703,5/5,STRONG
TOPSIN_ET_DC_RF_Vbgs_0p1,0.10691,4/5,0.07512,4/5,STRONG
SIN_GATE_ET_Rsh_an_ct2,0.10665,5/5,0.06108,5/5,STRONG
MEASURE_ET_DC_SEC_S_Vp_1_mA_mm_second_FPSD3p2,0.10642,5/5,0.0713,5/5,STRONG
MEASURE_ET_DC_SEC_X_Vp_1_mA_mm_second_FPSD3p2,0.10557,5/5,0.07497,5/5,STRONG
MEASURE_ET_DC_RF_Vp_01_W,0.10552,5/5,0.06678,5/5,STRONG
TFRP_ET_Probe_Number,0.10505,5/5,0.06636,5/5,STRONG
MEASURE_ET_DC_Big_Vp_01,0.10273,5/5,0.05789,4/5,STRONG
MEASURE_ET_DC_SEC_S_Vp_1_mA_mm_second,0.10272,5/5,0.07047,5/5,STRONG
FIC_ET_DC_RF_Vp_1,0.1027,5/5,0.06658,4/5,STRONG
THIN_ET_DC_RF_Vbgs1,0.10263,5/5,0.06063,5/5,STRONG
TOPSIN_ET_DC_SMALL_Vp_1,0.10258,5/5,0.07448,5/5,STRONG
MEASURE_ET_DC_SEC_S_Vp_0p7_mA_mm,0.1023,5/5,0.07709,5/5,STRONG
MEASURE_ET_DC_SEC_X_Vg_at_I2_pos,0.10115,5/5,0.06386,5/5,STRONG
MEASURE_ET_C100CapM1BRGM,0.1,5/5,0.06117,5/5,STRONG
MEASURE_ET_DC_SMALL_Vbgd1,0.09995,4/5,0.06209,5/5,STRONG
MEASURE_ET_DC_SMALL_Vbgd_0p01,0.09991,5/5,0.07633,5/5,STRONG
MEASURE_ET_RF_Modeling_K,0.09978,5/5,0.05276,5/5,STRONG
FIC_ET_Vp_1,0.09916,5/5,0.07194,4/5,STRONG
MEASURE_ET_RF_Modeling_Vp_1_W,0.09895,5/5,0.06588,4/5,STRONG
MEASURE_ET_Load_Pull_IG_comp_Last_uA,0.09885,5/5,0.05379,4/5,STRONG
MEASURE_ET_DC_SEC_S_Vp_1_mA_mm_first_SD3p5,0.0987,5/5,0.06851,5/5,STRONG
EBCR2_CD_Gate_Leg_Length,0.09793,5/5,0.06783,5/5,STRONG
MEASURE_ET_DC_RF_Vp_1,0.09793,5/5,0.06844,4/5,STRONG
MEASURE_ET_DC_SEC_S_Ig_cut1_mAmm_pos,0.09774,5/5,0.04956,5/5,STRONG
MEASURE_ET_DC_SEC_X_Vp_1_mA_mm_second_SD3p5,0.09713,5/5,0.06498,5/5,STRONG
MEASURE_ET_DC_SEC_X_Id_at_Vboff_mA_mm_SD3p5,0.0971,5/5,0.06471,5/5,STRONG
TOPSIN_ET_Rc_f_tn_23,0.09654,5/5,0.06221,5/5,STRONG
GATE2_CD_Gate_Leg_Length,0.09593,5/5,0.06687,5/5,STRONG
TOPSIN_ET_CapM1BRGM_0,0.09572,5/5,0.0622,4/5,STRONG
MEASURE_ET_DC_RF_Gm_m0p2_W,0.09535,5/5,0.05239,5/5,STRONG
MEASURE_ET_DC_SEC_S_Vp_1_mA_mm,0.0953,5/5,0.06275,5/5,STRONG
MEASURE_ET_VIA_KLV,0.09497,5/5,0.06104,5/5,STRONG
MEASURE_ET_DC_SMALL_Gm_m0p2,0.09437,5/5,0.05816,5/5,STRONG
MEASURE_ET_DC_RF_S12dB_26GHz,0.09436,5/5,0.06588,5/5,STRONG
FIC_ET_DC_RF_Vds_max_0p1,0.0936,5/5,0.05192,5/5,STRONG
TOPSIN_ET_DC_SMALL_Gm_m0p2,0.09315,5/5,0.05338,5/5,STRONG
MEASURE_ET_DC_SEC_Vp_1mA,0.09295,5/5,0.05878,5/5,STRONG
Customer_Customer_B,0.09271,5/5,0.06578,5/5,STRONG
MEASURE_ET_DC_Stress_Vp_after,0.09265,5/5,0.05546,4/5,STRONG
MEASURE_ET_DC_SEC_X_Vp_1_mA_mm_first_SD3p5,0.09256,5/5,0.06356,5/5,STRONG
FIC_ET_DC_RF_Vp_01,0.09211,5/5,0.05639,5/5,STRONG
TOPSIN_ET_R114,0.09202,5/5,0.04499,5/5,STRONG
TOPSIN_ET_CapPARCAP_0,0.09185,5/5,0.06441,5/5,STRONG
MEASURE_ET_DC_RF_S22ang_10GHz,0.09138,5/5,0.05934,5/5,STRONG
MEASURE_ET_RF_Modeling_Rgs,0.09115,4/5,0.04779,4/5,STRONG
MEASURE_ET_LT_SEC_Id_min_mA_mm_Vd8,0.09096,5/5,0.0412,5/5,STRONG
MEASURE_ET_RF_Modeling_Vg_gm_max_W,0.0904,5/5,0.05798,5/5,STRONG
SIN_ET_DC_RF_Vdg_max_0p1mA,0.09012,5/5,0.04956,5/5,STRONG
THIN_ET_DC_RF_Vp_1,0.09,5/5,0.05236,4/5,STRONG
MEASURE_ET_DC_SEC_X_Vp_1_mA_mm,0.08998,5/5,0.06115,5/5,STRONG
MEASURE_ET_DC_Big_Vg_max_Vd,0.08997,5/5,0.05216,5/5,STRONG
TOPSIN_ET_Vp_1,0.08982,5/5,0.06033,4/5,STRONG
TOPSIN_ET_DC_SMALL_Vp_01,0.08912,5/5,0.06915,5/5,STRONG
MaskSetName_MS_D,0.089,4/5,0.06819,4/5,STRONG
BRGM_ET_i5021_2,0.08819,5/5,0.05566,5/5,STRONG
MEASURE_ET_DC_SEC_S_Vp_1_mA_mm_first_FPSD3p2,0.08791,5/5,0.06201,4/5,STRONG
TOPSIN_ET_DC_SMALL_Gm_max,0.08776,5/5,0.05515,5/5,STRONG
THIN_ET_Ran_con_1,0.08687,5/5,0.06128,5/5,STRONG
MEASURE_ET_DC_RF_S11ang_26GHz_W,0.08683,5/5,0.05419,5/5,STRONG
MESA_Height_Mesa_Height,0.08617,5/5,0.04886,5/5,STRONG
MEASURE_ET_DC_RF_CF_S22_Ph_L1002,0.08575,5/5,0.05506,5/5,STRONG
MEASURE_ET_DC_Big_Gm_max,0.08482,5/5,0.0563,4/5,STRONG
MEASURE_ET_Vbpin,0.08443,5/5,0.04674,5/5,STRONG
MEASURE_ET_DC_SEC_X_Vp_0p7_mA_mm,0.08371,5/5,0.05488,5/5,STRONG
MEASURE_ET_Ran_con_1,0.08335,5/5,0.05082,5/5,STRONG
MEASURE_ET_DC_Stress_Gm_max_after,0.08276,5/5,0.05177,4/5,STRONG
MEASURE_ET_DC_RD_S12dB_18GHz,0.08271,5/5,0.04711,5/5,STRONG
FIC_ET_Gm_m2,0.0827,5/5,0.05628,5/5,STRONG
TOPSIN_ET_DC_RF_Vp_1,0.08206,5/5,0.05209,4/5,STRONG
MEASURE_ET_DC_SEC_X_Vp_1_mA_mm_second,0.0818,5/5,0.05714,5/5,STRONG
THIN_ET_R_f_tn_2,0.08179,5/5,0.04558,5/5,STRONG
MEASURE_ET_DC_RD_S21ang_18GHz,0.08161,5/5,0.04519,4/5,STRONG
MEASURE_ET_DC_SMALL_Vp_1,0.08136,5/5,0.05837,4/5,STRONG
MEASURE_ET_Vp_1,0.0806,5/5,0.05562,4/5,STRONG
MEASURE_ET_DC_Big_S22ang_10GHz,0.07867,5/5,0.05033,5/5,STRONG
TOPSIN_ET_CapFICBRGM,0.0786,5/5,0.04735,4/5,STRONG
MEASURE_ET_DC_SEC_X_Vp_1_mA_mm_first,0.07843,4/5,0.05821,4/5,STRONG
MEASURE_ET_DC_SEC_Imax,0.07821,5/5,0.04045,5/5,STRONG
MEASURE_ET_R_f_tn_3,0.07808,5/5,0.03753,5/5,STRONG
MEASURE_ET_DC_SEC_X_Ig_cut1_mAmm_pos,0.07797,5/5,0.04748,5/5,STRONG
MEASURE_ET_RF_Modeling_Delta_MAG_25G,0.07766,5/5,0.04495,5/5,STRONG
MEASURE_ET_DC_SEC_X_Bin,0.07732,5/5,0.04915,5/5,STRONG
TOPSIN_ET_DC_SMALL_Vg_max_Vd,0.07711,5/5,0.04254,5/5,STRONG
MEASURE_ET_DC_SEC_Gm_m0p2,0.07708,5/5,0.04803,4/5,STRONG
TOPSIN_ET_Gm_m2,0.07708,5/5,0.05107,5/5,STRONG
MEASURE_ET_DC_SMALL_Vp_01,0.0766,5/5,0.05304,4/5,STRONG
MEASURE_ET_DC_RD_K,0.07649,5/5,0.04474,5/5,STRONG
MEASURE_ET_DC_RF_Gm_0,0.07625,5/5,0.05337,5/5,STRONG
THIN_ET_DC_RF_n_gs,0.07613,5/5,0.03541,4/5,STRONG
MEASURE_ET_DC_Big_Vp_1,0.0761,5/5,0.05167,4/5,STRONG
MEASURE_ET_DC_RF_Vboff,0.07609,5/5,0.04309,5/5,STRONG
THIN_ET_DC_RF_Vbin_gs,0.07593,5/5,0.04863,5/5,STRONG
TOPSIN_ET_DC_RF_Vbgd_0p1,0.07499,5/5,0.03978,4/5,STRONG
THIN_ET_DC_RF_Gm_m0p2,0.07489,5/5,0.04829,4/5,STRONG
MEASURE_ET_DC_SEC_X_Ig_cut2_mAmm_pos_FPSD3p2,0.07466,5/5,0.04375,5/5,STRONG
TOPSIN_ET_DC_RF_Gm_m0p2,0.07442,5/5,0.04924,4/5,STRONG
MEASURE_ET_DC_SEC_S_Ig_cut3_mAmm_neg_SD3p5,0.07396,4/5,0.05031,4/5,STRONG
BRGM_ET_C300,0.07389,5/5,0.05114,5/5,STRONG
MEASURE_ET_DC_SEC_X_Vg_at_I1_pos_SD3p5,0.07375,5/5,0.0411,5/5,STRONG
TOPSIN_ET_DC_RF_Id_gm_max,0.07357,5/5,0.04566,5/5,STRONG
MEASURE_ET_TF_AB_2,0.07342,4/5,0.05034,4/5,STRONG
BRGM_ET_F_AB,0.07324,5/5,0.04453,4/5,STRONG
MEASURE_ET_DC_Stress_Vp_delta,0.07318,5/5,0.04557,4/5,STRONG
THIN_ET_DC_RF_Id_gm_max,0.07266,5/5,0.04887,4/5,STRONG
MEASURE_ET_Rc_f_hr_23,0.07261,5/5,0.05134,5/5,STRONG
TOPSIN_ET_C100CapM1BRGM,0.07249,5/5,0.04916,4/5,STRONG
THIN_ET_Rc_F_AB_2,0.0724,5/5,0.04648,5/5,STRONG
MEASURE_ET_DC_RF_CF_S22_Ph_L1018,0.07232,5/5,0.03539,4/5,STRONG
MEASURE_ET_DC_Diode_S11_dB_forw,0.07231,5/5,0.04181,4/5,STRONG
MEASURE_ET_DC_SEC_S_Vg_at_I2_neg_SD3p5,0.07176,5/5,0.05832,5/5,STRONG
MEASURE_ET_DC_RF_S11dB_26GHz_W,0.07176,5/5,0.047,5/5,STRONG
MEASURE_ET_DC_Big_Vg_gm_max,0.07171,5/5,0.0437,4/5,STRONG
TOPSIN_ET_R_f_tn_3,0.07168,5/5,0.04836,4/5,STRONG
FIC_ET_Vg_gm_max,0.07115,5/5,0.04638,4/5,STRONG
MEASURE_ET_RF_Modeling_Vp_01_W,0.07089,5/5,0.04751,4/5,STRONG
MEASURE_ET_lkg_CapFICBRGM,0.07074,5/5,0.04986,4/5,STRONG
MEASURE_ET_DC_SMALL_Gm_0,0.07065,5/5,0.04121,4/5,STRONG
MEASURE_ET_DC_Stress_Gm_max_before,0.07059,5/5,0.04562,4/5,STRONG
BRGM_ET_TR_1F,0.07053,5/5,0.04311,4/5,STRONG
MEASURE_ET_DC_SEC_X_Vp_1_mA_mm_first_FPSD3p2,0.07017,5/5,0.05025,4/5,STRONG
MEASURE_ET_DC_RF2_S22dB_26GHz,0.06951,5/5,0.03853,5/5,STRONG
TOPSIN_ET_TR_1F,0.06916,5/5,0.04526,4/5,STRONG
MEASURE_ET_DC_SEC_Vp_10mA,0.06907,5/5,0.04405,4/5,STRONG
FIN_FIN_Alignment_FIN_to_ohmic_alignment,0.06904,5/5,0.04741,5/5,STRONG
MEASURE_ET_DC_SEC_S_ChipStatus,0.0679,5/5,0.04938,5/5,STRONG
MEASURE_ET_DC_PIV_Imax_QP2,0.06781,5/5,0.03648,4/5,STRONG
SIN_ET_DC_RF_Vg_gm_max,0.06778,5/5,0.03985,4/5,STRONG
CATHODE_ET_Rsh_cat_c2_OW_ST,0.06751,5/5,0.04535,5/5,STRONG
BRGM_Height2_BRGM_Height2,0.06745,5/5,0.04145,4/5,STRONG
MEASURE_ET_LT_SEC_Vd_Id_min_Vd7,0.06729,5/5,0.03915,5/5,STRONG
MEASURE_ET_DC_RF_S22dB_26GHz_W,0.06715,5/5,0.0424,5/5,STRONG
MEASURE_ET_DC_RF_S22dB_26GHz,0.0666,5/5,0.04758,5/5,STRONG
CATHODE_ET_Rcat_cn_1_OW_ST,0.06635,5/5,0.04537,5/5,STRONG
MEASURE_ET_C300M1B_0,0.06613,5/5,0.05099,5/5,STRONG
MaskSetName_MS_C,0.06612,5/5,0.05232,5/5,STRONG
MEASURE_ET_DC_RF_Vp_01,0.06601,5/5,0.04272,4/5,STRONG
MEASURE_ET_CapM1BRGM,0.06597,5/5,0.04405,4/5,STRONG
MEASURE_ET_DC_RF_Vg_gm_max_W,0.06594,5/5,0.05069,5/5,STRONG
THIN_ET_Rcat_cn_1,0.06593,5/5,0.04533,4/5,STRONG
THIN_Measure1_Glue_thickness,0.06579,5/5,0.04221,5/5,STRONG
MEASURE_ET_DC_RF_Max_S11_Freq_L1018,0.06528,5/5,0.03827,5/5,STRONG
TOPSIN_ET_DC_RF_Vdg_max,0.06528,5/5,0.05085,5/5,STRONG
MEASURE_ET_DC_RF_Vt_gs,0.06496,5/5,0.04382,5/5,STRONG
MEASURE_ET_DC_SEC_Vds_min_ON,0.06494,5/5,0.0415,4/5,STRONG
MEASURE_ET_DC_SEC_Imax_7V,0.06491,5/5,0.04007,4/5,STRONG
SIN_GATE_ET_Ran_con_3,0.06471,5/5,0.03887,5/5,STRONG
TOPSIN_ET_Load_Pull_PhL_set,0.06451,5/5,0.03989,5/5,STRONG
THIN_ET_DC_RF_Vp_01,0.06448,5/5,0.04169,4/5,STRONG
MEASURE_ET_DC_SEC_Vgs_0p1V,0.06441,5/5,0.04597,5/5,STRONG
SIN_ET_DC_RF_Gm_m0p2,0.06417,5/5,0.03493,4/5,STRONG
MEASURE_ET_DC_SEC_S_Vg_at_I3_pos_SD3p5,0.06413,4/5,0.03101,4/5,STRONG
MEASURE_ET_DC_RF_Max_S11_Freq_L1002,0.06396,5/5,0.03773,5/5,STRONG
MEASURE_ET_DC_RF_Gm_max,0.06328,5/5,0.03409,4/5,STRONG
MEASURE_ET_DC_SEC_S_Ron,0.06301,5/5,0.03503,5/5,STRONG
BRGM_ET_lkg_C300,0.0627,5/5,0.04324,4/5,STRONG
MEASURE_ET_Gm_m2,0.06267,5/5,0.03151,4/5,STRONG
MEASURE_ET_DC_RF_n_gd,0.06264,5/5,0.04313,5/5,STRONG
MEASURE_ET_DC_SEC_Idss,0.06258,5/5,0.03113,5/5,STRONG
MEASURE_ET_DC_SEC_X_Ig_cut2_mAmm_pos_SD3p5,0.06238,5/5,0.03836,5/5,STRONG
MEASURE_ET_DC_RF_Vt_gd,0.06238,5/5,0.04063,5/5,STRONG
TOPSIN_ET_C100Cap1pf,0.06208,5/5,0.04372,5/5,STRONG
SIN_ET_DC_RF_Gm_0,0.06203,5/5,0.04513,3/5,STRONG
MEASURE_ET_DC_SEC_S_Ig_cut2_mAmm_neg_FPSD3p2,0.06197,5/5,0.05143,5/5,STRONG
MEASURE_ET_RF_Modeling_R_Gs,0.06196,5/5,0.04088,5/5,STRONG
MEASURE_ET_DC_SEC_S_Vboff_Id_FPSD3p2,0.06178,5/5,0.04442,4/5,STRONG
FIC_ET_DC_RF_Gm_0,0.06168,5/5,0.03515,4/5,STRONG
TOPSIN_ET_DC_SMALL_Id_gm_max,0.06153,5/5,0.04139,4/5,STRONG
MEASURE_ET_DC_RF2_S11dB_26GHz,0.06146,5/5,0.03546,5/5,STRONG
SIN_ET_DC_PIV_Drain_Lag_Imax,0.06138,5/5,0.04182,5/5,STRONG
MEASURE_ET_DC_RF_CF_S22_Mag_L1018,0.06138,5/5,0.03515,3/5,STRONG
MEASURE_ET_DC_SEC_S_Ig_cut1_mAmm_neg_SD3p5,0.06134,4/5,0.044,3/5,STRONG
SIN_ET_DC_RF_Vp_01,0.0611,5/5,0.04154,4/5,STRONG
MEASURE_ET_Rc_cat_ct2_OW_ST,0.06083,5/5,0.03819,5/5,STRONG
MEASURE_ET_RF_Modeling_Gm_max_W,0.06075,5/5,0.0403,4/5,STRONG
MEASURE_ET_DC_SEC_S_Vboff_Id_plus_Ig_FPSD3p2,0.06069,5/5,0.03745,5/5,STRONG
BRGM_ET_lkg_SY07_10,0.06052,5/5,0.03781,4/5,STRONG
MEASURE_ET_R_660_VER,0.06009,5/5,0.04752,5/5,STRONG
THIN_ET_Rc_cat_ct2_OW_ST,0.05998,5/5,0.04069,5/5,STRONG
FIC_ET_Gm_max,0.05977,5/5,0.03715,4/5,STRONG
MEASURE_ET_C300pf,0.05976,5/5,0.0412,5/5,STRONG
CATHODE_ET_Rc_cat_ct2_OW_ST,0.05975,5/5,0.04856,5/5,STRONG
MEASURE_ET_RF_Modeling_Rs,0.05974,4/5,0.04019,4/5,STRONG
MEASURE_ET_DC_SEC_X_Ig_cut1_mAmm_neg_SD3p5,0.05965,5/5,0.03676,5/5,STRONG
BRGM_ET_lkg_SY8_80,0.05958,5/5,0.03333,4/5,STRONG
MEASURE_ET_DC_RF_Vg_gm_max,0.05955,5/5,0.03746,4/5,STRONG
MEASURE_ET_CapFICBRGM_0,0.05925,5/5,0.03775,4/5,STRONG
MEASURE_ET_DC_SEC_X_Vg_at_I1_pos_FPSD3p2,0.05893,5/5,0.03135,4/5,STRONG
THIN_ET_DC_RF_Gm_0,0.05887,5/5,0.03899,5/5,STRONG
MEASURE_ET_DC_SEC_S_Vp_1_mA_mm_first,0.05877,5/5,0.04765,4/5,STRONG
THIN_ET_DC_RF_Vds_max_0p1mA,0.05872,5/5,0.03382,5/5,STRONG
FIC_ET_Rc_OG142,0.05836,5/5,0.03889,5/5,STRONG
TOPSIN_ET_DC_RF_Vt_gd,0.0579,5/5,0.03182,4/5,STRONG
WIN_WIN_Alignment_WIN_to_FIN_Alignment,0.05785,5/5,0.04463,5/5,STRONG
THIN_ET_i5021_1,0.05782,5/5,0.03846,5/5,STRONG
TOPSIN_ET_R414,0.05746,5/5,0.04291,5/5,STRONG
SIN_ET_DC_RF_Id_gm_max,0.05741,5/5,0.03755,4/5,STRONG
ANODE_ET_Ran_con_3,0.05721,4/5,0.03967,5/5,STRONG
FIC_ET_sh_f_tn_23,0.05715,4/5,0.04493,4/5,STRONG
THIN_ET_DC_RF_Vg_gm_max,0.05711,5/5,0.03624,4/5,STRONG
MEASURE_ET_DC_Stress_Id_gm_max_before,0.05711,5/5,0.03207,3/5,STRONG
MEASURE_ET_RF_Modeling_Gds_err,0.05703,5/5,0.04114,5/5,STRONG
MEASURE_ET_DC_RF_Min_S21_Ph_L1018,0.05696,5/5,0.0429,5/5,STRONG
FIC_ET_DC_RF_Vdg_max_0p1mA,0.05685,5/5,0.04498,4/5,STRONG
BRIDGE_METAL_Height_Final_TOP_metal_thickness,0.05678,5/5,0.03132,5/5,STRONG
MEASURE_ET_DC_RF_Freq_cut_L1018,0.05646,4/5,0.04079,4/5,STRONG
MEASURE_ET_CapM1BRGM_0,0.05631,5/5,0.03685,4/5,STRONG
MEASURE_ET_Vg_gm_max,0.05614,5/5,0.03282,4/5,STRONG
TOPSIN_ET_DC_SMALL_Vbgd_0p1,0.05587,5/5,0.03451,5/5,STRONG
MEASURE_ET_DC_SEC_Gm_0,0.05581,5/5,0.02985,4/5,STRONG
MEASURE_ET_DC_Big_Vg_optt2,0.05573,5/5,0.04609,5/5,STRONG
MEASURE_ET_DC_Big_Id_gm_max,0.05569,4/5,0.03333,4/5,STRONG
GATE2_ET_Ids2_Gate_recess_current,0.05567,5/5,0.03093,5/5,STRONG
MEASURE_ET_DC_RD_Vboff,0.05556,5/5,0.03366,5/5,STRONG
THIN_ET_Probe_Number,0.05534,5/5,0.0341,5/5,STRONG
THIN_ET_DC_RF_Imax,0.05531,5/5,0.03395,5/5,STRONG
FIC_ET_DC_RF_Gm_m0p2,0.05528,5/5,0.03497,4/5,STRONG
MEASURE_ET_DC_SEC_X_Id_plus_Ig_at_Vboff_mA_mm_FPSD3p2,0.05525,5/5,0.03387,5/5,STRONG
MEASURE_ET_DC_SEC_Vboff_Vds_min_ON,0.05504,5/5,0.03841,5/5,STRONG
MEASURE_ET_RGAN1,0.05482,5/5,0.03094,4/5,STRONG
MEASURE_ET_RF_Modeling_Lg,0.05462,5/5,0.03348,5/5,STRONG
BRGM_ET_Cap_C300,0.05456,5/5,0.03042,4/5,STRONG
MEASURE_ET_DC_RF_Max_S11_Ph_L1002,0.05456,5/5,0.04041,5/5,STRONG
SIN_ET_DC_RF_Vbgs_0p1,0.05425,5/5,0.03563,5/5,STRONG
SIN_ET_DC_PIV_Imax_QP2,0.05424,5/5,0.03819,5/5,STRONG
MEASURE_ET_DC_Stress_Vp_before,0.05401,5/5,0.04212,4/5,STRONG
MEASURE_ET_DC_SEC_Id_gm_max,0.05354,5/5,0.03115,4/5,STRONG
MEASURE_ET_DC_RF_Id_gm_max_W,0.05353,5/5,0.03243,4/5,STRONG
MEASURE_ET_DC_RF_Imax,0.05313,5/5,0.03292,4/5,STRONG
MEASURE_ET_RF_Modeling_Gm,0.053,5/5,0.03521,4/5,STRONG
FIC_ET_Vds_max,0.05299,4/5,0.03003,4/5,STRONG
TOPSIN_ET_C100CapFICBRGM,0.05291,5/5,0.02978,4/5,STRONG
TOPSIN_ET_I_5,0.05279,5/5,0.03802,5/5,STRONG
MEASURE_ET_DC_RF_Gm_m0p2,0.05272,5/5,0.02931,4/5,STRONG
MEASURE_ET_DC_RF_Gm_0_W,0.05272,5/5,0.03847,4/5,STRONG
MEASURE_ET_DC_Stress_Vg_gm_max_before,0.05259,5/5,0.03355,4/5,STRONG
MEASURE_ET_DC_SEC_S_Vg_at_I2_pos,0.05255,5/5,0.03,5/5,STRONG
TOPSIN_ET_lkg_CapFICBRGM,0.05255,5/5,0.03228,4/5,STRONG
MEASURE_ET_RF_Modeling_S12ang_10GHz,0.05252,5/5,0.03199,5/5,STRONG
MEASURE_ET_DC_RF2_S12ang_26GHz,0.05239,5/5,0.03708,5/5,STRONG
MEASURE_ET_Rc_TF_AB_2,0.05234,5/5,0.04033,5/5,STRONG
MEASURE_ET_DC_SMALL_Id_gm_max,0.05233,5/5,0.03015,3/5,STRONG
THIN_ET_Vbpin,0.05231,5/5,0.03505,5/5,STRONG
TOPSIN_ET_Gm_max,0.05216,5/5,0.02932,4/5,STRONG
MEASURE_ET_RF_Modeling_Gm_0_W,0.05208,5/5,0.03466,3/5,STRONG
TOPSIN_ET_DC_SMALL_Vdg_max,0.05201,4/5,0.03886,4/5,STRONG
MEASURE_ET_DC_SEC_Vgs_back_0p5V,0.05189,5/5,0.03675,5/5,STRONG
MEASURE_ET_DC_Stress_Idss_before,0.05187,5/5,0.0324,5/5,STRONG
THIN_ET_Cap20,0.05169,5/5,0.03899,5/5,STRONG
FIC_ET_R214,0.05161,5/5,0.03352,4/5,STRONG
MEASURE_ET_DC_RF_Vg_max_Vd_0p1mA,0.05135,5/5,0.03695,4/5,STRONG
MEASURE_ET_sh_GA144,0.05128,5/5,0.03848,5/5,STRONG
FIC_ET_DC_RF_Vbin_gs,0.05115,5/5,0.03216,5/5,STRONG
FIC_ET_Rc_f_hr_23,0.05087,4/5,0.04038,4/5,STRONG
TOPSIN_ET_G2_per_6K,0.05077,5/5,0.03092,5/5,STRONG
MEASURE_ET_Gm_max,0.05057,5/5,0.0265,4/5,STRONG
TOPSIN_ET_DC_SMALL_Vg_max_Vd_0p1,0.05052,5/5,0.02626,5/5,STRONG
TOPSIN_ET_DC_RF_Gm_0,0.05049,5/5,0.0366,5/5,STRONG
MEASURE_ET_DC_SEC_X_Vboff_Id,0.05047,5/5,0.03073,4/5,STRONG
THIN_ET_R_660_VER,0.05036,5/5,0.02568,5/5,STRONG
MEASURE_ET_DC_Big_Vds_max_0p1mA,0.05032,5/5,0.03755,5/5,STRONG
THIN_ET_sh_GA142,0.04962,5/5,0.02951,5/5,STRONG
TOPSIN_ET_DC_SMALL_Gm_0,0.0495,5/5,0.03229,4/5,STRONG
MEASURE_ET_DC_SEC_X_Vg_at_I1_pos,0.04944,5/5,0.03467,5/5,STRONG
TOPSIN_ET_DC_RF_Gm_max,0.04931,5/5,0.03247,5/5,STRONG
SIN_ET_DC_RF_Vg_max_Vd,0.04911,5/5,0.02279,5/5,STRONG
MEASURE_ET_DC_SEC_S_Ids_max_SD3p5,0.0491,5/5,0.03214,5/5,STRONG
TOPSIN_ET_DC_RF_Vbin_gs,0.04896,4/5,0.02346,5/5,STRONG
MEASURE_ET_RF_Modeling_Id_gm_max_W,0.04895,5/5,0.03069,5/5,STRONG
MEASURE_ET_DC_Big_Imax,0.04864,5/5,0.03406,5/5,STRONG
TOPSIN_ET_Gate_res,0.04862,5/5,0.03089,5/5,STRONG
MEASURE_ET_DC_SEC_Vds_max_ON,0.04844,5/5,0.03832,5/5,STRONG
Customer_Customer_A,0.04835,5/5,0.03626,5/5,STRONG
BRGM_ET_Rsh_F_AB_2,0.04826,5/5,0.02683,4/5,STRONG
BRGM_ET_C200_0,0.04818,5/5,0.03395,4/5,STRONG
MEASURE_ET_Rcat_cn_2,0.04816,5/5,0.03723,5/5,STRONG
OHMIC_ET_Rc_OG142,0.04816,5/5,0.0395,5/5,STRONG
MEASURE_ET_C300FB,0.04815,5/5,0.03648,5/5,STRONG
MEASURE_ET_DC_SEC_S_Ig_mAmm_at_Vg_cond_neg_SD3p5,0.04762,5/5,0.03567,5/5,STRONG
TOPSIN_ET_DC_SMALL_Idss,0.04753,5/5,0.0276,5/5,STRONG
MEASURE_ET_DC_SEC_S_Vp_1_mA_mm_second_SD3p5,0.04748,5/5,0.03949,4/5,STRONG
MEASURE_ET_DC_SEC_Imax_6V,0.04739,5/5,0.03113,5/5,STRONG
SIN_ET_DC_PIV_Idss_QP2,0.04738,5/5,0.0254,4/5,STRONG
FIC_ET_DC_RF_Gm_max,0.0473,5/5,0.02978,4/5,STRONG
MEASURE_ET_DC_SEC_S_Ron_FPSD3p2,0.0472,5/5,0.03324,5/5,STRONG
THIN_ET_TF_AB_3,0.04706,5/5,0.02861,4/5,STRONG
MEASURE_ET_Ids_m2,0.04703,5/5,0.03519,4/5,STRONG
MEASURE_ET_DC_SEC_X_Vg_at_I1_neg_FPSD3p2,0.04699,5/5,0.04011,5/5,STRONG
SIN_ET_Probe_Number,0.04687,5/5,0.03071,4/5,STRONG
MEASURE_ET_RF_Modeling_S21ang_10GHz,0.04638,5/5,0.02332,5/5,STRONG
TOPSIN_ThicknessGN_SiN_Thickness,0.04637,5/5,0.03255,5/5,STRONG
MEASURE_ET_DC_RF_S21ang_10GHz,0.04635,5/5,0.02646,5/5,STRONG
THIN_ET_Rcat_cn_1_OW_ST,0.04625,5/5,0.03279,5/5,STRONG
MEASURE_ET_DC_SEC_S_Vg_at_I3_pos_FPSD3p2,0.04604,5/5,0.03226,5/5,STRONG
SIN_ET_DC_RF_Imax,0.04598,5/5,0.02573,4/5,STRONG
FIC_ET_sh_GA142,0.04596,5/5,0.02669,5/5,STRONG
THIN_ET_Rc_OG142,0.04583,5/5,0.03339,4/5,STRONG
MEASURE_ET_DC_PIV_Gate_Lag_Imax,0.0458,5/5,0.0328,5/5,STRONG
MEASURE_ET_Rcat_cn_1,0.04579,5/5,0.03711,5/5,STRONG
MEASURE_ET_C385pf,0.04578,5/5,0.02616,5/5,STRONG
MEASURE_ET_DC_SEC_Vg_gm_max,0.04571,5/5,0.03287,4/5,STRONG
MEASURE_ET_Rc_an_ct2,0.04571,5/5,0.03249,5/5,STRONG
MEASURE_ET_RF_Modeling_Rg,0.04566,5/5,0.02977,5/5,STRONG
MEASURE_ET_DC_RF_S22ang_26GHz,0.04565,5/5,0.03349,5/5,STRONG
THIN_ET_C20,0.04546,5/5,0.02706,5/5,STRONG
MEASURE_ET_DC_Stress_Vg_gm_max_after,0.04531,5/5,0.02366,4/5,STRONG
TOPSIN_ET_CapFICBRGM_0,0.04505,5/5,0.0306,4/5,STRONG
TFRP_ET_TF_AB_2,0.04498,4/5,0.02535,4/5,STRONG
MEASURE_ET_DC_RF2_Ft,0.04497,4/5,0.03412,4/5,STRONG
MEASURE_ET_RGAN2,0.04493,5/5,0.03109,5/5,STRONG
TOPSIN_ET_RGAN3,0.0448,5/5,0.03165,5/5,STRONG
MEASURE_ET_DC_SEC_X_Vg_at_I1_neg_SD3p5,0.04472,5/5,0.03417,5/5,STRONG
MEASURE_ET_DC_SEC_X_Id_plus_Ig_at_Vboff_mA_mm,0.04462,4/5,0.03243,5/5,STRONG
MEASURE_ET_RF_Modeling_Ft_int,0.04451,5/5,0.02503,5/5,STRONG
MEASURE_ET_DC_SEC_X_Ids_max,0.0443,5/5,0.02437,3/5,STRONG
THIN_ET_Rcat_cn_3_OW_ST,0.04429,5/5,0.03568,4/5,STRONG
BRGM_ET_C300_0,0.04422,5/5,0.02828,4/5,STRONG
TOPSIN_ET_Cap_USV,0.0442,5/5,0.02742,5/5,STRONG
TOPSIN_ET_sh_f_hr_23,0.04388,5/5,0.02802,5/5,STRONG
SIN_ET_DC_RF_Vg_max_Vd_0p1mA,0.04371,5/5,0.02919,4/5,STRONG
MEASURE_ET_Rcat_cn_1_OW_ST,0.04364,5/5,0.03195,4/5,STRONG
TOPSIN_ET_CapFICM1,0.04342,5/5,0.02869,5/5,STRONG
TOPSIN_ET_DC_SMALL_Vbin_gs,0.04331,5/5,0.02816,4/5,STRONG
MEASURE_ET_DC_RF_Max_S11_Ph_L2180,0.04331,4/5,0.03592,5/5,STRONG
MEASURE_ET_DC_RF_CF_S11_Ph_L1002,0.0431,5/5,0.02704,5/5,STRONG
MEASURE_ET_Rc_OG142,0.04306,5/5,0.02705,5/5,STRONG
THIN_ET_Vk,0.04299,5/5,0.03243,4/5,STRONG
MESA_ET_Vbkd,0.04296,5/5,0.0325,5/5,STRONG
MEASURE_ET_DC_RF_S21dB_10GHz,0.04288,5/5,0.01962,4/5,STRONG
MEASURE_ET_DC_PIV_Drain_Lag_Idss,0.04283,5/5,0.0247,5/5,STRONG
TOPSIN_ET_DC_RF_Imax,0.0428,5/5,0.02588,4/5,STRONG
MEASURE_ET_TR_1F,0.0428,5/5,0.03132,5/5,STRONG
MEASURE_ET_DC_SEC_X_Vboff_Id_SD3p5,0.04275,5/5,0.0281,5/5,STRONG
MEASURE_ET_R_f_tn_2,0.04268,5/5,0.02225,4/5,STRONG
THIN_ET_C300,0.04266,5/5,0.02921,5/5,STRONG
MEASURE_ET_R_660_HOR,0.0426,5/5,0.02576,4/5,STRONG
MEASURE_ET_RF_Modeling_Gm_err,0.04255,5/5,0.0244,4/5,STRONG
MEASURE_ET_Rsh_F_AB_2,0.04254,5/5,0.0301,4/5,STRONG
MEASURE_ET_DC_RF_Id_gm_max,0.04245,5/5,0.03233,5/5,STRONG
THIN_ET_DC_RF_Gm_max,0.04235,5/5,0.03129,4/5,STRONG
MEASURE_ET_DC_SEC_S_Ig_mAmm_at_Vg_cond_pos_FPSD3p2,0.04221,5/5,0.02658,5/5,STRONG
MEASURE_ET_C100,0.04218,5/5,0.02491,5/5,STRONG
SIN_GATE_ET_TR_1F,0.04216,5/5,0.02807,5/5,STRONG
MaskSetSupplyChipsCount,0.04214,5/5,0.01871,3/5,STRONG
MEASURE_ET_lkg_CapM1BRGM,0.04211,5/5,0.02746,4/5,STRONG
SIN_ET_DC_PIV_Gate_Lag_Imax,0.04206,5/5,0.03334,5/5,STRONG
MEASURE_ET_DC_RF_ids_m0p2_W,0.04194,5/5,0.02262,5/5,STRONG
MEASURE_ET_Cap3pf,0.04183,5/5,0.03144,5/5,STRONG
CHRE_Ali_Litho_Channel_to_Ohmic_Alignment,0.04183,5/5,0.03308,5/5,STRONG
MEASURE_ET_Vbkdn_Cap100_Long,0.04182,5/5,0.02912,5/5,STRONG
MEASURE_ET_Rcat_cn_2_OW_ST,0.04181,5/5,0.03254,4/5,STRONG
MEASURE_ET_DC_Big_Gm_0,0.04157,5/5,0.02516,4/5,STRONG
FIC_Height_FIC_metal_thickness,0.04151,5/5,0.02752,5/5,STRONG
THIN_ET_Er,0.0412,5/5,0.02512,5/5,STRONG
MEASURE_ET_RF_Modeling_MAG_19G_Before,0.04115,5/5,0.02113,4/5,STRONG
FIC_ET_DC_RF_Vg_max_Vd_0p1,0.04099,5/5,0.02922,5/5,STRONG
TOPSIN_ET_DC_SMALL_Vg_gm_max,0.04092,5/5,0.02498,4/5,STRONG
TOPSIN_ET_DC_RF_Vg_max_Vd,0.04087,5/5,0.01872,5/5,STRONG
TOPSIN_ET_Cap3pf_0,0.04085,5/5,0.02779,5/5,STRONG
MEASURE_ET_Rc_cat_ct2,0.04082,5/5,0.0331,4/5,STRONG
MEASURE_ET_R514,0.04059,4/5,0.02791,4/5,STRONG
MEASURE_ET_DC_SEC_Gm_max,0.04054,5/5,0.02352,4/5,STRONG
MEASURE_ET_DC_SEC_Vboff_2_1,0.04047,5/5,0.02506,4/5,STRONG
FIC_ET_DC_RF_Id_gm_max,0.04045,5/5,0.03275,4/5,STRONG
MEASURE_ET_RF_Modeling_Stress_time,0.04035,4/5,0.0249,3/5,STRONG
TOPSIN_ET_ABVIETCH,0.04031,5/5,0.02346,5/5,STRONG
MEASURE_ET_C385pf_0,0.0403,5/5,0.03086,5/5,STRONG
BRGM_ET_KLV_F_M1_4u,0.04007,4/5,0.02526,4/5,STRONG
BRGM_ET_i5021_3,0.04006,5/5,0.02222,4/5,STRONG
SIN_ET_DC_PIV_Imax_QP3,0.04006,4/5,0.02392,4/5,STRONG
MEASURE_ET_DC_SMALL_Vg_gm_max,0.03997,5/5,0.02989,4/5,STRONG
TOPSIN_ET_GC_Igs,0.03993,5/5,0.02269,5/5,STRONG
MEASURE_ET_DC_RF_Max_S11_Ph_L1018,0.03985,5/5,0.02286,5/5,STRONG
THIN_ET_R114,0.03977,4/5,0.0267,4/5,STRONG
SIN_ET_DC_RF_Gm_max,0.03969,4/5,0.02567,4/5,STRONG
TOPSIN_ET_R_f_hr_3,0.0396,5/5,0.02547,4/5,STRONG
FIC_ET_HIRS,0.03956,5/5,0.02651,5/5,STRONG
THIN_ET_OHMC,0.03951,5/5,0.02768,5/5,STRONG
MEASURE_ET_DC_RF_MAG_35GHz_W,0.03947,5/5,0.02308,5/5,STRONG
MEASURE_ET_R_f_hr_2,0.03944,5/5,0.02801,5/5,STRONG
TOPSIN_ET_C100C450pf,0.03939,5/5,0.02898,5/5,STRONG
MEASURE_ET_C175pf_0,0.03937,5/5,0.03063,5/5,STRONG
TOPSIN_ET_DC_SMALL_Vbin_gd,0.03937,5/5,0.02604,5/5,STRONG
MEASURE_ET_RF_Modeling_Delta_S21_25G,0.03934,5/5,0.02853,5/5,STRONG
SIN_ET_DC_PIV_Imax_QP1,0.0393,5/5,0.02371,4/5,STRONG
MEASURE_ET_Rsh_cat_c2,0.03926,5/5,0.02394,5/5,STRONG
MEASURE_ET_C300,0.03903,5/5,0.02294,5/5,STRONG
MEASURE_ET_R_4000_HOR,0.03896,4/5,0.02686,4/5,STRONG
THIN_ET_C200,0.0389,5/5,0.02451,4/5,STRONG
THIN_ET_C200_0,0.03889,5/5,0.0182,5/5,STRONG
FIC_ET_DC_RF_Imax,0.03876,5/5,0.02071,3/5,STRONG
MEASURE_ET_DC_Stress_Id_gm_max_after,0.03873,5/5,0.02237,4/5,STRONG
TOPSIN_ET_C100CapPARCAP,0.03867,4/5,0.03021,4/5,STRONG
MEASURE_ET_DC_Diode_S21_dB_forw_9p5,0.03862,5/5,0.02482,4/5,STRONG
MEASURE_ET_lkg_SY07_10,0.03855,5/5,0.01796,3/5,STRONG
MEASURE_ET_DC_SEC_Ids_max_ON,0.03832,5/5,0.02569,5/5,STRONG
MEASURE_ET_DC_PIV_Idss_QP3,0.03827,5/5,0.01568,4/5,STRONG
THIN_ET_DC_RF_Vbgd1,0.03818,5/5,0.023,3/5,STRONG
MEASURE_ET_RF_Modeling_Rd,0.03814,4/5,0.02212,4/5,STRONG
MEASURE_ET_DC_PIV_Idss_QP1,0.0381,5/5,0.0246,5/5,STRONG
TOPSIN_ET_lkg_SY8_80,0.03807,5/5,0.02397,5/5,STRONG
MEASURE_ET_DC_RF_n_gs,0.03805,5/5,0.02666,5/5,STRONG
MEASURE_ET_i5021_3,0.03804,4/5,0.03127,3/5,STRONG
MEASURE_ET_DC_SEC_X_Ron_SD3p5,0.03803,5/5,0.02202,5/5,STRONG
MEASURE_ET_DC_SEC_X_Vboff_Id_plus_Ig,0.03793,5/5,0.03282,5/5,STRONG
TOPSIN_ET_DC_RF_Idss,0.03786,5/5,0.01987,5/5,STRONG
MEASURE_ET_Cap1pf_0,0.03768,5/5,0.02526,5/5,STRONG
SIN_GATE_ET_Rc_OG144,0.0376,4/5,0.02724,4/5,STRONG
MEASURE_ET_DC_SEC_S_Id_mA_mm_at_Vg3_SD3p5,0.0376,4/5,0.02406,4/5,STRONG
TOPSIN_ET_C300pf_0,0.0376,5/5,0.02579,5/5,STRONG
MEASURE_ET_RF_Modeling_Gm_m0p2_W,0.03759,4/5,0.02827,3/5,STRONG
MEASURE_ET_DC_RD_S22dB_18GHz,0.03757,5/5,0.02343,5/5,STRONG
MEASURE_ET_CapFICBRGM,0.03756,4/5,0.02661,4/5,STRONG
MEASURE_ET_DC_SEC_S_Ron_SD3p5,0.0375,5/5,0.0287,5/5,STRONG
SIN_Thickness1_SiN_Thickness_1st,0.03742,5/5,0.02881,5/5,STRONG
MEASURE_ET_Ran_con_3,0.0374,4/5,0.02538,5/5,STRONG
BRGM_ET_Probe_Number,0.03737,5/5,0.02463,5/5,STRONG
TOPSIN_ET_lkg_CapM1BRGM,0.03716,5/5,0.0204,4/5,STRONG
MEASURE_ET_DC_SEC_S_Bin,0.03711,5/5,0.01873,4/5,STRONG
MEASURE_ET_DC_RD_Vg_Vbon_min,0.03707,5/5,0.02012,4/5,STRONG
MEASURE_ET_LT_SEC_Vbgd1_Vd3,0.03704,5/5,0.02388,5/5,STRONG
SIN_ET_DC_PIV_Drain_Lag_Idss,0.03702,4/5,0.02738,5/5,STRONG
FIC_ET_DC_RF_Vbgs1,0.037,5/5,0.02687,5/5,STRONG
MEASURE_ET_LT_SEC_Ileak_m9V_mA_mm,0.03699,5/5,0.02323,5/5,STRONG
OHMIC_ET_Rsh_an_ct2,0.03692,5/5,0.02213,5/5,STRONG
MEASURE_ET_DC_RF_CF_S21_Ph_L1018,0.03691,5/5,0.02462,5/5,STRONG
TOPSIN_ET_Load_Pull_PhL_meas,0.0369,4/5,0.02233,5/5,STRONG
MEASURE_ET_DC_Diode_S11_dB_forw_9p5,0.03687,5/5,0.02396,4/5,STRONG
MEASURE_ET_RF_Modeling_S22dB_10GHz,0.03686,5/5,0.02759,4/5,STRONG
MEASURE_ET_C100CapPARCAP,0.03673,4/5,0.02476,4/5,STRONG
TOPSIN_ET_DC_RF_Vdg_max_0p1,0.03665,5/5,0.02331,5/5,STRONG
FIC_ET_DC_RF_Vbgs_0p1,0.03663,5/5,0.02209,4/5,STRONG
TOPSIN_ET_DC_SMALL_n_gs,0.03658,5/5,0.02535,5/5,STRONG
MEASURE_ET_DC_Stress_Ig_max_after,0.03656,5/5,0.02361,5/5,STRONG
FIC_ET_G_per_15,0.03654,5/5,0.0261,4/5,STRONG
FIC_ET_DC_RF_Ids_m0p2,0.03649,4/5,0.02824,4/5,STRONG
MEASURE_ET_DC_SEC_S_Vg_at_I1_pos_FPSD3p2,0.03634,5/5,0.02448,4/5,STRONG
THIN_ET_DC_RF_Vbin_gd,0.03624,5/5,0.02224,5/5,STRONG
BRGM_ET_Rc_F_AB_2,0.03621,5/5,0.02223,4/5,STRONG
THIN_ET_Rsh_TF_AB2,0.03612,4/5,0.02383,4/5,STRONG
SIN_ET_DC_PIV_Idss_QP1,0.0361,5/5,0.01773,5/5,STRONG
MEASURE_ET_DC_SMALL_Vbgs1,0.03607,5/5,0.02332,4/5,STRONG
MEASURE_ET_C_CAT_2,0.03602,5/5,0.02312,5/5,STRONG
BRGM_ET_C200,0.03602,5/5,0.02048,4/5,STRONG
MEASURE_ET_DC_RF_Gm_max_W,0.03598,5/5,0.0262,4/5,STRONG
MEASURE_ET_Ran_con_1_OW_CR,0.03589,5/5,0.02656,5/5,STRONG
MEASURE_ET_C300M1B,0.03588,5/5,0.02223,5/5,STRONG
MEASURE_ET_DC_PIV_Imax_QP1,0.03582,5/5,0.01987,4/5,STRONG
FIN_Etch_Hard_Bias,0.03575,5/5,0.02207,5/5,STRONG
MEASURE_ET_DC_RF_Imax_W,0.03541,5/5,0.02412,4/5,STRONG
MEASURE_ET_Rc_f_tn_23,0.0354,5/5,0.02674,4/5,STRONG
MEASURE_ET_RF_Modeling_Cgd_err,0.03536,5/5,0.02003,5/5,STRONG
MEASURE_ET_DC_Big_MAG_18GHz,0.03534,5/5,0.02012,4/5,STRONG
MEASURE_ET_i5021_2,0.0353,4/5,0.02685,4/5,STRONG
MEASURE_ET_DC_RF_K_W,0.03519,5/5,0.02551,5/5,STRONG
MEASURE_ET_DC_RF_Vds_max,0.03516,5/5,0.01864,5/5,STRONG
FIC_ET_DC_PIV_Ids0_QP1,0.03507,5/5,0.02215,5/5,STRONG
MEASURE_ET_DC_Diode_Vbpin,0.03505,5/5,0.02602,5/5,STRONG
TOPSIN_ET_DC_RF_Vg_gm_max,0.03493,4/5,0.02418,4/5,STRONG
MEASURE_ET_DC_RF2_K,0.03491,5/5,0.02135,4/5,STRONG
MEASURE_ET_Rc_F_AB_2,0.0348,5/5,0.02161,5/5,STRONG
MEASURE_ET_DC_RD_S12ang_18GHz,0.03479,5/5,0.02202,5/5,STRONG
MEASURE_ET_DC_SEC_X_Ig_mAmm_at_Vg_cond_pos,0.03476,5/5,0.01704,4/5,STRONG
SIN_ET_DC_PIV_Gate_Lag_Idss,0.03473,5/5,0.02235,4/5,STRONG
THIN_ET_C_CAT_2_OW_ST,0.03469,5/5,0.01897,4/5,STRONG
TOPSIN_ET_C385pf,0.0346,5/5,0.02666,5/5,STRONG
THIN_ET_Cap_C300,0.03457,5/5,0.03151,5/5,STRONG
BRGM_ET_ABVIETCH,0.03446,4/5,0.01683,4/5,STRONG
THIN_ET_Rc_f_tn_23,0.03441,5/5,0.02928,4/5,STRONG
SIN_GATE_ET_RGAN3,0.03422,5/5,0.02168,5/5,STRONG
SIN_GATE_ET_Ran_con_2,0.0341,5/5,0.01809,5/5,STRONG
MEASURE_ET_DC_Big_Ids_m0p2,0.03407,5/5,0.01815,3/5,STRONG
THIN_ET_C300_0,0.03405,5/5,0.023,5/5,STRONG
MEASURE_ET_DC_RF_Vbin_gs,0.03399,5/5,0.02081,5/5,STRONG
MEASURE_ET_DC_SEC_X_Id_mA_mm_at_Vg2_SD3p5,0.03394,4/5,0.01916,4/5,STRONG
TOPSIN_ET_CapPARCAP,0.03391,5/5,0.02458,5/5,STRONG
MEASURE_ET_DC_PIV_Ids1_QP3,0.03391,4/5,0.01915,4/5,STRONG
THIN_ET_C100,0.03389,5/5,0.02083,5/5,STRONG
MEASURE_ET_RF_Modeling_Fmax,0.03386,5/5,0.0147,3/5,STRONG
SIN_GATE_ET_R414,0.03382,5/5,0.02214,5/5,STRONG
TOPSIN_ET_C100C500pf,0.03376,5/5,0.02355,5/5,STRONG
THIN_ET_Ran_con_2,0.03373,4/5,0.02018,4/5,STRONG
MEASURE_ET_DC_PIV_Gate_Lag_1,0.03369,5/5,0.01975,4/5,STRONG
MEASURE_ET_DC_RF2_MAG_26GHz,0.03366,5/5,0.01784,5/5,STRONG
FIC_ET_R_f_tn_3,0.03362,5/5,0.02028,5/5,STRONG
MEASURE_ET_Ran_con_3_OW_CR,0.03358,5/5,0.02275,5/5,STRONG
MEASURE_ET_R_f_hr_1,0.03351,5/5,0.02525,5/5,STRONG
MEASURE_ET_CapPARCAP_0,0.03351,5/5,0.02932,4/5,STRONG
MEASURE_ET_DC_RF_S11dB_10GHz,0.03338,4/5,0.0227,4/5,STRONG
THIN_ET_Rc_f_hr_23,0.0333,5/5,0.0268,5/5,STRONG
THIN_Measure2GN_Thickness_after_grinding,0.03321,5/5,0.02345,5/5,STRONG
TOPSIN_ET_lkg_C450pf,0.0332,4/5,0.01439,4/5,STRONG
MEASURE_ET_DC_SEC_S_Vg_at_I1_pos,0.03309,5/5,0.0145,5/5,STRONG
MEASURE_ET_DC_SEC_S_Ig_cut1_mAmm_neg_FPSD3p2,0.03305,5/5,0.0228,4/5,STRONG
TOPSIN_ET_CapUSV_0,0.03297,5/5,0.0259,5/5,STRONG
BRGM_ET_C100,0.03293,5/5,0.02012,4/5,STRONG
TOPSIN_ET_CapM1BRGM,0.0329,5/5,0.02138,3/5,STRONG
BRGM_ET_lkg_C200,0.03289,4/5,0.02125,4/5,STRONG
MEASURE_ET_DC_SEC_Ids_m0p2,0.03286,5/5,0.02062,4/5,STRONG
MEASURE_ET_DC_SEC_X_Id_mA_mm_at_Vg1,0.03284,4/5,0.0219,3/5,STRONG
MEASURE_ET_CapUSV,0.03276,5/5,0.02067,5/5,STRONG
MEASURE_ET_C300_0,0.03275,5/5,0.02349,5/5,STRONG
ANODE_CD_Anode_CD_litho,0.03275,5/5,0.01846,3/5,STRONG
MEASURE_ET_DC_SMALL_Vbin_gd,0.03273,4/5,0.02109,5/5,STRONG
MaskSetName_MS_B,0.03266,4/5,0.03818,4/5,STRONG
MEASURE_ET_RF_Modeling_Idss_W,0.03255,5/5,0.02067,4/5,STRONG
MEASURE_ET_DC_PIV_Idss_QP2,0.03255,4/5,0.0204,5/5,STRONG
VIA_Etch_Via_etch_end_point_time,0.03254,5/5,0.01952,5/5,STRONG
FIC_ET_DC_RF_Vg_gm_max,0.03249,3/5,0.02245,3/5,MODERATE
FIC_ET_G_per_25,0.03249,5/5,0.02834,5/5,STRONG
TFRP_ET_Rsh_TFR2,0.03245,5/5,0.02483,4/5,STRONG
MEASURE_ET_DC_SEC_X_Ids_max_SD3p5,0.03242,4/5,0.02016,4/5,STRONG
MEASURE_ET_DC_RF_Min_S21_Mag_L2180,0.03238,5/5,0.01852,5/5,STRONG
MEASURE_ET_Cap2pf_0,0.03229,5/5,0.01989,5/5,STRONG
BRGM_ET_KLV_F_AB_4u,0.03228,5/5,0.0229,4/5,STRONG
MEASURE_ET_Load_Pull_Id_ini,0.03219,3/5,0.02298,3/5,MODERATE
TOPSIN_ET_Load_Pull_Pout_W_last,0.03213,4/5,0.02129,5/5,STRONG
MEASURE_ET_DC_Stress_Vg_max_Ig_before,0.03207,5/5,0.02432,5/5,STRONG
MEASURE_ET_DC_RF_Vg_max_Vd_0p1,0.03205,4/5,0.01752,4/5,STRONG
MEASURE_ET_LT_SEC_ChipStatus,0.0319,5/5,0.01801,3/5,STRONG
OHMIC_ET_OHMC,0.03175,5/5,0.0184,5/5,STRONG
MEASURE_ET_DC_SEC_S_Ig_cut3_mAmm_pos_SD3p5,0.03165,4/5,0.02185,4/5,STRONG
MEASURE_ET_OHMC,0.03163,5/5,0.02018,4/5,STRONG
TOPSIN_ET_Vg_gm_max,0.03153,4/5,0.02294,4/5,STRONG
FIC_ET_DC_RF_Idss,0.03152,5/5,0.01357,3/5,STRONG
THIN_ET_DC_RF_Vg_optt3,0.03152,5/5,0.02471,5/5,STRONG
MEASURE_ET_C100Cap1pf,0.03136,5/5,0.01939,5/5,STRONG
TOPSIN_ET_DC_SMALL_Imax,0.03133,4/5,0.02731,4/5,STRONG
MEASURE_ET_DC_RF_CF_S12_Ph_L2180,0.03132,5/5,0.02129,5/5,STRONG
MEASURE_ET_RF_Modeling_S11ang_10GHz,0.03131,5/5,0.01873,5/5,STRONG
FIC_ET_DC_RF_Vg_optt1,0.03129,4/5,0.02409,4/5,STRONG
THIN_ET_Rsh_cat_c2,0.03128,5/5,0.01993,5/5,STRONG
MEASURE_ET_DC_SMALL_Gm_max,0.03124,4/5,0.0212,4/5,STRONG
MEASURE_ET_RF_Modeling_ids_m0p2_W,0.03123,5/5,0.02044,5/5,STRONG
OHMIC_ET_Rc_an_ct2,0.03116,5/5,0.02964,4/5,STRONG
MEASURE_ET_RF_Modeling_S11dB_10GHz,0.03115,5/5,0.02317,5/5,STRONG
TOPSIN_ET_DC_RF_Vbgd1,0.03114,5/5,0.0208,5/5,STRONG
MEASURE_ET_DC_RF_Vds_max_0p1mA,0.03109,5/5,0.02568,5/5,STRONG
MEASURE_ET_DC_RF_Max_S11_Mag_L1018,0.03109,5/5,0.01466,4/5,STRONG
MEASURE_ET_LT_SEC_Vbgd1_Vd8,0.03103,4/5,0.01476,4/5,STRONG
MEASURE_ET_RF_Modeling_Gds,0.03098,5/5,0.01642,5/5,STRONG
TOPSIN_ET_DC_PIV_Ids1_QP1,0.03098,4/5,0.01831,4/5,STRONG
SIN_GATE_ET_Rc_an_ct2,0.03097,5/5,0.02373,4/5,STRONG
MEASURE_ET_Vbkdn_CapBig,0.0308,5/5,0.02132,5/5,STRONG
TOPSIN_ET_C100Cap3pf,0.03078,5/5,0.02315,5/5,STRONG
MEASURE_ET_DC_PIV_Imax_QP3,0.03051,5/5,0.02374,5/5,STRONG
MEASURE_ET_lkg_C300FB,0.03045,5/5,0.01633,4/5,STRONG
TFRP_ET_Rc_TF_AB_2,0.03045,4/5,0.02417,4/5,STRONG
FIC_ET_DC_RF_Vt_gd,0.03043,5/5,0.01937,5/5,STRONG
MEASURE_ET_DC_SEC_X_Vg_at_I2_neg_SD3p5,0.03039,5/5,0.0145,4/5,STRONG
MEASURE_ET_DC_SEC_S_Ig_mAmm_at_Vg_cond_pos_SD3p5,0.03033,5/5,0.01582,5/5,STRONG
TOPSIN_ET_Cap2pf,0.03032,5/5,0.01875,4/5,STRONG
MEASURE_ET_DC_SEC_S_Ig_cut3_mAmm_neg_FPSD3p2,0.03031,5/5,0.02316,5/5,STRONG
MEASURE_ET_USV_Cappf_0,0.03021,5/5,0.02266,5/5,STRONG
MEASURE_ET_DC_SMALL_n_gd,0.03021,4/5,0.01877,5/5,STRONG
MEASURE_ET_Ran_con_2_OW_CR,0.03021,5/5,0.0182,5/5,STRONG
MEASURE_ET_DC_SEC_S_Vboff_Id_plus_Ig_SD3p5,0.03016,4/5,0.02113,5/5,STRONG
MEASURE_ET_DC_SEC_Ids_min_ON,0.03016,5/5,0.02006,5/5,STRONG
CHRE_CD_Channel_recess_CD,0.03008,5/5,0.02267,4/5,STRONG
FIC_ET_R314,0.03008,5/5,0.01797,5/5,STRONG
MEASURE_ET_RF_Modeling_S22ang_10GHz,0.02998,4/5,0.02503,4/5,STRONG
BRGM_ET_i5021_1,0.02997,5/5,0.02001,4/5,STRONG
MEASURE_ET_DC_SEC_X_Id_at_Vboff_mA_mm,0.02995,5/5,0.01344,4/5,STRONG
MEASURE_ET_RF_Modeling_Vg_Stress,0.02994,5/5,0.01972,5/5,STRONG
MEASURE_ET_DC_SEC_X_Ig_cut3_mAmm_neg_SD3p5,0.02983,4/5,0.01718,4/5,STRONG
MEASURE_ET_DC_SEC_X_Ig_cut1_mAmm_pos_FPSD3p2,0.02982,5/5,0.01828,5/5,STRONG
THIN_ET_lkg_70_at20V,0.02977,4/5,0.00859,3/5,STRONG
MEASURE_ET_RF_Modeling_Id_search,0.02975,5/5,0.02605,5/5,STRONG
SIN_ET_DC_RF_Idss,0.02967,5/5,0.02085,4/5,STRONG
MEASURE_ET_DC_Diode_S11_dB_rev_9p5,0.02964,5/5,0.01677,5/5,STRONG
THIN_ET_F_AB,0.02962,5/5,0.02305,5/5,STRONG
MEASURE_ET_C100CapFICBRGM,0.02959,5/5,0.01779,4/5,STRONG
MEASURE_ET_DC_RF_CF_S21_Ph_L2180,0.02957,4/5,0.02061,3/5,STRONG
MEASURE_ET_DC_SEC_S_Id_at_Vboff_mA_mm,0.02942,5/5,0.01898,4/5,STRONG
WIN_CD_WIN_CD,0.02933,5/5,0.0199,5/5,STRONG
FIC_ET_DC_RF_Vds_max_0p1mA,0.02922,4/5,0.01727,4/5,STRONG
MEASURE_ET_DC_Big_Vg_max_Vd_0p1mA,0.0292,5/5,0.01816,4/5,STRONG
MEASURE_ET_DC_RD_S11dB_18GHz,0.02917,5/5,0.0169,5/5,STRONG
SIN_ET_DC_RF_Vdg_max,0.02917,5/5,0.01531,4/5,STRONG
GATE2_CD_358nm_Gate_Leg_Length,0.02914,5/5,0.01162,3/5,STRONG
MEASURE_ET_Cap20,0.02908,5/5,0.02322,5/5,STRONG
FIC_ET_DC_RF_Vg_max_Vd,0.02902,4/5,0.0211,4/5,STRONG
CATHODE_ET_Probe_Number,0.02898,5/5,0.01845,5/5,STRONG
MEASURE_ET_DC_RF_Vg_Vbon_min,0.02897,4/5,0.01935,3/5,STRONG
SIN_GATE_ET_sh_GA144,0.02893,5/5,0.02025,5/5,STRONG
SIN_ET_DC_RF_Vbgs_0p01,0.02893,4/5,0.01445,4/5,STRONG
THIN_ET_DC_RF_Idss,0.02888,4/5,0.02276,3/5,STRONG
THIN_ET_lkg_5,0.02881,5/5,0.01152,5/5,STRONG
MEASURE_ET_lkg_PAD_10,0.0288,5/5,0.00928,3/5,STRONG
FIC_ET_lkg_SY07_10,0.02869,5/5,0.02033,5/5,STRONG
MEASURE_ET_Cap1pf,0.02863,5/5,0.02686,5/5,STRONG
MEASURE_ET_DC_SEC_X_Ron_FPSD3p2,0.02863,5/5,0.0222,5/5,STRONG
MEASURE_ET_Cap_C300M1B,0.02852,5/5,0.02084,5/5,STRONG
MEASURE_ET_Cap2pf,0.02845,5/5,0.01972,5/5,STRONG
MEASURE_ET_LT_SEC_Ileak_m10p5V_mA_mm,0.02842,5/5,0.01911,5/5,STRONG
ANODE_ET_Rc_an_ct2_OW_CR,0.02833,5/5,0.02071,4/5,STRONG
MEASURE_ET_C300FM1,0.02828,5/5,0.02329,5/5,STRONG
MEASURE_ET_Load_Pull_GL_set,0.02824,5/5,0.02061,5/5,STRONG
SIN_ET_DC_RF_Vds_max_0p1,0.02823,5/5,0.02394,5/5,STRONG
CATHODE_ET_Rcat_cn_1,0.02816,5/5,0.02127,5/5,STRONG
THIN_ET_lkg_10,0.02815,4/5,0.01124,3/5,STRONG
MEASURE_ET_DC_SEC_X_Vg_at_I3_neg_FPSD3p2,0.0281,4/5,0.01768,3/5,STRONG
MEASURE_ET_DC_SEC_X_Ig_cut2_mAmm_neg_FPSD3p2,0.02806,4/5,0.0162,4/5,STRONG
MEASURE_ET_DC_SEC_Vgs_0p5V,0.02805,4/5,0.02114,5/5,STRONG
MEASURE_ET_DC_SEC_X_Ids_max_FPSD3p2,0.028,5/5,0.01734,5/5,STRONG
FIC_ET_C100S1,0.02799,5/5,0.02339,5/5,STRONG
TOPSIN_ET_C100Cap2pf,0.02796,5/5,0.02449,5/5,STRONG
MEASURE_ET_DC_Big_Idss,0.02793,5/5,0.01665,5/5,STRONG
MEASURE_ET_ABVIETCH,0.02791,5/5,0.01824,5/5,STRONG
SIN_Thickness2_SiN_Thickness,0.02787,5/5,0.01719,5/5,STRONG
MEASURE_ET_Load_Pull_PhL_set,0.02787,5/5,0.01122,3/5,STRONG
TOPSIN_ET_Cap_C300,0.02781,5/5,0.01959,5/5,STRONG
TFRP_ET_TFRP,0.02779,5/5,0.01521,5/5,STRONG
TOPSIN_ET_Vds_max,0.02778,5/5,0.01439,5/5,STRONG
FIC_ET_C200S1,0.02775,5/5,0.02232,5/5,STRONG
MEASURE_ET_DC_Big_S22dB_10GHz,0.02773,5/5,0.02393,5/5,STRONG
TOPSIN_ET_DC_RF_Vds_max_0p1,0.0277,5/5,0.01879,5/5,STRONG
MEASURE_ET_sh_GA142_GN,0.02769,5/5,0.02208,4/5,STRONG
CATHODE_ET_Rcat_cn_2_OW_ST,0.02767,5/5,0.02137,4/5,STRONG
TOPSIN_ET_C100CapUSV,0.02756,5/5,0.02517,5/5,STRONG
SIN_GATE_ET_lkg_SY8_80,0.02743,5/5,0.01748,5/5,STRONG
MEASURE_ET_Cap_C300FM1,0.02741,5/5,0.02084,5/5,STRONG
THIN_ET_DC_RF_Vt_gs,0.02737,5/5,0.02235,5/5,STRONG
OHMIC_ET_Probe_Number,0.02732,5/5,0.017,4/5,STRONG
EBCR2_Ali_Litho_Gate_to_ohmic_alignment,0.02732,5/5,0.01856,5/5,STRONG
THIN_ET_R_400_HOR,0.02726,5/5,0.02042,5/5,STRONG
MEASURE_ET_DC_SEC_S_Ig_mAmm_at_Vg_cond_neg_FPSD3p2,0.02724,5/5,0.01882,5/5,STRONG
FMESA_Height_Fmesa_Height,0.02717,4/5,0.01721,4/5,STRONG
FIC_ET_Ig_mAmm_at_Vd_cond,0.02716,5/5,0.02002,5/5,STRONG
MEASURE_ET_DC_RF2_S21dB_26GHz,0.02706,5/5,0.01607,5/5,STRONG
TOPSIN_ET_lkg_SY07_10,0.02703,4/5,0.01107,3/5,STRONG
MEASURE_ET_DC_RF_S12ang_26GHz,0.02702,5/5,0.01677,5/5,STRONG
TOPSIN_ET_C300_0,0.02701,5/5,0.02117,5/5,STRONG
MEASURE_ET_TF_AB_3,0.02699,5/5,0.02198,5/5,STRONG
MEASURE_ET_DC_RF_Vg_Vbon_max,0.02698,5/5,0.02395,5/5,STRONG
MEASURE_ET_DC_SEC_S_Vboff_Id_SD3p5,0.02695,5/5,0.01099,4/5,STRONG
MEASURE_ET_DC_SMALL_Vt_gs,0.0269,5/5,0.01645,5/5,STRONG
SIN_ET_DC_RF_Vbin_gd,0.02678,4/5,0.02323,4/5,STRONG
MEASURE_ET_DC_SEC_X_Ig_cut1_mAmm_neg_FPSD3p2,0.02673,5/5,0.01926,5/5,STRONG
FIC_ET_R_f_hr_2,0.0267,5/5,0.01387,5/5,STRONG
MEASURE_ET_DC_SMALL_Idss,0.02667,5/5,0.01485,4/5,STRONG
THIN_ET_DC_RF_Vg_max_Vd,0.02667,4/5,0.01695,4/5,STRONG
SIN_ET_DC_RF_Vt_gs,0.02663,5/5,0.01908,5/5,STRONG
FIC_ET_G_per_2p75K,0.0266,5/5,0.01714,5/5,STRONG
MEASURE_ET_RF_Modeling_Cds,0.02658,5/5,0.01727,5/5,STRONG
MEASURE_ET_DC_SMALL_n_gs,0.02653,5/5,0.0151,4/5,STRONG
TOPSIN_ET_C100C300pf,0.02649,5/5,0.02049,5/5,STRONG
MEASURE_ET_Er,0.02643,5/5,0.01818,5/5,STRONG
TOPSIN_ET_RGAN1,0.02642,4/5,0.01137,3/5,STRONG
FIC_ET_Id_mAmm_at_Vd_cond,0.02642,5/5,0.01439,4/5,STRONG
TOPSIN_ET_CapFICM1_0,0.02637,5/5,0.02184,5/5,STRONG
THIN_ET_i5021_2,0.02628,4/5,0.01223,3/5,STRONG
TOPSIN_ET_Cap1pf_0,0.02616,5/5,0.02056,5/5,STRONG
MEASURE_ET_KLV_F_AB_4u,0.02615,4/5,0.02366,4/5,STRONG
TOPSIN_ET_Load_Pull_ID_comp_Last_mA,0.02613,5/5,0.01253,5/5,STRONG
MEASURE_ET_DC_SMALL_Vg_optt,0.0261,5/5,0.01198,4/5,STRONG
TOPSIN_ET_lkg_5,0.026,5/5,0.0167,5/5,STRONG
OHMIC_ET_R214,0.02596,5/5,0.02323,5/5,STRONG
MEASURE_ET_DC_SEC_Vg_max_ON,0.02595,4/5,0.01561,3/5,STRONG
MEASURE_ET_Load_Pull_Pout_W_mm_last,0.02587,3/5,0.01868,4/5,MODERATE
MEASURE_ET_Load_Pull_Pin_Cut,0.02585,5/5,0.01055,4/5,STRONG
TOPSIN_ET_Cap1pf,0.02585,5/5,0.01636,5/5,STRONG
CATHODE_ET_C_CAT_2_OW_ST,0.02584,4/5,0.01344,3/5,STRONG
STREETS_Height_Backside_metal_thickness,0.02583,5/5,0.01624,4/5,STRONG
MEASURE_ET_LT_SEC_Ileak_m5p5V_mA_mm,0.02582,5/5,0.022,5/5,STRONG
MEASURE_ET_lkg_10,0.02577,5/5,0.01923,5/5,STRONG
THIN_ET_Rcat_cn_2,0.02573,5/5,0.01206,5/5,STRONG
TOPSIN_ET_DC_RF_Vbgs1,0.02568,5/5,0.01568,4/5,STRONG
MEASURE_ET_DC_SEC_X_Ig_mAmm_at_Vg_cond_neg_SD3p5,0.02563,5/5,0.01784,5/5,STRONG
MEASURE_ET_DC_Stress_Idss_after,0.02562,4/5,0.01421,4/5,STRONG
MEASURE_ET_DC_Big_S11dB_10GHz,0.0256,5/5,0.01643,5/5,STRONG
TOPSIN_ET_C450pf,0.02558,5/5,0.01854,4/5,STRONG
MEASURE_ET_Load_Pull_Gss,0.02558,4/5,0.0211,4/5,STRONG
MEASURE_ET_DC_SMALL_Vt_gd,0.02557,5/5,0.01998,5/5,STRONG
MEASURE_ET_RF_Modeling_Ft,0.02556,5/5,0.01658,5/5,STRONG
SIN_ET_DC_RF_Vbin_gs,0.02551,5/5,0.01528,5/5,STRONG
FIC_ET_TR_1F,0.02551,5/5,0.01043,5/5,STRONG
TOPSIN_ET_Load_Pull_Gain_comp_Last,0.0255,5/5,0.01392,5/5,STRONG
MEASURE_ET_DC_SEC_X_Ig_cut3_mAmm_pos,0.02548,5/5,0.02165,5/5,STRONG
FIC_ET_DC_RF_Vbgd_0p01,0.02547,5/5,0.01776,5/5,STRONG
FIC_ET_Vdg_max,0.02544,5/5,0.01584,5/5,STRONG
MEASURE_ET_lkg_C300FM1,0.02543,5/5,0.00895,4/5,STRONG
FIC_ET_DC_RF_Vg_max_Vd_0p1mA,0.02542,4/5,0.01703,4/5,STRONG
MEASURE_ET_DC_SMALL_Imax,0.02538,4/5,0.01614,4/5,STRONG
SIN_GATE_ET_lkg_SY07_10,0.02534,5/5,0.01271,5/5,STRONG
MEASURE_ET_Cap_C300,0.02531,5/5,0.01958,4/5,STRONG
Lot_type_PROD,0.02526,4/5,0.01757,4/5,STRONG
SIN_GATE_ET_lkg_5,0.02524,5/5,0.0084,3/5,STRONG
MEASURE_ET_Cap_C300FB,0.02521,4/5,0.02019,4/5,STRONG
MEASURE_ET_RF_Modeling_Cgd,0.02519,5/5,0.01642,5/5,STRONG
THIN_ET_lkg_PAD_10,0.0251,5/5,0.00957,3/5,STRONG
FIC_ET_DC_RF_Vds_max,0.0251,5/5,0.01574,5/5,STRONG
THIN_ET_Rc_an_ct2,0.0251,5/5,0.02206,4/5,STRONG
MEASURE_ET_DC_RD_Vbon_min,0.02506,5/5,0.01828,5/5,STRONG
TOPSIN_ET_DC_SMALL_Vt_gd,0.025,5/5,0.01667,5/5,STRONG
MEASURE_ET_RF_Modeling_Vd_set,0.02497,4/5,0.01523,4/5,STRONG
MEASURE_ET_DC_PIV_Drain_Lag_Imax,0.02496,4/5,0.01904,4/5,STRONG
SIN_GATE_ET_RGAN2,0.02494,5/5,0.01729,5/5,STRONG
MEASURE_ET_DC_Big_Vg_optt3,0.02494,5/5,0.01316,5/5,STRONG
MEASURE_ET_DC_SEC_S_Id_mA_mm_at_Vg1,0.02492,5/5,0.01694,5/5,STRONG
MEASURE_ET_DC_RF_Id_Vbon_max,0.02492,4/5,0.01545,4/5,STRONG
SIN_ET_DC_PIV_Idss_QP3,0.02491,5/5,0.0141,3/5,STRONG
MEASURE_ET_CapPARCAP,0.02484,5/5,0.01929,4/5,STRONG
SIN_ET_TR_1F,0.02479,5/5,0.02097,5/5,STRONG
BRIDGE_METAL_Height2_BRGM_Height2,0.02472,5/5,0.01338,5/5,STRONG
MEASURE_ET_DC_RF_S12dB_26GHz_W,0.02466,5/5,0.01872,5/5,STRONG
TFRP_ET_TF_AB_1,0.02462,4/5,0.01629,4/5,STRONG
CATHODE_ET_Rcat_cn_2,0.02455,5/5,0.0216,5/5,STRONG
THIN_ET_Ran_con_3_OW_CR,0.02454,5/5,0.02206,5/5,STRONG
MEASURE_ET_VIA_KLV_8p5,0.02452,5/5,0.01499,5/5,STRONG
MEASURE_ET_lkg_C200,0.02448,5/5,0.01089,4/5,STRONG
SIN_GATE_ET_R514,0.02448,5/5,0.01436,5/5,STRONG
HIRS_M_Gauge_P_E_MoSi,0.02446,5/5,0.02261,5/5,STRONG
TOPSIN_ET_lkg_CapPARCAP,0.02442,5/5,0.01162,4/5,STRONG
FIC_ET_G_per_6K,0.02441,5/5,0.00925,3/5,STRONG
MEASURE_ET_DC_SEC_S_Ids_max_norm,0.0244,5/5,0.01704,4/5,STRONG
THIN_Measure1GN_Thickness_after_bonding,0.02438,5/5,0.01253,5/5,STRONG
TOPSIN_ET_Load_Pull_Pout_Last,0.02438,4/5,0.01339,4/5,STRONG
THIN_Measure4_Wafer_thickness_final,0.02437,5/5,0.01113,4/5,STRONG
SIN_ET_DC_RF_Vt_gd,0.02433,5/5,0.01996,5/5,STRONG
MEASURE_ET_lkg_C300pf,0.02432,4/5,0.00896,3/5,STRONG
MEASURE_ET_C100C300pf,0.02421,5/5,0.02515,5/5,STRONG
MEASURE_ET_DC_SEC_X_Vg_at_I3_pos,0.02418,4/5,0.01895,5/5,STRONG
MEASURE_ET_DC_SEC_S_Ig_cut2_mAmm_neg_SD3p5,0.02412,4/5,0.01088,4/5,STRONG
Lot_type_ENG,0.0241,4/5,0.01673,4/5,STRONG
TOPSIN_ET_Rc_OG144,0.02406,5/5,0.01804,5/5,STRONG
MEASURE_ET_LT_SEC_Vg_Id_min_Vd8,0.02404,5/5,0.01585,5/5,STRONG
FIC_ET_DC_RF_Vdg_max,0.02404,4/5,0.01927,4/5,STRONG
MEASURE_ET_Cap_USV,0.02399,5/5,0.01803,5/5,STRONG
TOPSIN_ET_Load_Pull_Freq,0.02393,5/5,0.01513,5/5,STRONG
TOPSIN_ET_lkg_C385pf,0.02382,5/5,0.02101,5/5,STRONG
MEASURE_ET_DC_RF_Ft_W,0.02382,5/5,0.00956,3/5,STRONG
MEASURE_ET_Load_Pull_Id_SS,0.0238,4/5,0.01115,3/5,STRONG
MEASURE_ET_C100Cap2pf,0.02365,5/5,0.02137,5/5,STRONG
MEASURE_ET_DC_SEC_S_Vg_at_I1_pos_SD3p5,0.02363,5/5,0.01248,5/5,STRONG
MEASURE_ET_Rc_OG142_GN,0.02359,4/5,0.02182,4/5,STRONG
MEASURE_ET_DC_Stress_Id_max_Ig_after,0.02356,4/5,0.01506,4/5,STRONG
TOPSIN_ET_R514,0.02353,5/5,0.01234,4/5,STRONG
MEASURE_ET_DC_Diode_S11_dB_rev,0.0235,5/5,0.0179,5/5,STRONG
SIN_GATE_ET_Rc_OG142_GN,0.02342,5/5,0.0194,5/5,STRONG
TOPSIN_ET_R214,0.02335,5/5,0.01131,5/5,STRONG
GATE2_Ali_Litho2_Gate_to_ohmic_alignment,0.02331,4/5,0.01454,4/5,STRONG
TOPSIN_ET_DC_PIV_Ids0_QP2,0.02328,4/5,0.00918,4/5,STRONG
FIC_ET_lkg_5,0.02327,4/5,0.0102,4/5,STRONG
MEASURE_ET_DC_RF_CF_S12_Ph_L1002,0.0232,5/5,0.01283,4/5,STRONG
MEASURE_ET_DC_SEC_X_Id_mA_mm_at_Vg2,0.02319,3/5,0.01713,3/5,MODERATE
MEASURE_ET_DC_Big_K,0.02315,5/5,0.01105,4/5,STRONG
MEASURE_ET_C100C385pf,0.02315,5/5,0.02161,5/5,STRONG
TOPSIN_ET_lkg_C300pf,0.02308,5/5,0.01696,5/5,STRONG
MEASURE_ET_DC_RF_Idss,0.02307,3/5,0.01192,3/5,MODERATE
MEASURE_ET_DC_Big_Vdg_max_0p1mA,0.02305,5/5,0.01519,5/5,STRONG
GATE2_CD_330nm_Gate_Win_Length,0.02302,5/5,0.01035,5/5,STRONG
MEASURE_ET_lkg_C300,0.02296,5/5,0.01345,5/5,STRONG
VIA_GaN_Height_Ni_height,0.02296,5/5,0.01392,4/5,STRONG
TOPSIN_ET_R_f_tn_1,0.02289,4/5,0.01588,4/5,STRONG
MEASURE_ET_lkg_Cap_USV,0.02283,5/5,0.01842,5/5,STRONG
TOPSIN_ET_C300pf,0.02279,5/5,0.01718,5/5,STRONG
MEASURE_ET_Vbkdn_C385pf,0.02273,5/5,0.01926,5/5,STRONG
TOPSIN_ET_G_per_6K,0.0227,4/5,0.01832,4/5,STRONG
MEASURE_ET_DC_Big_Gm_m0p2,0.02266,5/5,0.01304,4/5,STRONG
MEASURE_ET_lkg_Cap1,0.02266,5/5,0.01225,5/5,STRONG
MEASURE_ET_DC_SEC_X_Vboff_Id_plus_Ig_FPSD3p2,0.02266,5/5,0.01568,5/5,STRONG
THIN_ET_lkg_C200,0.02254,5/5,0.01204,4/5,STRONG
GATE2_CD_HPA_CB_Gate_Win_Length,0.02252,5/5,0.00928,3/5,STRONG
BFIC_Height_FIC_metal_thickness,0.02252,4/5,0.01741,4/5,STRONG
MEASURE_ET_Vbkdn_C300pf,0.02248,5/5,0.01619,5/5,STRONG
MEASURE_ET_DC_SEC_X_Bin_SD3p5,0.02247,4/5,0.01665,4/5,STRONG
FIC_ET_DC_RF_Vdg_max_0p1,0.02242,4/5,0.01376,4/5,STRONG
MEASURE_ET_C100USV_Cappf,0.0224,5/5,0.0185,5/5,STRONG
TFRP_ET_TF_AB_3,0.02228,5/5,0.01219,4/5,STRONG
TOPSIN_ET_lkg_C500pf,0.02218,5/5,0.01964,5/5,STRONG
MEASURE_ET_lkg_100,0.02218,5/5,0.00903,4/5,STRONG
MEASURE_ET_LT_SEC_Vg_Id_min,0.02214,5/5,0.0175,5/5,STRONG
TOPSIN_ET_OHMC,0.02211,4/5,0.01512,5/5,STRONG
MEASURE_ET_DC_SEC_S_Vg_at_I1_neg_FPSD3p2,0.0221,5/5,0.01855,4/5,STRONG
MEASURE_ET_DC_SEC_X_Id_mA_mm_at_Vg1_FPSD3p2,0.02207,5/5,0.01773,4/5,STRONG
MEASURE_ET_Vbkdn_Cap100,0.02206,5/5,0.02133,5/5,STRONG
MEASURE_ET_DC_PIV_Ids0_QP3,0.02202,5/5,0.0145,5/5,STRONG
SIN_Thickness_SiN_Thickness,0.02196,5/5,0.01964,5/5,STRONG
MEASURE_ET_HIRS,0.02174,5/5,0.01394,4/5,STRONG
MEASURE_ET_DC_RF_Max_S11_Freq_L2180,0.02171,4/5,0.01508,4/5,STRONG
FIC_ET_FC_lin_4,0.02166,4/5,0.01265,4/5,STRONG
MEASURE_ET_CapFICM1_0,0.02164,5/5,0.01644,5/5,STRONG
MEASURE_ET_TF_AB_1,0.0216,5/5,0.01702,5/5,STRONG
OHMIC_Thickness_SiN_Thickness,0.02157,5/5,0.01755,5/5,STRONG
MEASURE_ET_CapFICM1,0.02156,5/5,0.0162,5/5,STRONG
THIN_ET_lkg_50_at20V,0.02154,5/5,0.00877,4/5,STRONG
MEASURE_ET_sh_GA142,0.0215,4/5,0.01065,3/5,STRONG
MEASURE_ET_Rc_an_ct2_OW_CR,0.02149,4/5,0.01287,4/5,STRONG
MEASURE_ET_R_400_HOR,0.02141,5/5,0.01617,5/5,STRONG
TOPSIN_ET_C100CapFICM1,0.02139,5/5,0.01502,5/5,STRONG
MEASURE_ET_DC_SEC_S_Vboff_Id_plus_Ig,0.02134,5/5,0.01352,5/5,STRONG
MEASURE_ET_R_400_VER,0.02124,5/5,0.00831,3/5,STRONG
MEASURE_ET_DC_SEC_S_Vg_at_I1_neg,0.02124,4/5,0.01924,4/5,STRONG
ABVIA_CD_AB_VIA_litho,0.02116,5/5,0.01451,4/5,STRONG
THIN_ET_Vbpin_D60,0.02111,5/5,0.01019,5/5,STRONG
MEASURE_ET_DC_SEC_S_Bin_SD3p5,0.02109,4/5,0.01478,4/5,STRONG
MEASURE_ET_DC_RF_CF_S22_Mag_L2180,0.02107,5/5,0.00824,4/5,STRONG
MEASURE_ET_DC_SEC_X_Ig_mAmm_at_Vg_cond_pos_FPSD3p2,0.02107,5/5,0.01049,3/5,STRONG
MEASURE_ET_DC_SEC_S_Id_plus_Ig_at_Vboff_mA_mm_FPSD3p2,0.02105,5/5,0.01109,5/5,STRONG
MEASURE_ET_DC_RF_Idss_W,0.021,5/5,0.01367,4/5,STRONG
MEASURE_ET_R214,0.02096,5/5,0.0133,3/5,STRONG
MEASURE_ET_Rsh_an_ct2_OW_CR,0.02091,5/5,0.01155,5/5,STRONG
MEASURE_ET_DC_PIV_Ids0_QP1,0.0208,4/5,0.01787,4/5,STRONG
MEASURE_ET_lkg_50_at20V,0.0208,5/5,0.00683,4/5,STRONG
MEASURE_ET_DC_SMALL_Vg_max_Vd,0.02078,5/5,0.01114,5/5,STRONG
MEASURE_ET_DC_SEC_Vboff_1,0.02074,5/5,0.01185,3/5,STRONG
MEASURE_ET_DC_RF_Vg_optt,0.0207,3/5,0.01633,2/5,MODERATE
MEASURE_ET_C500pf,0.0207,4/5,0.01321,4/5,STRONG
MEASURE_ET_DC_SEC_X_Id_mA_mm_at_Vg2_FPSD3p2,0.02065,5/5,0.01254,5/5,STRONG
TOPSIN_ET_Load_Pull_Vg,0.02059,5/5,0.0116,5/5,STRONG
MEASURE_ET_DC_RF_S12ang_10GHz,0.02058,5/5,0.01417,5/5,STRONG
MEASURE_ET_DC_SEC_S_Ids_max_norm_SD3p5,0.02052,5/5,0.01238,4/5,STRONG
MEASURE_ET_DC_SEC_X_Id_plus_Ig_at_Vboff_mA_mm_SD3p5,0.0205,5/5,0.00978,3/5,STRONG
MEASURE_ET_C100CapFICM1,0.02042,5/5,0.01235,4/5,STRONG
MEASURE_ET_DC_SEC_X_Vg_at_I2_neg,0.0204,5/5,0.01866,5/5,STRONG
MEASURE_ET_R314,0.02039,5/5,0.01087,5/5,STRONG
TOPSIN_ET_Rc_f_hr_23,0.02035,5/5,0.01393,4/5,STRONG
MEASURE_ET_LT_SEC_Vg_Id_min_Vd3,0.02033,4/5,0.00977,3/5,STRONG
MEASURE_ET_LT_SEC_Ileak_m7V_mA_mm,0.0203,5/5,0.01329,5/5,STRONG
MEASURE_ET_DC_Stress_Id_max_Ig_before,0.02029,5/5,0.01372,5/5,STRONG
TOPSIN_ET_C450pf_0,0.02027,5/5,0.01114,5/5,STRONG
MEASURE_ET_DC_SEC_X_Vboff_Id_FPSD3p2,0.02026,5/5,0.0139,5/5,STRONG
MEASURE_ET_Load_Pull_ID_comp_Last_mA,0.02024,4/5,0.00977,4/5,STRONG
TOPSIN_ET_Load_Pull_Id_SS,0.02023,4/5,0.00553,3/5,STRONG
MEASURE_ET_DC_Stress_Id_stress_after,0.02023,4/5,0.016,4/5,STRONG
MEASURE_ET_C_AN_2_OW_CR,0.02019,4/5,0.01168,4/5,STRONG
OHMIC_ET_R314,0.0201,5/5,0.00924,5/5,STRONG
GATE2_CD_358nm_Gate_Win_Length,0.02009,4/5,0.00914,3/5,STRONG
TOPSIN_ET_DC_RF_Vbin_gd,0.02007,4/5,0.01481,4/5,STRONG
FIC_ET_GT_lin25,0.02,5/5,0.01286,5/5,STRONG
THIN_ET_Rsh_F_AB_2,0.01999,5/5,0.01402,5/5,STRONG
MEASURE_ET_DC_RF2_S11ang_26GHz,0.01991,5/5,0.01443,4/5,STRONG
MEASURE_ET_DC_PIV_Gate_Lag_Idss,0.01991,5/5,0.01582,4/5,STRONG
MEASURE_ET_DC_Big_S12ang_10GHz,0.01987,5/5,0.01502,5/5,STRONG
MEASURE_ET_R_f_hr_3,0.01986,5/5,0.01019,5/5,STRONG
CATHODE_ET_Rc_cat_ct2,0.01985,5/5,0.01444,4/5,STRONG
MEASURE_ET_CapUSV_0,0.01977,4/5,0.01727,5/5,STRONG
THIN_ET_Rc_an_ct2_OW_CR,0.01976,5/5,0.01861,5/5,STRONG
MEASURE_ET_RF_Modeling_Ld,0.01974,5/5,0.01063,4/5,STRONG
TANR_M_Gauge_P_E_TaN,0.01969,5/5,0.01398,4/5,STRONG
OHMIC_ET_R114,0.01969,4/5,0.01243,4/5,STRONG
THIN_ET_C20_0,0.01966,5/5,0.01194,4/5,STRONG
THIN_ET_KLV_F_AB_4u,0.01966,4/5,0.01354,4/5,STRONG
TOPSIN_ET_R_f_hr_1,0.01964,5/5,0.01095,3/5,STRONG
FIC_ET_Rc_f_tn_23,0.01961,4/5,0.01606,4/5,STRONG
MEASURE_ET_DC_Diode_Rs,0.0195,5/5,0.01512,5/5,STRONG
TOPSIN_ET_C100C175pf,0.01948,5/5,0.01659,5/5,STRONG
MEASURE_ET_DC_SEC_S_Vboff_Id,0.01944,4/5,0.01164,5/5,STRONG
TOPSIN_ET_C300,0.01943,5/5,0.01582,5/5,STRONG
MEASURE_ET_RF_Modeling_MAG_25G_Before,0.01942,5/5,0.01321,5/5,STRONG
MEASURE_ET_RF_Modeling_Tau,0.01939,5/5,0.01376,5/5,STRONG
MEASURE_ET_RF_Modeling_Delta_S21_19G,0.01937,5/5,0.01435,5/5,STRONG
THIN_ET_R_4000_VER,0.01931,5/5,0.01065,4/5,STRONG
MEASURE_ET_RF_Modeling_Ft_ext,0.0193,5/5,0.01258,5/5,STRONG
MEASURE_ET_DC_SEC_S_Id_at_Vboff_mA_mm_SD3p5,0.0193,4/5,0.0152,4/5,STRONG
TOPSIN_ET_Cap3pf,0.01926,5/5,0.01717,5/5,STRONG
MEASURE_ET_RF_Modeling_S21_19G_Before,0.01916,5/5,0.01228,4/5,STRONG
MEASURE_ET_DC_SEC_X_Ig_mAmm_at_Vg_cond_neg_FPSD3p2,0.01916,5/5,0.01659,5/5,STRONG
MEASURE_ET_DC_SEC_S_Id_plus_Ig_at_Vboff_mA_mm_SD3p5,0.01915,4/5,0.01568,4/5,STRONG
TOPSIN_ET_Cap2pf_0,0.01913,5/5,0.01779,5/5,STRONG
MEASURE_ET_RF_Modeling_Tau_err,0.01913,5/5,0.01161,4/5,STRONG
MEASURE_ET_C300pf_0,0.01902,5/5,0.0162,5/5,STRONG
MEASURE_ET_lkg_CapFICM1,0.019,5/5,0.01021,4/5,STRONG
THIN_ET_R_f_hr_1,0.01898,5/5,0.01193,3/5,STRONG
MEASURE_ET_lkg_CapUSV,0.01898,3/5,0.01027,5/5,MODERATE
FIC_ET_sh_f_hr_23,0.01895,5/5,0.01092,5/5,STRONG
MEASURE_ET_DC_RF_Min_S21_Mag_L1018,0.01894,5/5,0.01021,3/5,STRONG
OHMIC_ET_Ran_con_2,0.01893,5/5,0.01518,5/5,STRONG
MEASURE_ET_DC_RF_Min_S21_Ph_L1002,0.01892,5/5,0.0126,4/5,STRONG
MEASURE_ET_DC_SEC_X_Vg_at_I3_neg,0.01888,5/5,0.00983,4/5,STRONG
CATHODE_ET_Rcat_cn_3_OW_ST,0.01885,4/5,0.01368,5/5,STRONG
MEASURE_ET_lkg_C175pf,0.01884,4/5,0.0057,4/5,STRONG
THIN_ET_TF_AB_2,0.01884,5/5,0.01562,5/5,STRONG
MEASURE_ET_DC_RD_Vboff_ON,0.01882,4/5,0.01324,5/5,STRONG
MEASURE_ET_DC_SEC_S_Bin_FPSD3p2,0.01882,5/5,0.01156,5/5,STRONG
TOPSIN_ET_DC_SMALL_Vboff,0.0188,5/5,0.01303,5/5,STRONG
THIN_ET_DC_RF_Vdg_max,0.01873,5/5,0.01917,5/5,STRONG
MEASURE_ET_DC_SMALL_Vbgd_0p1,0.01873,5/5,0.01071,5/5,STRONG
TOPSIN_ET_C175pf_0,0.01873,5/5,0.01566,5/5,STRONG
MEASURE_ET_C300FB_0,0.0187,5/5,0.01605,5/5,STRONG
MEASURE_ET_DC_SEC_X_Ig_cut3_mAmm_pos_SD3p5,0.0187,5/5,0.01739,5/5,STRONG
MEASURE_ET_DC_RF_CF_S22_Ph_L2180,0.01869,4/5,0.01069,4/5,STRONG
MEASURE_ET_DC_RF_Vbgd_0p01,0.01867,5/5,0.00618,3/5,STRONG
FIC_ET_DC_RF_Vt_gs,0.01865,5/5,0.01469,5/5,STRONG
MEASURE_ET_DC_SEC_S_Id_mA_mm_at_Vg2_FPSD3p2,0.01863,5/5,0.01159,4/5,STRONG
TOPSIN_ET_DC_RF_Vg_optt,0.01862,5/5,0.01161,4/5,STRONG
MEASURE_ET_Load_Pull_GL_meas,0.01858,4/5,0.01633,4/5,STRONG
SIN_ET_DC_RF_Vg_optt1,0.01858,5/5,0.01472,4/5,STRONG
MEASURE_ET_C200_0,0.0185,5/5,0.01346,4/5,STRONG
MEASURE_ET_DC_RF_CF_S11_Mag_L1002,0.01848,5/5,0.01379,5/5,STRONG
MEASURE_ET_C300FM1_0,0.01847,5/5,0.01472,5/5,STRONG
MEASURE_ET_DC_RF2_MAG_35GHz,0.01845,5/5,0.0138,5/5,STRONG
MEASURE_ET_Probe_Number,0.01844,4/5,0.01086,4/5,STRONG
MEASURE_ET_lkg_Cap3,0.01843,4/5,0.00843,3/5,STRONG
Customer_Internal,0.01842,5/5,0.01442,5/5,STRONG
MEASURE_ET_DC_RF_S11ang_26GHz,0.0184,3/5,0.01127,4/5,MODERATE
MEASURE_ET_lkg_C500pf,0.01836,4/5,0.00954,5/5,STRONG
FIC_ET_DC_RF_Vg_optt3,0.01833,5/5,0.0119,5/5,STRONG
MEASURE_ET_DC_RF_Freq_cut_L2180,0.01831,5/5,0.01423,4/5,STRONG
OHMIC_ET_sh_GA142,0.01831,4/5,0.01425,5/5,STRONG
ANODE_ET_Rsh_an_ct2,0.01825,4/5,0.01667,4/5,STRONG
MEASURE_ET_DC_RF_CF_S12_Ph_L1018,0.01818,4/5,0.01294,3/5,STRONG
TOPSIN_ET_RGAN2,0.01816,5/5,0.01212,5/5,STRONG
MEASURE_ET_DC_SEC_X_Bin_FPSD3p2,0.01816,4/5,0.01392,4/5,STRONG
MEASURE_ET_C100C500pf,0.01814,5/5,0.01578,5/5,STRONG
SIN_ET_DC_RF_Vbgd_0p1,0.01814,4/5,0.01257,4/5,STRONG
MEASURE_ET_Rc_OG144,0.01813,3/5,0.01898,3/5,MODERATE
MEASURE_ET_LT_SEC_Id_min_mA_mm_Vd3,0.0181,5/5,0.01394,4/5,STRONG
MEASURE_ET_DC_SEC_S_Ig_cut2_mAmm_neg,0.01809,4/5,0.01338,4/5,STRONG
SIN_GATE_ET_OHMIC_conc,0.01808,4/5,0.00912,3/5,STRONG
MEASURE_ET_LT_SEC_Ileak_m12p5V_mA_mm,0.01806,5/5,0.01137,4/5,STRONG
GATE2_Thickness4_PMMA_PR_etch_thickness,0.01804,4/5,0.01026,3/5,STRONG
MEASURE_ET_DC_Big_Ft,0.01802,5/5,0.01387,5/5,STRONG
MEASURE_ET_Rcat_cn_3_OW_ST,0.01799,5/5,0.01562,5/5,STRONG
FIC_ET_Probe_Number,0.01798,5/5,0.01323,4/5,STRONG
SIN_GATE_ET_R214,0.01795,4/5,0.01613,4/5,STRONG
MEASURE_ET_LT_SEC_Ig_Id_min_mA_mm_Vd7,0.01792,5/5,0.01227,5/5,STRONG
VIA_GaN_Measure4GN_Final_GaN_thickness,0.01791,5/5,0.00932,5/5,STRONG
TOPSIN_ET_Load_Pull_GL_set,0.01783,5/5,0.00282,4/5,STRONG
SIN_GATE_ET_R114,0.01777,5/5,0.01331,5/5,STRONG
THIN_ET_R_400_VER,0.01777,4/5,0.01364,3/5,STRONG
CATHODE_ET_Rcat_cn_3,0.0177,5/5,0.01915,5/5,STRONG
TOPSIN_ET_DC_SMALL_Vds_max_0p1,0.0177,5/5,0.01157,4/5,STRONG
FIC_ET_lkg_SY8_80,0.01769,4/5,0.00721,3/5,STRONG
THIN_ET_Rsh_an_ct2,0.01766,5/5,0.0122,4/5,STRONG
MEASURE_ET_VIA_KLV_2,0.01757,4/5,0.01382,4/5,STRONG
MEASURE_ET_DC_SEC_X_Ig_cut1_mAmm_neg,0.01755,4/5,0.01479,3/5,STRONG
MEASURE_ET_DC_SEC_S_Ig_mAmm_at_Vg_cond_pos,0.01751,5/5,0.01393,5/5,STRONG
MEASURE_ET_RF_Modeling_L_Gg,0.01749,3/5,0.01138,4/5,MODERATE
MEASURE_ET_DC_SEC_X_Vg_at_I1_neg,0.01748,5/5,0.00974,4/5,STRONG
SIN_ET_DC_RF_Vg_optt2,0.01746,3/5,0.00606,3/5,MODERATE
SIN_GATE_ET_Ran_con_1,0.01741,5/5,0.01146,4/5,STRONG
MEASURE_ET_DC_SEC_S_Ids_max_norm_FPSD3p2,0.01741,4/5,0.01148,4/5,STRONG
TOPSIN_ET_R314,0.0174,5/5,0.00821,3/5,STRONG
THIN_ET_Rc_cat_ct2,0.01736,5/5,0.01806,5/5,STRONG
FIC_ET_DC_RF_Vbgd1,0.01734,5/5,0.01006,4/5,STRONG
MEASURE_ET_DC_SEC_S_Ig_cut3_mAmm_neg,0.01733,5/5,0.01774,5/5,STRONG
THIN_ET_HIRS,0.01728,5/5,0.01186,5/5,STRONG
ANODE_ET_Ran_con_1_OW_CR,0.01723,4/5,0.00876,4/5,STRONG
MEASURE_ET_Load_Pull_PhL_meas,0.01712,4/5,0.01081,4/5,STRONG
MEASURE_ET_C100CapUSV,0.0171,5/5,0.01641,5/5,STRONG
MEASURE_ET_Load_Pull_Freq,0.01707,4/5,0.007,4/5,STRONG
MEASURE_ET_DC_RF_Id_Vbon_min,0.01704,5/5,0.0123,5/5,STRONG
SIN_CAPACITOR_ThicknessGN1_SiN_Thickness,0.01703,5/5,0.01348,4/5,STRONG
FIN_CD2_CD_etch_FIN,0.01687,5/5,0.00643,4/5,STRONG
MEASURE_ET_DC_Big_Vds_max,0.01685,5/5,0.01046,4/5,STRONG
TOPSIN_ET_DC_RF_n_gs,0.01681,4/5,0.01058,4/5,STRONG
TOPSIN_ET_Ids_m2,0.0168,5/5,0.01793,5/5,STRONG
MEASURE_ET_DC_SEC_S_Ig_mAmm_at_Vg_cond_neg,0.0168,4/5,0.00922,4/5,STRONG
THIN_ET_Rcat_cn_3,0.01678,4/5,0.0143,5/5,STRONG
TOPSIN_ET_KLV_F_AB_4u,0.01671,4/5,0.01261,4/5,STRONG
TOPSIN_ET_lkg_Cap2,0.01665,4/5,0.01141,4/5,STRONG
FIC_ET_DC_PIV_Ids0_QP2,0.01659,4/5,0.01502,4/5,STRONG
MEASURE_ET_C200,0.01657,5/5,0.01614,5/5,STRONG
MEASURE_ET_RF_Modeling_S21_19G_After,0.01656,4/5,0.01399,4/5,STRONG
MEASURE_ET_TANR,0.01651,5/5,0.01305,5/5,STRONG
TOPSIN_ET_DC_PIV_Ids0_QP3,0.01648,5/5,0.01285,5/5,STRONG
MEASURE_ET_DC_RF_CF_S11_Mag_L2180,0.01645,5/5,0.01321,5/5,STRONG
MEASURE_ET_lkg_USV_Cap,0.0164,5/5,0.00883,4/5,STRONG
TOPSIN_ET_C500pf,0.0164,4/5,0.01887,5/5,STRONG
GATE2_Ali_Litho_Gate_to_recess_alignment,0.0164,5/5,0.01749,5/5,STRONG
MEASURE_ET_DC_Stress_Stress_time,0.01636,5/5,0.01147,5/5,STRONG
FIC_ET_R114,0.01629,4/5,0.00732,4/5,STRONG
THIN_ET_DC_RF_Ids_m0p2,0.01625,5/5,0.00971,4/5,STRONG
MEASURE_ET_DC_SEC_X_Ig_cut3_mAmm_neg,0.01621,4/5,0.0121,4/5,STRONG
MEASURE_ET_DC_SEC_Vgs_back_1V,0.01619,4/5,0.01251,4/5,STRONG
MEASURE_ET_DC_SEC_n_gs,0.01617,5/5,0.01291,5/5,STRONG
MEASURE_ET_DC_SEC_S_Vg_at_I3_neg,0.01611,5/5,0.011,4/5,STRONG
TOPSIN_ET_lkg_CapFICM1,0.01608,5/5,0.00764,5/5,STRONG
THIN_ET_lkg_C20,0.01607,5/5,0.01054,4/5,STRONG
THIN_ET_lkg_100_at20V,0.01606,5/5,0.00976,4/5,STRONG
MEASURE_ET_DC_SEC_S_Ig_cut1_mAmm_pos_SD3p5,0.01606,5/5,0.00951,5/5,STRONG
MEASURE_ET_Rsh_an_ct2,0.01604,4/5,0.01439,4/5,STRONG
MEASURE_ET_DC_SMALL_Vboff,0.016,4/5,0.00944,3/5,STRONG
TOPSIN_ET_C100C385pf,0.01591,5/5,0.01361,5/5,STRONG
MEASURE_ET_DC_Big_S11ang_10GHz,0.01589,5/5,0.01046,4/5,STRONG
TOPSIN_ET_Load_Pull_Pin_Cut,0.01585,5/5,0.00955,5/5,STRONG
MEASURE_ET_DC_Stress_Id_stress_before,0.0157,5/5,0.01186,4/5,STRONG
MEASURE_ET_LT_SEC_Ig_Id_min_mA_mm,0.01567,5/5,0.01009,3/5,STRONG
THIN_ET_R314,0.01566,5/5,0.00873,4/5,STRONG
THIN_ET_DC_RF_Vg_optt1,0.01566,5/5,0.01319,5/5,STRONG
MEASURE_ET_Load_Pull_P.A.E_Last,0.01565,5/5,0.01146,5/5,STRONG
THIN_ET_TFR_AB,0.01564,4/5,0.00564,3/5,STRONG
CHRE_ET_Ids_Channel_recess_current,0.01563,5/5,0.0115,5/5,STRONG
MEASURE_ET_DC_SEC_X_Vboff_Id_plus_Ig_SD3p5,0.01562,4/5,0.008,4/5,STRONG
TOPSIN_ET_DC_SMALL_Vdg_max_0p1,0.01557,5/5,0.0107,5/5,STRONG
MEASURE_ET_DC_SEC_S_Vg_at_I2_neg_FPSD3p2,0.01557,4/5,0.01161,5/5,STRONG
MEASURE_ET_Cap3pf_0,0.01556,4/5,0.01302,5/5,STRONG
SIN_ET_DC_RF_Vg_max_Vd_0p1,0.01554,5/5,0.00771,3/5,STRONG
TOPSIN_ET_C500pf_0,0.01553,3/5,0.0148,3/5,MODERATE
CATHODE_ET_Rsh_cat_c2,0.01549,4/5,0.00887,4/5,STRONG
BRGM_Height3_TOP_metal_thickness,0.01542,4/5,0.00929,4/5,STRONG
FIC_ET_G2_per_6K,0.0154,5/5,0.01113,4/5,STRONG
MEASURE_ET_RF_Modeling_MAG_25G_After,0.01538,5/5,0.00966,4/5,STRONG
MEASURE_ET_RF_Modeling_Vd_stress,0.01527,4/5,0.01178,5/5,STRONG
MEASURE_ET_LT_SEC_Ileak_m16p5V_mA_mm,0.01524,5/5,0.00757,5/5,STRONG
TOPSIN_ET_Load_Pull_Id_ini,0.01511,5/5,0.01311,5/5,STRONG
MEASURE_ET_DC_SEC_Vgs_back_0p1V,0.01509,4/5,0.0064,4/5,STRONG
THIN_ET_DC_RD_Vboff,0.01508,5/5,0.01048,5/5,STRONG
THIN_ET_R_660_HOR,0.01508,5/5,0.01142,4/5,STRONG
TOPSIN_ET_Rc_OG142_GN,0.01507,4/5,0.01731,5/5,STRONG
MEASURE_ET_RF_Modeling_Fmax_ext,0.01502,4/5,0.01685,3/5,STRONG
MEASURE_ET_DC_SMALL_Vds_max_0p1,0.01501,5/5,0.00849,5/5,STRONG
MEASURE_ET_DC_SEC_X_Id_mA_mm_at_Vg1_SD3p5,0.01497,5/5,0.01065,5/5,STRONG
FIC_ET_R_f_tn_1,0.01493,5/5,0.01277,5/5,STRONG
ANODE_ET_Probe_Number,0.01491,3/5,0.01344,4/5,MODERATE
MEASURE_ET_DC_RF_Freq_cut_L1002,0.01491,5/5,0.00787,5/5,STRONG
TOPSIN_ET_DC_SMALL_Vbgd1,0.01489,5/5,0.00844,5/5,STRONG
MEASURE_ET_DC_SMALL_Vg_max_Vd_0p1,0.01479,5/5,0.01147,5/5,STRONG
MEASURE_ET_DC_SEC_S_Vg_at_I3_neg_FPSD3p2,0.01478,5/5,0.00833,4/5,STRONG
FIN_Etch_Soft_Bias,0.01474,5/5,0.01265,5/5,STRONG
MEASURE_ET_DC_SEC_S_Vg_at_I2_pos_SD3p5,0.01473,5/5,0.01234,5/5,STRONG
MEASURE_ET_DC_RF_S12dB_10GHz,0.01468,4/5,0.00852,4/5,STRONG
ANODE_ET_Ran_con_2_OW_CR,0.01464,4/5,0.01175,4/5,STRONG
MEASURE_ET_LT_SEC_Id_min_mA_mm_Vd7,0.01463,4/5,0.01176,4/5,STRONG
SIN_ET_DC_RF_Vdg_max_0p1,0.0146,4/5,0.01263,4/5,STRONG
MEASURE_ET_lkg_C385pf,0.01459,4/5,0.00542,3/5,STRONG
THIN_ET_Rsh_an_ct2_OW_CR,0.01454,4/5,0.00962,4/5,STRONG
MEASURE_ET_DC_RF_S11ang_10GHz,0.01454,5/5,0.00778,5/5,STRONG
MEASURE_ET_C_AN_2,0.01449,4/5,0.01046,5/5,STRONG
EBCR2_CD_2_EBCR_cd_etch,0.01445,5/5,0.00938,5/5,STRONG
FIC_ET_DC_RF_n_gd,0.01441,4/5,0.01273,5/5,STRONG
ANODE_ET_C_AN_2,0.01439,5/5,0.0085,5/5,STRONG
MEASURE_ET_DC_SEC_X_Ids_max_norm_SD3p5,0.01437,5/5,0.01086,5/5,STRONG
THIN_ET_R_f_hr_3,0.01432,5/5,0.00993,5/5,STRONG
TOPSIN_ET_KLV_F_M1_4u,0.01428,5/5,0.00459,4/5,STRONG
MEASURE_ET_LT_SEC_Ig_Id_min_mA_mm_Vd8,0.01428,5/5,0.00764,2/5,STRONG
EBCR2_ET_Ids_EBCR_recess_current,0.01428,5/5,0.00782,4/5,STRONG
MEASURE_ET_DC_RF_K,0.01427,4/5,0.01175,5/5,STRONG
MEASURE_ET_DC_SEC_X_Vg_at_I2_pos_FPSD3p2,0.01426,5/5,0.00705,4/5,STRONG
THIN_ET_Rc_TF_AB_2,0.01424,4/5,0.01112,4/5,STRONG
MEASURE_ET_DC_Diode_D_leak_65V,0.01423,5/5,0.00792,5/5,STRONG
THIN_ET_Rcat_cn_2_OW_ST,0.01421,5/5,0.01102,5/5,STRONG
SIN_ET_DC_RF_Vds_max_0p1mA,0.01419,5/5,0.00868,4/5,STRONG
MEASURE_ET_DC_SEC_S_Id_mA_mm_at_Vg3,0.01418,4/5,0.00824,4/5,STRONG
MEASURE_ET_RF_Modeling_R_Gg,0.01418,4/5,0.00578,3/5,STRONG
MEASURE_ET_RF_Modeling_Mag_m,0.01416,5/5,0.01053,5/5,STRONG
TOPSIN_ET_DC_SMALL_Vg_optt,0.01413,4/5,0.0089,3/5,STRONG
FIC_ET_TANR,0.01409,5/5,0.00865,5/5,STRONG
MEASURE_ET_R_4000_VER,0.01405,4/5,0.0097,4/5,STRONG
MEASURE_ET_DC_RF_Vbon_max,0.01405,5/5,0.00803,4/5,STRONG
MEASURE_ET_DC_RF_Min_S21_Ph_L2180,0.01403,5/5,0.01239,5/5,STRONG
FIC_ET_C200_0S1,0.01398,5/5,0.01314,5/5,STRONG
FIC_ET_DC_PIV_Ids1_QP2,0.01398,4/5,0.01095,5/5,STRONG
THIN_ET_Ran_con_2_OW_CR,0.01395,4/5,0.0088,4/5,STRONG
FIC_ET_DC_PIV_Drain_Lag_0,0.01394,5/5,0.00809,4/5,STRONG
FIC_ET_DC_RF_n_gs,0.01391,5/5,0.01278,5/5,STRONG
MEASURE_ET_RF_Modeling_Cgs,0.01384,4/5,0.00861,4/5,STRONG
SIN_ET_DC_RF_n_gs,0.01383,4/5,0.01137,4/5,STRONG
ANODE_ET_C_AN_2_OW_CR,0.0138,4/5,0.01168,4/5,STRONG
SIN_ThicknessGN2_SiN_Thickness,0.0138,4/5,0.01175,5/5,STRONG
FIC_ET_R_f_hr_3,0.01374,5/5,0.00898,4/5,STRONG
THIN_ET_TANR,0.01371,5/5,0.00588,3/5,STRONG
MEASURE_ET_DC_Stress_Vd_stress,0.01371,3/5,0.009,4/5,MODERATE
MEASURE_ET_USV_Cappf,0.0137,5/5,0.01211,5/5,STRONG
MEASURE_ET_DC_Big_Vg_optt1,0.01367,4/5,0.00841,4/5,STRONG
FIN_CD1_CD_PL_FIN,0.01365,5/5,0.00422,4/5,STRONG
MEASURE_ET_LT_SEC_Vd_Id_min,0.01364,5/5,0.00634,4/5,STRONG
BPLATE_Height_BPLATE_metal_thickness,0.01362,4/5,0.01136,4/5,STRONG
MEASURE_ET_Load_Pull_Id_ord,0.01361,5/5,0.00859,5/5,STRONG
MEASURE_ET_lkg_50,0.0136,5/5,0.00955,5/5,STRONG
MEASURE_ET_DC_SMALL_Vbgs_0p1,0.01355,5/5,0.00732,3/5,STRONG
MEASURE_ET_LT_SEC_Ileak_m9p5V_mA_mm,0.01354,5/5,0.01174,5/5,STRONG
MEASURE_ET_DC_PIV_Drain_Lag_1,0.01354,4/5,0.00675,4/5,STRONG
MEASURE_ET_DC_SMALL_Vbin_gs,0.01346,4/5,0.00898,4/5,STRONG
MEASURE_ET_lkg_C300M1B,0.01345,4/5,0.01014,4/5,STRONG
THIN_ET_Ran_con_1_OW_CR,0.0134,5/5,0.01066,5/5,STRONG
FIC_ET_DC_RF_Vboff,0.01337,4/5,0.005,3/5,STRONG
OHMIC_ET_Ran_con_1,0.01331,5/5,0.01289,5/5,STRONG
TOPSIN_ET_R_f_tn_2,0.01323,4/5,0.01135,4/5,STRONG
THIN_ET_DC_RF_Vt_gd,0.0132,4/5,0.01149,4/5,STRONG
MESA_ET_Probe_Number,0.01314,5/5,0.00856,5/5,STRONG
MEASURE_ET_DC_Diode_S21_dB_forw,0.01313,4/5,0.00693,3/5,STRONG
THIN_ET_lkg_C300,0.01302,4/5,0.01132,5/5,STRONG
ANODE_ET_Ran_con_3_OW_CR,0.01297,4/5,0.00766,4/5,STRONG
SIN_GATE_ET_I_5,0.01297,4/5,0.00728,4/5,STRONG
FMESA_ET_Vbkd,0.01294,4/5,0.00873,3/5,STRONG
MEASURE_ET_DC_SEC_X_Ron,0.0129,5/5,0.0104,4/5,STRONG
MEASURE_ET_DC_SEC_S_Ig_cut2_mAmm_pos_FPSD3p2,0.01289,4/5,0.00591,4/5,STRONG
MEASURE_ET_DC_RD_Vg_Vbon_max,0.01285,5/5,0.00683,4/5,STRONG
MEASURE_ET_lkg_Cap2,0.01284,5/5,0.00836,5/5,STRONG
MEASURE_ET_Rsh_TF_AB2,0.0128,4/5,0.00877,4/5,STRONG
BRGM_Cd_Metal_BRGM_Final_metal_CD,0.01278,5/5,0.00786,4/5,STRONG
MEASURE_ET_LT_SEC_Vd_Id_min_Vd3,0.01277,5/5,0.00648,4/5,STRONG
TOPSIN_ET_DC_PIV_Ids1_QP3,0.01275,4/5,0.00815,4/5,STRONG
GATE1_Thickness1_Triple_E-beam_thickness,0.01275,4/5,0.00828,5/5,STRONG
TOPSIN_ET_Vg_Vds_max,0.01273,5/5,0.01126,5/5,STRONG
MEASURE_ET_RF_Modeling_S12dB_10GHz,0.01272,3/5,0.01144,4/5,MODERATE
MEASURE_ET_RF_Modeling_R_Gd,0.01269,5/5,0.00729,5/5,STRONG
OHMIC_ET_OHMIC_conc,0.01268,5/5,0.00911,4/5,STRONG
MEASURE_ET_DC_RF_CF_S11_Ph_L1018,0.01267,5/5,0.00657,5/5,STRONG
MEASURE_ET_DC_RF_Vds_max_0p1,0.01266,4/5,0.00786,4/5,STRONG
MEASURE_ET_Load_Pull_Pin_Last,0.01261,4/5,0.00994,4/5,STRONG
TOPSIN_ThicknessGN_RefractiveIndex,0.01258,5/5,0.00177,3/5,STRONG
MEASURE_ET_LT_SEC_Ileak_m10V_mA_mm,0.01256,5/5,0.00831,5/5,STRONG
MEASURE_ET_DC_SEC_S_Id_plus_Ig_at_Vboff_mA_mm,0.01256,4/5,0.00401,3/5,STRONG
SIN_ET_lkg_SY8_80,0.01254,5/5,0.00929,4/5,STRONG
MEASURE_ET_RF_Modeling_Cgs_err,0.0125,5/5,0.01037,5/5,STRONG
MEASURE_ET_DC_RF_Vbgs1,0.01244,5/5,0.00564,3/5,STRONG
MEASURE_ET_DC_SEC_Vg_min_ON,0.01241,5/5,0.01035,5/5,STRONG
MEASURE_ET_DC_PIV_Drain_Lag_0,0.01238,5/5,0.00771,3/5,STRONG
MEASURE_ET_DC_SEC_X_Ids_max_norm_FPSD3p2,0.01238,5/5,0.0069,4/5,STRONG
MEASURE_ET_LT_SEC_Vg_Id_min_Vd7,0.01236,5/5,0.01246,5/5,STRONG
MEASURE_ET_DC_RD_Id_Vbon_min,0.01231,5/5,0.00823,4/5,STRONG
MEASURE_ET_G_per_6K,0.01227,5/5,0.01085,5/5,STRONG
MEASURE_ET_TFR_AB,0.01225,4/5,0.0097,3/5,STRONG
OHMIC_ET_lkg_5,0.01225,5/5,0.01094,5/5,STRONG
MEASURE_ET_DC_RF_CF_S21_Ph_L1002,0.0122,5/5,0.0076,5/5,STRONG
MEASURE_ET_DC_RF_CF_S12_Mag_L1018,0.0122,4/5,0.0091,3/5,STRONG
THIN_ET_sh_f_hr_23,0.01214,5/5,0.01152,5/5,STRONG
THIN_ET_R214,0.01208,4/5,0.00861,4/5,STRONG
TOPSIN_ET_DC_SMALL_Ids_m0p2,0.01205,5/5,0.00913,5/5,STRONG
BRIDGE_METAL_CD_BRGM_Final_metal_CD,0.01201,3/5,0.00652,3/5,MODERATE
THIN_ET_DC_RF_n_gd,0.012,4/5,0.0076,4/5,STRONG
MEASURE_ET_DC_Diode_S21_dB_rev_9p5,0.01196,5/5,0.01323,4/5,STRONG
TOPSIN_ET_DC_PIV_Drain_Lag_0,0.01182,5/5,0.00605,4/5,STRONG
MEASURE_ET_DC_SEC_X_Ig_cut2_mAmm_pos,0.01181,4/5,0.00215,4/5,STRONG
SIN_GATE_ET_Probe_Number,0.01178,4/5,0.01156,4/5,STRONG
MEASURE_ET_DC_RF_Min_S21_Freq_L1002,0.01173,4/5,0.00734,4/5,STRONG
SIN_ET_DC_RF_Vds_max,0.01165,5/5,0.0068,5/5,STRONG
THIN_ET_R_f_hr_2,0.01163,4/5,0.00499,4/5,STRONG
SIN_Thickness2_RefractiveIndex,0.0116,4/5,0.00343,4/5,STRONG
MEASURE_ET_Gate_res,0.0116,5/5,0.01003,4/5,STRONG
MEASURE_ET_DC_RF_Vdg_max,0.01158,4/5,0.00898,4/5,STRONG
MEASURE_ET_DC_RF2_S12dB_26GHz,0.01154,5/5,0.00855,4/5,STRONG
MEASURE_ET_DC_SEC_X_Vg_at_I3_pos_FPSD3p2,0.01149,5/5,0.01044,5/5,STRONG
MEASURE_ET_lkg_70_at20V,0.01148,3/5,0.00493,3/5,MODERATE
MEASURE_ET_DC_RF_Vbin_gd,0.01135,4/5,0.00566,2/5,STRONG
SIN_ET_DC_RF_n_gd,0.01134,4/5,0.0036,3/5,STRONG
MEASURE_ET_RF_Modeling_Mag_d,0.01132,5/5,0.00604,5/5,STRONG
TOPSIN_ET_lkg_C300,0.01128,3/5,0.00613,3/5,MODERATE
FIC_ET_OHMC,0.01127,5/5,0.00573,4/5,STRONG
TOPSIN_ET_lkg_Cap1,0.01124,5/5,0.00651,5/5,STRONG
MEASURE_ET_DC_RD_S11ang_18GHz,0.01123,5/5,0.0103,5/5,STRONG
MEASURE_ET_RF_Modeling_Ls,0.01121,4/5,0.0093,5/5,STRONG
MEASURE_ET_I_5,0.0112,4/5,0.00829,5/5,STRONG
MEASURE_ET_lkg_C20,0.01118,5/5,0.00573,5/5,STRONG
TOPSIN_ET_HIRS,0.01116,4/5,0.01135,5/5,STRONG
MEASURE_ET_DC_Stress_Ig_max_before,0.01115,4/5,0.0087,4/5,STRONG
MEASURE_ET_DC_RD_MSG_35GHz,0.01114,5/5,0.00827,4/5,STRONG
MEASURE_ET_DC_SMALL_Vds_max,0.01114,5/5,0.0052,4/5,STRONG
MEASURE_ET_DC_SEC_X_Vg_at_I3_neg_SD3p5,0.01113,4/5,0.00733,4/5,STRONG
MEASURE_ET_DC_RF_Min_S21_Mag_L1002,0.0111,5/5,0.0051,4/5,STRONG
MEASURE_ET_DC_RF_Vdg_max_0p1,0.01105,4/5,0.00949,4/5,STRONG
FIC_ET_DC_RF_Vbin_gd,0.01103,4/5,0.00563,3/5,STRONG
MEASURE_ET_C100Cap3pf,0.01102,5/5,0.01423,5/5,STRONG
SIN_ET_lkg_SY07_10,0.01099,3/5,0.00908,4/5,MODERATE
MEASURE_ET_lkg_100_at20V,0.01093,5/5,0.00739,5/5,STRONG
ANODE_ET_Rc_an_ct2,0.01091,5/5,0.00799,4/5,STRONG
MEASURE_ET_DC_RD_S22ang_18GHz,0.01088,4/5,0.00469,3/5,STRONG
SIN_ET_DC_RF_Vbgs1,0.01083,4/5,0.00562,3/5,STRONG
MEASURE_ET_DC_SEC_S_Id_mA_mm_at_Vg1_FPSD3p2,0.0108,4/5,0.0069,3/5,STRONG
THIN_ET_sh_f_tn_23,0.01077,3/5,0.00839,3/5,MODERATE
MEASURE_ET_DC_Big_S21dB_10GHz,0.01077,5/5,0.00864,5/5,STRONG
GATE2_CD_330nm_Gate_Leg_Length,0.01076,4/5,0.00763,3/5,STRONG
MEASURE_ET_DC_RF_CF_S11_Ph_L2180,0.01075,3/5,0.00573,4/5,MODERATE
MEASURE_ET_C100C175pf,0.01073,3/5,0.01178,5/5,MODERATE
MEASURE_ET_DC_SEC_S_Ids_max_FPSD3p2,0.01072,5/5,0.00686,5/5,STRONG
TOPSIN_ET_TANR,0.01068,5/5,0.00759,4/5,STRONG
TOPSIN_ET_DC_PIV_Gate_Lag_1,0.01066,4/5,0.00901,3/5,STRONG
FIC_ET_DC_RF_Vg_optt,0.01066,4/5,0.00574,4/5,STRONG
THIN_Measure3GN_Thickness_after_etchback,0.01065,4/5,0.00532,4/5,STRONG
THIN_ET_R_4000_HOR,0.01063,5/5,0.00772,4/5,STRONG
SIN_GATE_ET_OHMC,0.01061,4/5,0.00397,4/5,STRONG
MEASURE_ET_DC_SEC_S_Ig_cut2_mAmm_pos_SD3p5,0.01059,4/5,0.00937,4/5,STRONG
SIN_GATE_ET_OHMC_GN,0.01058,4/5,0.00981,5/5,STRONG
MEASURE_ET_RF_Modeling_Cds_err,0.01058,5/5,0.00504,4/5,STRONG
TFRP_M_Gauge_P_E_Resistors,0.01055,3/5,0.00869,4/5,MODERATE
MEASURE_ET_DC_SEC_X_Id_at_Vboff_mA_mm_FPSD3p2,0.01055,3/5,0.00406,2/5,MODERATE
MEASURE_ET_LT_SEC_Ileak_m5V_mA_mm,0.01051,5/5,0.00671,5/5,STRONG
TOPSIN_ET_DC_RF_n_gd,0.01041,5/5,0.00917,4/5,STRONG
TOPSIN_ET_Load_Pull_Pout_W_mm_last,0.01033,4/5,0.00985,4/5,STRONG
GATE2_CD_Gate_Win_Length,0.01031,4/5,0.00809,4/5,STRONG
TOPSIN_ET_DC_SMALL_Vbgs_0p1,0.01026,4/5,0.00474,4/5,STRONG
TOPSIN_ET_DC_SMALL_Vt_gs,0.01018,4/5,0.00901,4/5,STRONG
TOPSIN_ET_Load_Pull_IG_comp_Last_uA,0.01014,5/5,0.00596,4/5,STRONG
TOPSIN_ET_DC_SMALL_n_gd,0.01013,4/5,0.00694,4/5,STRONG
TOPSIN_ET_DC_RF_Vboff,0.01006,4/5,0.00623,3/5,STRONG
MEASURE_ET_DC_SEC_S_Vg_at_I2_pos_FPSD3p2,0.01003,4/5,0.00578,4/5,STRONG
MEASURE_ET_DC_RF_Vbon_min,0.00998,4/5,0.0073,4/5,STRONG
BMETAL1_Height_Metal1_metal_thickness,0.00996,5/5,0.00965,5/5,STRONG
MEASURE_ET_DC_SEC_X_Ig_cut2_mAmm_neg_SD3p5,0.00993,3/5,0.00184,2/5,MODERATE
MEASURE_ET_DC_SEC_S_Ig_cut1_mAmm_pos_FPSD3p2,0.0099,3/5,0.00456,4/5,MODERATE
TOPSIN_ET_DC_RF_Ids_m0p2,0.00986,5/5,0.01176,5/5,STRONG
MEASURE_ET_RF_Modeling_S21dB_10GHz,0.00977,4/5,0.00763,3/5,STRONG
MEASURE_ET_DC_SMALL_Ids_m0p2,0.00973,5/5,0.00764,4/5,STRONG
MEASURE_ET_DC_RD_Vbon_max,0.00969,5/5,0.00573,4/5,STRONG
MEASURE_ET_DC_SEC_X_ChipStatus,0.00967,5/5,0.00388,4/5,STRONG
MEASURE_ET_DC_Big_S21ang_10GHz,0.00951,4/5,0.00361,4/5,STRONG
MEASURE_ET_DC_RF_Vboff_ON,0.00948,4/5,0.0057,4/5,STRONG
MEASURE_ET_G2_per_6K,0.00932,4/5,0.00048,4/5,STRONG
MEASURE_ET_Load_Pull_Vg,0.00929,5/5,0.00621,5/5,STRONG
MEASURE_ET_DC_RF_CF_S21_Mag_L1002,0.00928,5/5,0.00515,4/5,STRONG
MEASURE_ET_lkg_CapPARCAP,0.00925,4/5,0.00612,4/5,STRONG
MEASURE_ET_DC_SEC_S_Id_mA_mm_at_Vg2,0.00924,4/5,0.01111,4/5,STRONG
TOPSIN_ET_DC_SMALL_Vds_max,0.00915,4/5,0.00623,4/5,STRONG
MEASURE_ET_DC_Diode_Rs_9p5,0.00912,3/5,0.00897,4/5,MODERATE
MEASURE_ET_DC_SEC_X_Ig_cut3_mAmm_neg_FPSD3p2,0.0091,4/5,0.00591,4/5,STRONG
MEASURE_ET_DC_SEC_X_Vg_at_I2_neg_FPSD3p2,0.00909,4/5,0.01109,4/5,STRONG
Version_V1.0,0.00906,4/5,0.0082,4/5,STRONG
MEASURE_ET_DC_SMALL_Vdg_max,0.00905,5/5,0.00662,5/5,STRONG
TOPSIN_ET_DC_RF_Vt_gs,0.00905,3/5,0.00685,3/5,MODERATE
MEASURE_ET_RF_Modeling_L_Gs,0.00904,4/5,0.00574,4/5,STRONG
TOPSIN_ET_C385pf_0,0.00897,5/5,0.00096,3/5,STRONG
FIC_ET_DC_PIV_Ids0_QP3,0.00897,4/5,0.00543,4/5,STRONG
MEASURE_ET_DC_SEC_S_Ids_max,0.00893,5/5,0.00546,5/5,STRONG
OHMIC_ET_Ran_con_3,0.00885,5/5,0.00713,5/5,STRONG
MEASURE_ET_DC_RF_Max_S11_Mag_L2180,0.00878,4/5,0.00527,4/5,STRONG
MEASURE_ET_DC_SEC_X_Vg_at_I2_pos_SD3p5,0.00878,4/5,0.00492,4/5,STRONG
MEASURE_ET_DC_SEC_Vbin_gs,0.00877,3/5,0.00496,4/5,MODERATE
MEASURE_ET_DC_RF_S21ang_26GHz,0.00876,5/5,0.00874,5/5,STRONG
MEASURE_ET_DC_RF_Vdg_max_0p1mA,0.00874,4/5,0.00202,3/5,STRONG
MEASURE_ET_R114,0.00874,3/5,0.00574,4/5,MODERATE
MEASURE_ET_lkg_SY8_80,0.00871,3/5,0.00608,4/5,MODERATE
TOPSIN_ET_DC_PIV_Ids0_QP1,0.0087,4/5,0.00778,5/5,STRONG
MEASURE_ET_Rcat_cn_3,0.00869,4/5,0.01044,5/5,STRONG
THIN_ET_DC_RF_Vbgs_0p1,0.00865,4/5,0.01064,4/5,STRONG
MEASURE_ET_DC_SEC_X_Ig_cut1_mAmm_pos_SD3p5,0.00859,3/5,0.00696,3/5,MODERATE
TOPSIN_ET_DC_RF_Vbgs_0p01,0.00857,4/5,0.00554,4/5,STRONG
FP2_Height2_FP2_Height2,0.00853,5/5,0.00577,4/5,STRONG
MEASURE_ET_C_CAT_2_OW_ST,0.00844,4/5,0.00197,3/5,STRONG
MEASURE_ET_DC_RF_MSG_10GHz,0.00842,3/5,0.00409,3/5,MODERATE
MEASURE_ET_DC_SEC_S_Id_mA_mm_at_Vg1_SD3p5,0.00832,5/5,0.00623,5/5,STRONG
MEASURE_ET_RF_Modeling_Mag_i,0.00827,4/5,0.00478,4/5,STRONG
MEASURE_ET_F_AB,0.00823,5/5,0.00401,4/5,STRONG
FIC_ET_Vd_at_Id_cut_cond,0.00819,4/5,0.00599,4/5,STRONG
TOPSIN_ET_lkg_Cap_USV,0.00818,5/5,0.00732,4/5,STRONG
MEASURE_ET_RF_Modeling_L_Gd,0.00814,5/5,0.00661,5/5,STRONG
MEASURE_ET_DC_SEC_S_Ig_cut3_mAmm_pos,0.00814,3/5,0.0034,3/5,MODERATE
FIC_ET_DC_PIV_Gate_Lag_1,0.00803,3/5,0.00691,2/5,MODERATE
THIN_ET_DC_RF_Vds_max,0.00798,4/5,0.00607,5/5,STRONG
MEASURE_ET_DC_RF_CF_S12_Mag_L1002,0.00794,4/5,0.00625,4/5,STRONG
ANODE_ET_Rsh_an_ct2_OW_CR,0.00793,4/5,0.00846,4/5,STRONG
TOPSIN_ET_Load_Pull_Id_ord,0.00793,5/5,0.00483,4/5,STRONG
MEASURE_ET_DC_RF_S21ang_26GHz_W,0.00792,5/5,0.00666,4/5,STRONG
MEASURE_ET_lkg_70,0.00792,5/5,0.00355,4/5,STRONG
TOPSIN_ET_lkg_C175pf,0.00785,4/5,0.00833,4/5,STRONG
MEASURE_ET_C20_0,0.00785,5/5,0.00699,4/5,STRONG
MEASURE_ET_DC_RF_S12ang_26GHz_W,0.00785,4/5,0.00609,4/5,STRONG
FIC_ET_Vg_Vds_max,0.00784,4/5,0.00668,3/5,STRONG
CHRE_CD_2_Channel_recess_CD_Etch,0.00778,5/5,0.00486,4/5,STRONG
THIN_ET_R_f_tn_3,0.00771,4/5,0.00457,3/5,STRONG
THIN_ET_DC_RF_Vg_optt2,0.00769,4/5,0.00479,4/5,STRONG
TOPSIN_ET_sh_f_tn_23,0.00768,4/5,0.00552,3/5,STRONG
MEASURE_ET_DC_SEC_X_Ig_cut2_mAmm_neg,0.00767,3/5,0.0046,3/5,MODERATE
MEASURE_ET_lkg_5,0.00757,3/5,0.00365,4/5,MODERATE
ANODE_ET_Ran_con_2,0.00753,4/5,0.00678,3/5,STRONG
MEASURE_ET_RF_Modeling_Vth,0.00752,3/5,0.0039,3/5,MODERATE
CATHODE_ET_C_CAT_2,0.00747,5/5,0.00549,4/5,STRONG
ANODE_ET_Ran_con_1,0.00747,2/5,0.00691,4/5,WEAK
MEASURE_ET_DC_SEC_S_Vg_at_I2_neg,0.00737,4/5,0.00611,5/5,STRONG
SIN_GATE_ET_RGAN1,0.00735,4/5,0.00416,4/5,STRONG
THIN_ET_C_CAT_2,0.00735,5/5,0.00465,5/5,STRONG
MEASURE_ET_RGAN3,0.00734,4/5,0.00512,4/5,STRONG
MEASURE_ET_Rsh_cat_c2_OW_ST,0.00732,4/5,0.00426,3/5,STRONG
MEASURE_ET_DC_SEC_X_Id_mA_mm_at_Vg3,0.0073,5/5,0.00341,5/5,STRONG
MEASURE_ET_R_f_tn_1,0.00725,5/5,0.00628,5/5,STRONG
MEASURE_ET_DC_RF_Vbgd_0p1,0.00723,5/5,0.00533,4/5,STRONG
MEASURE_ET_DC_Big_Vdg_max,0.00716,4/5,0.00731,4/5,STRONG
MEASURE_ET_LT_SEC_Vbgd1,0.00715,4/5,0.00655,3/5,STRONG
THIN_ET_C_AN_2,0.00714,5/5,0.00365,4/5,STRONG
MEASURE_ET_DC_SEC_X_Id_mA_mm_at_Vg3_FPSD3p2,0.00711,3/5,0.00629,4/5,MODERATE
MEASURE_ET_RF_Modeling_MAG_18,0.00708,5/5,0.00632,5/5,STRONG
TOPSIN_ET_lkg_Cap3,0.00695,3/5,0.00503,3/5,MODERATE
TOPSIN_ET_Load_Pull_Gss,0.0069,4/5,0.00612,3/5,STRONG
MESA_CD_Mesa_CD_Radius,0.00674,4/5,0.00588,4/5,STRONG
SIN_GATE_ET_sh_GA142_GN,0.00673,3/5,0.00487,3/5,MODERATE
MEASURE_ET_DC_RF_CF_S21_Mag_L2180,0.00671,3/5,0.00751,4/5,MODERATE
MEASURE_ET_DC_PIV_Ids1_QP2,0.00666,3/5,0.00539,3/5,MODERATE
MEASURE_ET_Load_Pull_Pout_Last,0.00663,3/5,0.00175,3/5,MODERATE
MEASURE_ET_DC_SEC_X_Ids_max_norm,0.00656,4/5,0.0034,3/5,STRONG
MEASURE_ET_sh_f_tn_23,0.00655,3/5,0.0043,3/5,MODERATE
SIN_ET_DC_RF_Vbgd1,0.00654,4/5,0.00462,4/5,STRONG
MEASURE_ET_RF_Modeling_Fmax_int,0.00651,4/5,0.00228,4/5,STRONG
MEASURE_ET_DC_Stress_Vg_max_Ig_after,0.00651,4/5,0.00298,4/5,STRONG
MEASURE_ET_DC_SEC_X_Ig_cut3_mAmm_pos_FPSD3p2,0.00646,3/5,0.00231,2/5,MODERATE
MEASURE_ET_DC_RF_Vg_max_Vd,0.00639,4/5,0.00261,3/5,STRONG
FIC_ET_DC_RF_Vg_optt2,0.00636,4/5,0.00719,4/5,STRONG
MEASURE_ET_DC_SEC_S_Ig_cut3_mAmm_pos_FPSD3p2,0.00633,4/5,0.00099,2/5,STRONG
FIC_ET_DC_PIV_Ids1_QP1,0.00633,4/5,0.00432,3/5,STRONG
THIN_ET_i5021_3,0.0062,4/5,0.00192,3/5,STRONG
MEASURE_ET_RF_Modeling_MAG_19G_After,0.00618,4/5,-0.00121,3/5,STRONG
MEASURE_ET_Vk,0.00608,4/5,0.00736,5/5,STRONG
TOPSIN_ET_DC_PIV_Ids1_QP2,0.00607,3/5,0.00368,4/5,MODERATE
FIC_ET_DC_PIV_Drain_Lag_1,0.00606,3/5,0.00452,3/5,MODERATE
MEASURE_ET_DC_Big_S12dB_10GHz,0.00605,3/5,0.00164,2/5,MODERATE
THIN_ET_Rsh_cat_c2_OW_ST,0.00601,4/5,0.00198,3/5,STRONG
TOPSIN_ET_DC_RF_Vg_max_Vd_0p1,0.00594,4/5,0.00116,3/5,STRONG
MEASURE_ET_C20,0.00594,4/5,0.00469,4/5,STRONG
THIN_ET_DC_RF_Vdg_max_0p1mA,0.00591,3/5,0.00226,3/5,MODERATE
MEASURE_ET_DC_RF_S21dB_26GHz_W,0.0059,4/5,0.00301,3/5,STRONG
TOPSIN_ET_DC_SMALL_Vbgs1,0.00585,3/5,0.00496,3/5,MODERATE
MEASURE_ET_DC_Diode_S21_dB_rev,0.00584,4/5,0.0029,4/5,STRONG
TOPSIN_ET_R_f_hr_2,0.00583,4/5,0.00421,4/5,STRONG
MEASURE_ET_DC_PIV_Ids1_QP1,0.00581,4/5,0.00483,4/5,STRONG
MEASURE_ET_RF_Modeling_S21_25G_Before,0.00574,3/5,0.00516,4/5,MODERATE
MEASURE_ET_Ran_con_2,0.00561,4/5,0.00602,4/5,STRONG
THIN_ET_DC_RF_Vbgd_0p1,0.0056,3/5,0.00385,3/5,MODERATE
TOPSIN_ET_Load_Pull_Pin_Last,0.00557,2/5,0.00181,3/5,WEAK
SIN_ThicknessGN2_RefractiveIndex,0.00555,5/5,0.002,4/5,STRONG
FIC_ET_R_f_tn_2,0.00554,5/5,0.00482,5/5,STRONG
MEASURE_ET_DC_RD_Id_Vbon_max,0.00553,4/5,0.00441,5/5,STRONG
SIN_GATE_ET_R314,0.00546,4/5,0.00408,4/5,STRONG
MEASURE_ET_RF_Modeling_S21_25G_After,0.0054,4/5,0.00475,4/5,STRONG
MEASURE_ET_C175pf,0.00539,4/5,0.00376,3/5,STRONG
SIN_ET_DC_RF_Vg_optt,0.00537,3/5,0.00305,3/5,MODERATE
MEASURE_ET_DC_RF_S11dB_26GHz,0.0053,3/5,0.0039,3/5,MODERATE
MEASURE_ET_DC_PIV_Ids0_QP2,0.00519,4/5,0.00583,4/5,STRONG
MEASURE_ET_RF_Modeling_Rgs_err,0.00516,5/5,0.00348,4/5,STRONG
GATE2_CD_310nm_Gate_Win_Length,0.00514,4/5,0.0051,4/5,STRONG
MEASURE_ET_DC_Big_MAG_10GHz,0.00513,4/5,0.00309,5/5,STRONG
MEASURE_ET_Vbpin_D60,0.00509,3/5,0.00275,4/5,MODERATE
MEASURE_ET_LT_SEC_Ig_Id_min_mA_mm_Vd3,0.00504,3/5,0.00471,3/5,MODERATE
MEASURE_ET_DC_SEC_X_Ig_mAmm_at_Vg_cond_pos_SD3p5,0.00501,3/5,0.004,3/5,MODERATE
TOPSIN_ET_DC_RF_Vbgd_0p01,0.00501,4/5,0.00313,4/5,STRONG
MEASURE_ET_C500pf_0,0.00498,4/5,0.00493,3/5,STRONG
MaskSetName_MS_A,0.00492,3/5,0.00527,4/5,MODERATE
SIN_ET_DC_RF_Vboff,0.00487,3/5,0.00297,4/5,MODERATE
MEASURE_ET_OHMC_GN,0.00481,4/5,0.00631,4/5,STRONG
MEASURE_ET_DC_SEC_S_Id_at_Vboff_mA_mm_FPSD3p2,0.0048,5/5,0.00205,4/5,STRONG
MEASURE_ET_DC_RF_Min_S21_Freq_L2180,0.00474,4/5,0.00337,4/5,STRONG
MEASURE_ET_DC_RF_CF_S22_Mag_L1002,0.00471,3/5,0.00097,2/5,MODERATE
MEASURE_ET_DC_SEC_S_Vg_at_I3_neg_SD3p5,0.00468,4/5,0.00182,4/5,STRONG
TOPSIN_ET_Load_Pull_P.A.E_Last,0.00465,4/5,0.00198,3/5,STRONG
MEASURE_ET_DC_SEC_Vgs_1V,0.00463,4/5,0.00218,4/5,STRONG
MEASURE_ET_DC_RF_Ids_m0p2,0.00463,4/5,0.00049,2/5,STRONG
SIN_ET_DC_RF_Vbgd_0p01,0.00462,4/5,0.00155,4/5,STRONG
MEASURE_ET_DC_RF_Max_S11_Mag_L1002,0.00457,3/5,0.00323,3/5,MODERATE
MEASURE_ET_Load_Pull_Gain_comp_Last,0.00455,3/5,0.00465,4/5,MODERATE
BRGM_Cd_Litho_BRGM_litho_CD,0.00453,4/5,0.00163,4/5,STRONG
OHMIC_CD_Ohmic_CD_litho,0.00449,3/5,0.00221,3/5,MODERATE
THIN_ET_DC_RF_Vbgs_0p01,0.00448,4/5,0.00368,5/5,STRONG
TOPSIN_ET_OHMC_GN,0.00442,5/5,0.00269,3/5,STRONG
MEASURE_ET_DC_SEC_X_Vg_at_I3_pos_SD3p5,0.00442,4/5,0.00127,4/5,STRONG
TOPSIN_ET_DC_RF_Vds_max,0.00439,5/5,0.00077,2/5,STRONG
MEASURE_ET_DC_SEC_S_Ig_cut2_mAmm_pos,0.0043,3/5,0.00139,3/5,MODERATE
MEASURE_ET_DC_RF_MSG_18GHz,0.00426,4/5,0.00416,3/5,STRONG
TOPSIN_ET_Load_Pull_GL_meas,0.00423,3/5,0.00614,4/5,MODERATE
TOPSIN_ET_Probe_Number,0.00416,3/5,0.00509,4/5,MODERATE
METAL1_Height_Metal1_metal_thickness,0.00414,3/5,0.00563,4/5,MODERATE
MEASURE_ET_DC_RF_S22dB_10GHz,0.004,4/5,0.00232,3/5,STRONG
TOPSIN_ET_DC_PIV_Drain_Lag_1,0.004,4/5,0.0016,3/5,STRONG
MEASURE_ET_DC_SEC_S_Vg_at_I1_neg_SD3p5,0.00398,4/5,0.00326,4/5,STRONG
MEASURE_ET_DC_SMALL_Vbgs_0p01,0.00397,4/5,0.0035,3/5,STRONG
MEASURE_ET_DC_RF_Ft,0.00397,4/5,0.00277,2/5,STRONG
MEASURE_ET_DC_SEC_X_Ig_mAmm_at_Vg_cond_neg,0.00395,5/5,0.00364,4/5,STRONG
TOPSIN_ET_sh_GA142_GN,0.00394,3/5,0.00211,3/5,MODERATE
TOPSIN_ET_sh_GA144,0.00391,4/5,0.00333,3/5,STRONG
MEASURE_ET_DC_RF_MAG_26GHz,0.00372,3/5,0.00339,4/5,MODERATE
FIC_ET_DC_RF_Vbgd_0p1,0.00371,3/5,0.00242,4/5,MODERATE
MEASURE_ET_DC_SEC_S_Ig_cut1_mAmm_neg,0.00368,4/5,0.00436,4/5,STRONG
TOPSIN_ET_DC_PIV_Gate_Lag_0,0.00365,5/5,0.00051,3/5,STRONG
FIC_ET_R_f_hr_1,0.00347,3/5,0.0012,4/5,MODERATE
THIN_ET_TF_AB_1,0.00346,4/5,0.00414,4/5,STRONG
MEASURE_ET_DC_RF_Vbgs_0p01,0.00342,3/5,0.00138,4/5,MODERATE
MEASURE_ET_sh_f_hr_23,0.00341,4/5,0.00263,4/5,STRONG
MEASURE_ET_DC_RF_CF_S21_Mag_L1018,0.0034,3/5,0.00346,2/5,MODERATE
MEASURE_ET_DC_RD_S21dB_18GHz,0.00336,4/5,0.00322,3/5,STRONG
SIN_Thickness_RefractiveIndex,0.00333,4/5,-3e-05,2/5,STRONG
MEASURE_ET_DC_RF_S21dB_26GHz,0.00313,4/5,0.00222,4/5,STRONG
MEASURE_ET_DC_RF_MAG_26GHz_W,0.00311,4/5,0.003,3/5,STRONG
SIN_ET_DC_RF_Ids_m0p2,0.003,3/5,-0.00024,2/5,MODERATE
FP2_Height1_FP2_Height1,0.00295,4/5,0.00076,3/5,STRONG
FIC_ET_DC_PIV_Gate_Lag_0,0.00289,3/5,0.00207,3/5,MODERATE
FIC_ET_DC_RF_Vbgs_0p01,0.00267,3/5,0.00519,4/5,MODERATE
MEASURE_ET_DC_RF2_S21ang_26GHz,0.00262,3/5,0.00045,4/5,MODERATE
THIN_ET_DC_RF_Vbgd_0p01,0.00261,3/5,0.00199,2/5,MODERATE
THIN_ET_Ran_con_3,0.00261,3/5,0.0016,4/5,MODERATE
GATE2_CD_310nm_Gate_Leg_Length,0.00256,2/5,-0.00133,3/5,WEAK
MEASURE_ET_DC_RF_Vbgd1,0.00237,3/5,0.00226,2/5,MODERATE
MEASURE_ET_DC_RF_CF_S11_Mag_L1018,0.00235,3/5,-0.00011,1/5,MODERATE
MEASURE_ET_DC_RF2_S22ang_26GHz,0.00233,4/5,0.00234,4/5,STRONG
MEASURE_ET_RF_Modeling_Rgd,0.0023,4/5,0.00118,5/5,STRONG
MEASURE_ET_DC_PIV_Gate_Lag_0,0.00228,3/5,0.00184,3/5,MODERATE
THIN_ET_DC_RF_Vg_max_Vd_0p1mA,0.00224,4/5,0.00347,4/5,STRONG
MEASURE_ET_DC_SMALL_Vdg_max_0p1,0.00221,2/5,0.00148,3/5,WEAK
MEASURE_ET_DC_RF_S22ang_26GHz_W,0.0022,4/5,0.00045,3/5,STRONG
MEASURE_ET_DC_SEC_S_Vg_at_I3_pos,0.00213,4/5,0.00202,3/5,STRONG
MEASURE_ET_DC_RF_MAG_35GHz,0.0017,4/5,0.00224,4/5,STRONG
TOPSIN_ET_C175pf,0.00147,3/5,0.00181,4/5,MODERATE
TOPSIN_ET_Vdg_max,0.00118,3/5,0.00126,3/5,MODERATE
MEASURE_ET_DC_SEC_Vt_gs,0.00104,2/5,-0.00018,2/5,WEAK
MEASURE_ET_DC_RF_Min_S21_Freq_L1018,0.00104,1/5,0.00249,3/5,WEAK
MEASURE_ET_DC_RF_CF_S12_Mag_L2180,0.00034,2/5,0.00212,3/5,WEAK
MEASURE_ET_RF_Modeling_Rgd_err,0.00017,3/5,-0.00128,3/5,MODERATE
MEASURE_ET_RF_Modeling_Delta_MAG_19G,1e-05,3/5,-0.00135,3/5,MODERATE
SIN_CAPACITOR_ThicknessGN1_RefractiveIndex,-0.00056,4/5,-0.00503,1/5,INCONCLUSIVE
MEASURE_ET_Load_Pull_Pout_W_last,-0.00076,3/5,-0.00152,1/5,INCONCLUSIVE
SIN_Thickness1_RefractiveIndex,-0.00111,3/5,-0.00041,4/5,INCONCLUSIVE
TOPSIN_ET_DC_SMALL_Vbgd_0p01,-0.00136,2/5,0.00415,3/5,WEAK
THIN_Measure2_Thickness_after_grinding,-0.00195,3/5,0.00148,3/5,INCONCLUSIVE
TOPSIN_ET_KLV_F_AB_4u_FEMSO,-0.0022,2/5,0.00085,3/5,WEAK
