LotName,WaferNum,Actual Sort Yield,Predicted Yield,source
L260007,W01,92.87623608,93.01481897208924,grouped_oof_cv
L260007,W02,90.20866974,90.73564523262849,grouped_oof_cv
L260007,W03,91.61854421,91.12454938707744,grouped_oof_cv
L260007,W04,94.53161223,94.00537502483584,grouped_oof_cv
L260007,W05,94.26849718,94.00915497650256,grouped_oof_cv
L260007,W06,90.9939596,91.21846161710808,grouped_oof_cv
L260007,W07,93.18486685,93.2949242247516,grouped_oof_cv
L260007,W08,91.84363366,92.56294769911813,grouped_oof_cv
L260007,W09,88.82018235,88.64894013686211,grouped_oof_cv
L260007,W10,90.06774965,88.77908237125598,grouped_oof_cv
L260007,W11,88.53319248,88.74602263986918,grouped_oof_cv
L260007,W12,92.11567853,92.4097864009251,grouped_oof_cv
L260007,W13,91.26767802,90.92123046971402,grouped_oof_cv
L260007,W14,92.28991155,92.26554421291748,grouped_oof_cv
L260007,W15,92.93633882,92.71630614894146,grouped_oof_cv
L260014,W01,93.77542652,93.91290411422052,grouped_oof_cv
L260014,W02,88.94963237,88.77357675411997,grouped_oof_cv
L260014,W03,93.25232675,93.48611249104492,grouped_oof_cv
L260014,W04,92.42430345,92.55214720584496,grouped_oof_cv
L260014,W05,94.41144112,94.10585571447396,grouped_oof_cv
L260014,W06,94.73399859,94.70745388309882,grouped_oof_cv
L260014,W07,82.14342398,83.11655647761576,grouped_oof_cv
L260014,W08,93.56385561,93.5400804670347,grouped_oof_cv
L260014,W09,92.3350826,91.54658966330445,grouped_oof_cv
L260014,W10,94.90737006,94.95421441479444,grouped_oof_cv
L260014,W11,94.04281585,93.55534157989688,grouped_oof_cv
L260014,W12,92.8570132,92.917112449013,grouped_oof_cv
L260014,W13,94.20828215,94.29820381452696,grouped_oof_cv
L260014,W14,95.33556544,95.08483508625524,grouped_oof_cv
L260014,W15,94.18434891,94.08854292975248,grouped_oof_cv
L260020,W01,90.85585384,90.778454513242,grouped_oof_cv
L260020,W02,95.75088829,95.6673542271988,grouped_oof_cv
L260020,W03,93.49344169,93.91160131305443,grouped_oof_cv
L260020,W04,93.94979039,93.72769867251591,grouped_oof_cv
L260020,W05,92.43067955,92.1574912074842,grouped_oof_cv
L260020,W06,91.73633423,91.91517344127676,grouped_oof_cv
L260020,W07,94.45936253,94.6241601086193,grouped_oof_cv
L260020,W08,85.55957719,85.66101503744173,grouped_oof_cv
L260020,W09,95.15211495,95.34096783726854,grouped_oof_cv
L260020,W10,88.61470143,89.79569779628095,grouped_oof_cv
L260020,W11,92.00937097,92.27262984133128,grouped_oof_cv
L260020,W12,92.67721692,92.6551355640512,grouped_oof_cv
L260020,W13,90.76984889,90.78247883924504,grouped_oof_cv
L260020,W14,92.046741,92.24872297184024,grouped_oof_cv
L260020,W15,90.04546597,90.68829427068992,grouped_oof_cv
L260026,W01,94.63155467,94.70529554268656,grouped_oof_cv
L260026,W02,92.07341818,92.1826851699677,grouped_oof_cv
L260026,W03,89.6811307,89.86432808982103,grouped_oof_cv
L260026,W04,92.15969466,92.13782711736484,grouped_oof_cv
L260026,W05,92.87866361,92.8486062397034,grouped_oof_cv
L260026,W06,87.6173113,88.18408861061921,grouped_oof_cv
L260026,W07,92.50974545,92.50898414561392,grouped_oof_cv
L260026,W08,93.69692158,93.86139802445862,grouped_oof_cv
L260026,W09,90.77735322,90.76014534605362,grouped_oof_cv
L260026,W10,92.97310415,93.28193010605004,grouped_oof_cv
L260026,W11,87.03589433,86.89368539957532,grouped_oof_cv
L260026,W12,94.54703115,94.13817706035988,grouped_oof_cv
L260026,W13,90.58299387,90.7116442875328,grouped_oof_cv
L260026,W14,91.85420023,91.9732601219632,grouped_oof_cv
L260026,W15,92.78379356,92.84671798570083,grouped_oof_cv
L260033,W01,88.95238128,89.19662368101191,grouped_oof_cv
L260033,W02,90.3817846,90.8760554019506,grouped_oof_cv
L260033,W03,89.15220845,88.94740682986007,grouped_oof_cv
L260033,W04,92.55932354,92.61876822099906,grouped_oof_cv
L260033,W05,90.83175666,91.16434461324546,grouped_oof_cv
L260033,W06,93.23212356,93.33530788893228,grouped_oof_cv
L260033,W07,92.92992879,92.85504789833514,grouped_oof_cv
L260033,W08,88.46277113,88.37826915781817,grouped_oof_cv
L260033,W09,90.89544968,91.15864116271564,grouped_oof_cv
L260033,W10,86.48996933,87.0408143155325,grouped_oof_cv
L260033,W11,94.36156574,94.443763093565,grouped_oof_cv
L260033,W12,91.37396849,91.3989342186358,grouped_oof_cv
L260033,W13,93.22552431,92.86757607664934,grouped_oof_cv
L260033,W14,94.22103329,93.92351386731676,grouped_oof_cv
L260033,W15,89.69532164,89.64910110249323,grouped_oof_cv
L260039,W01,92.87623608,92.9381808728256,grouped_oof_cv
L260039,W02,90.20866974,91.38996653050532,grouped_oof_cv
L260039,W03,91.61854421,91.82969712021058,grouped_oof_cv
L260039,W04,94.53161223,94.55596906645953,grouped_oof_cv
L260039,W05,94.26849718,94.05263844609875,grouped_oof_cv
L260039,W06,90.9939596,91.45914262498576,grouped_oof_cv
L260039,W07,93.18486685,92.75460408533554,grouped_oof_cv
L260039,W08,91.84363366,91.89520237545509,grouped_oof_cv
L260039,W09,88.82018235,88.74497322241142,grouped_oof_cv
L260039,W10,90.06774965,90.19269063597284,grouped_oof_cv
L260039,W11,88.53319248,88.64898532124421,grouped_oof_cv
L260039,W12,92.11567853,92.32766398487132,grouped_oof_cv
L260039,W13,91.26767802,91.64879616482912,grouped_oof_cv
L260039,W14,92.28991155,92.37953518478396,grouped_oof_cv
L260039,W15,92.93633882,93.03265755164496,grouped_oof_cv
L260047,W01,92.87623608,92.91432629411445,grouped_oof_cv
L260047,W02,90.20866974,90.6323405625955,grouped_oof_cv
L260047,W03,91.61854421,90.85243754664624,grouped_oof_cv
L260047,W04,94.53161223,94.5158208474985,grouped_oof_cv
L260047,W05,94.26849718,94.2502908912133,grouped_oof_cv
L260047,W06,90.9939596,91.12697149655808,grouped_oof_cv
L260047,W07,93.18486685,93.03016638741794,grouped_oof_cv
L260047,W08,91.84363366,91.91897146049746,grouped_oof_cv
L260047,W09,88.82018235,88.85971480617506,grouped_oof_cv
L260047,W10,90.06774965,90.29656447588042,grouped_oof_cv
L260047,W11,88.53319248,88.84145270482888,grouped_oof_cv
L260047,W12,92.11567853,92.22475553087877,grouped_oof_cv
L260047,W13,91.26767802,90.3563783813501,grouped_oof_cv
L260047,W14,92.28991155,91.98172467326962,grouped_oof_cv
L260047,W15,92.93633882,93.15760233613668,grouped_oof_cv
L260052,W01,90.85585384,90.7280681005794,grouped_oof_cv
L260052,W02,95.75088829,95.76202453099684,grouped_oof_cv
L260052,W03,93.49344169,93.60405077271903,grouped_oof_cv
L260052,W04,93.94979039,93.96895889884014,grouped_oof_cv
L260052,W05,92.43067955,92.51369874034384,grouped_oof_cv
L260052,W06,91.73633423,91.36646254474384,grouped_oof_cv
L260052,W07,94.45936253,94.56242415956744,grouped_oof_cv
L260052,W08,85.55957719,85.66565223571082,grouped_oof_cv
L260052,W09,95.15211495,95.37562170613988,grouped_oof_cv
L260052,W10,88.61470143,89.33682815401522,grouped_oof_cv
L260052,W11,92.00937097,92.0645521267065,grouped_oof_cv
L260052,W12,92.67721692,92.75441617519888,grouped_oof_cv
L260052,W13,90.76984889,91.41741059415412,grouped_oof_cv
L260052,W14,92.046741,92.24496419977282,grouped_oof_cv
L260052,W15,90.04546597,89.85548663469656,grouped_oof_cv
L260058,W01,94.63155467,94.20788860526297,grouped_oof_cv
L260058,W02,92.07341818,92.03092641373377,grouped_oof_cv
L260058,W03,89.6811307,90.01334426566575,grouped_oof_cv
L260058,W04,92.15969466,92.53905630872228,grouped_oof_cv
L260058,W05,92.87866361,92.89307247465328,grouped_oof_cv
L260058,W06,87.6173113,88.4941880776366,grouped_oof_cv
L260058,W07,92.50974545,92.4608113329002,grouped_oof_cv
L260058,W08,93.69692158,93.49653378433972,grouped_oof_cv
L260058,W09,90.77735322,90.97706036440444,grouped_oof_cv
L260058,W10,92.97310415,92.91606976813732,grouped_oof_cv
L260058,W11,87.03589433,88.02290450289186,grouped_oof_cv
L260058,W12,94.54703115,93.69096778369097,grouped_oof_cv
L260058,W13,90.58299387,90.5073471445182,grouped_oof_cv
L260058,W14,91.85420023,92.32138660277282,grouped_oof_cv
L260058,W15,92.78379356,92.79613033703744,grouped_oof_cv
L260063,W01,92.87623608,92.93685740545592,grouped_oof_cv
L260063,W02,90.20866974,90.42043222161232,grouped_oof_cv
L260063,W03,91.61854421,92.04805662350812,grouped_oof_cv
L260063,W04,94.53161223,93.39400811327732,grouped_oof_cv
L260063,W05,94.26849718,94.08861524742042,grouped_oof_cv
L260063,W06,90.9939596,91.28704325153748,grouped_oof_cv
L260063,W07,93.18486685,92.93700375230664,grouped_oof_cv
L260063,W08,91.84363366,92.38198465284889,grouped_oof_cv
L260063,W09,88.82018235,88.65484688258759,grouped_oof_cv
L260063,W10,90.06774965,90.51914052128724,grouped_oof_cv
L260063,W11,88.53319248,89.69507752437028,grouped_oof_cv
L260063,W12,92.11567853,92.6000881716188,grouped_oof_cv
L260063,W13,91.26767802,90.49400662685336,grouped_oof_cv
L260063,W14,92.28991155,92.26705414075651,grouped_oof_cv
L260063,W15,92.93633882,92.81040804043404,grouped_oof_cv
L260068,W01,90.85585384,90.83778299121934,grouped_oof_cv
L260068,W02,95.75088829,95.54033401459884,grouped_oof_cv
L260068,W03,93.49344169,93.03656610340111,grouped_oof_cv
L260068,W04,93.94979039,93.79255976369387,grouped_oof_cv
L260068,W05,92.43067955,92.58287703922512,grouped_oof_cv
L260068,W06,91.73633423,91.88210054445518,grouped_oof_cv
L260068,W07,94.45936253,94.48239003101727,grouped_oof_cv
L260068,W08,85.55957719,87.16156274897028,grouped_oof_cv
L260068,W09,95.15211495,94.83726867667411,grouped_oof_cv
L260068,W10,88.61470143,89.080774505604,grouped_oof_cv
L260068,W11,92.00937097,92.03024015047292,grouped_oof_cv
L260068,W12,92.67721692,92.5879427004638,grouped_oof_cv
L260068,W13,90.76984889,90.54666114942164,grouped_oof_cv
L260068,W14,92.046741,92.18369761275189,grouped_oof_cv
L260068,W15,90.04546597,90.14088239043512,grouped_oof_cv
L260075,W01,92.31760161,92.23260120616732,grouped_oof_cv
L260075,W02,87.48030521,87.75145714193513,grouped_oof_cv
L260075,W03,91.33019761,91.55954140576472,grouped_oof_cv
L260075,W04,92.52713931,93.199746098928,grouped_oof_cv
L260075,W05,94.55253566,94.00451207341256,grouped_oof_cv
L260075,W06,92.40772941,92.21510567992284,grouped_oof_cv
L260075,W07,94.07618231,93.7944874712921,grouped_oof_cv
L260075,W08,93.0780781,93.08649242225565,grouped_oof_cv
L260075,W09,90.06417057,90.34653144515453,grouped_oof_cv
L260075,W10,93.84861746,93.77335261210553,grouped_oof_cv
L260075,W11,91.59450402,91.62363717271168,grouped_oof_cv
L260075,W12,92.44937564,92.69040211231712,grouped_oof_cv
L260075,W13,94.61562642,94.02543792464056,grouped_oof_cv
L260075,W14,93.08444301,93.1630615955364,grouped_oof_cv
L260075,W15,94.73107111,94.76239470038564,grouped_oof_cv
L260083,W01,92.31760161,92.36867474128096,grouped_oof_cv
L260083,W02,87.48030521,87.31224718919437,grouped_oof_cv
L260083,W03,91.33019761,91.49821233853282,grouped_oof_cv
L260083,W04,92.52713931,92.77383550684335,grouped_oof_cv
L260083,W05,94.55253566,94.36375014482792,grouped_oof_cv
L260083,W06,92.40772941,92.39754046013788,grouped_oof_cv
L260083,W07,94.07618231,94.05145672368629,grouped_oof_cv
L260083,W08,93.0780781,93.0234846027342,grouped_oof_cv
L260083,W09,90.06417057,90.47908787729313,grouped_oof_cv
L260083,W10,93.84861746,93.8215741645176,grouped_oof_cv
L260083,W11,91.59450402,91.79932721007616,grouped_oof_cv
L260083,W12,92.44937564,92.43329732465104,grouped_oof_cv
L260083,W13,94.61562642,94.63447669084616,grouped_oof_cv
L260083,W14,93.08444301,92.56647804210996,grouped_oof_cv
L260083,W15,94.73107111,94.85353631623435,grouped_oof_cv
L260089,W01,88.95238128,89.26033785644572,grouped_oof_cv
L260089,W02,90.3817846,90.2180734076818,grouped_oof_cv
L260089,W03,89.15220845,89.15366375076476,grouped_oof_cv
L260089,W04,92.55932354,91.64168851169272,grouped_oof_cv
L260089,W05,90.83175666,90.91973547161405,grouped_oof_cv
L260089,W06,93.23212356,92.96208413993276,grouped_oof_cv
L260089,W07,92.92992879,92.44390138679852,grouped_oof_cv
L260089,W08,88.46277113,88.51607541699094,grouped_oof_cv
L260089,W09,90.89544968,90.860674931021,grouped_oof_cv
L260089,W10,86.48996933,86.58037926460725,grouped_oof_cv
L260089,W11,94.36156574,94.30317452273084,grouped_oof_cv
L260089,W12,91.37396849,91.56360189698796,grouped_oof_cv
L260089,W13,93.22552431,93.3543305356804,grouped_oof_cv
L260089,W14,94.22103329,94.13848646900573,grouped_oof_cv
L260089,W15,89.69532164,89.9166456911784,grouped_oof_cv
L260095,W01,92.87623608,92.97218040196204,grouped_oof_cv
L260095,W02,90.20866974,90.42218956721987,grouped_oof_cv
L260095,W03,91.61854421,91.82308456001172,grouped_oof_cv
L260095,W04,94.53161223,94.73801814998826,grouped_oof_cv
L260095,W05,94.26849718,93.99748360178344,grouped_oof_cv
L260095,W06,90.9939596,90.96270143406738,grouped_oof_cv
L260095,W07,93.18486685,93.07513119783675,grouped_oof_cv
L260095,W08,91.84363366,91.83981787982847,grouped_oof_cv
L260095,W09,88.82018235,88.73331999596864,grouped_oof_cv
L260095,W10,90.06774965,90.47936626873953,grouped_oof_cv
L260095,W11,88.53319248,88.78836948040886,grouped_oof_cv
L260095,W12,92.11567853,92.08352850977836,grouped_oof_cv
L260095,W13,91.26767802,91.3281213527872,grouped_oof_cv
L260095,W14,92.28991155,92.34912045802166,grouped_oof_cv
L260095,W15,92.93633882,92.96342928479956,grouped_oof_cv
L260100,W01,90.85585384,90.1481941249538,grouped_oof_cv
L260100,W02,95.75088829,95.58892213241158,grouped_oof_cv
L260100,W03,93.49344169,93.29402818958768,grouped_oof_cv
L260100,W04,93.94979039,94.05438939728076,grouped_oof_cv
L260100,W05,92.43067955,92.06191732794514,grouped_oof_cv
L260100,W06,91.73633423,91.94678120130835,grouped_oof_cv
L260100,W07,94.45936253,94.5522362888956,grouped_oof_cv
L260100,W08,85.55957719,85.44040788846895,grouped_oof_cv
L260100,W09,95.15211495,94.98749646767364,grouped_oof_cv
L260100,W10,88.61470143,89.18017395191787,grouped_oof_cv
L260100,W11,92.00937097,91.49024853708728,grouped_oof_cv
L260100,W12,92.67721692,92.54514894559348,grouped_oof_cv
L260100,W13,90.76984889,90.98611371814424,grouped_oof_cv
L260100,W14,92.046741,92.449130379877,grouped_oof_cv
L260100,W15,90.04546597,90.53910992525655,grouped_oof_cv
L260006,W01,93.77542652,93.38149963012393,grouped_oof_cv
L260006,W02,88.94963237,89.7643197501526,grouped_oof_cv
L260006,W03,93.25232675,92.89831101716727,grouped_oof_cv
L260006,W04,92.42430345,92.3426721589677,grouped_oof_cv
L260006,W05,94.41144112,94.07145987261336,grouped_oof_cv
L260006,W06,94.73399859,94.36561917749998,grouped_oof_cv
L260006,W07,82.14342398,82.2920990290991,grouped_oof_cv
L260006,W08,93.56385561,93.65042353936558,grouped_oof_cv
L260006,W09,92.3350826,92.91683793010834,grouped_oof_cv
L260006,W10,94.90737006,94.91755250557507,grouped_oof_cv
L260006,W11,94.04281585,93.6512112811155,grouped_oof_cv
L260006,W12,92.8570132,92.6223397030107,grouped_oof_cv
L260006,W13,94.20828215,93.35240915046576,grouped_oof_cv
L260006,W14,95.33556544,95.01193415520724,grouped_oof_cv
L260006,W15,94.18434891,94.1381078045504,grouped_oof_cv
L260012,W01,90.85585384,91.0092012786311,grouped_oof_cv
L260012,W02,95.75088829,95.74226862446956,grouped_oof_cv
L260012,W03,93.49344169,93.18526762151808,grouped_oof_cv
L260012,W04,93.94979039,93.92822183990138,grouped_oof_cv
L260012,W05,92.43067955,92.55730019674584,grouped_oof_cv
L260012,W06,91.73633423,91.76760285062814,grouped_oof_cv
L260012,W07,94.45936253,94.45355617462756,grouped_oof_cv
L260012,W08,85.55957719,87.10988209300889,grouped_oof_cv
L260012,W09,95.15211495,95.1055723019095,grouped_oof_cv
L260012,W10,88.61470143,88.98469282823591,grouped_oof_cv
L260012,W11,92.00937097,92.55619504126123,grouped_oof_cv
L260012,W12,92.67721692,92.74973316788932,grouped_oof_cv
L260012,W13,90.76984889,90.6926717265734,grouped_oof_cv
L260012,W14,92.046741,91.95584473784982,grouped_oof_cv
L260012,W15,90.04546597,90.49752199949754,grouped_oof_cv
L260018,W01,94.63155467,94.83944749219874,grouped_oof_cv
L260018,W02,92.07341818,91.93722003249196,grouped_oof_cv
L260018,W03,89.6811307,89.29618318533637,grouped_oof_cv
L260018,W04,92.15969466,91.87141904849884,grouped_oof_cv
L260018,W05,92.87866361,92.95264377757874,grouped_oof_cv
L260018,W06,87.6173113,88.04404446845804,grouped_oof_cv
L260018,W07,92.50974545,92.4336383600898,grouped_oof_cv
L260018,W08,93.69692158,93.50258185847368,grouped_oof_cv
L260018,W09,90.77735322,90.74729545428494,grouped_oof_cv
L260018,W10,92.97310415,92.9178770078894,grouped_oof_cv
L260018,W11,87.03589433,87.25136409084082,grouped_oof_cv
L260018,W12,94.54703115,94.72291266476788,grouped_oof_cv
L260018,W13,90.58299387,90.54697546144244,grouped_oof_cv
L260018,W14,91.85420023,91.28583754105526,grouped_oof_cv
L260018,W15,92.78379356,92.62257549657556,grouped_oof_cv
L260025,W01,88.95238128,89.0744696186516,grouped_oof_cv
L260025,W02,90.3817846,90.53312000923287,grouped_oof_cv
L260025,W03,89.15220845,89.90551692446428,grouped_oof_cv
L260025,W04,92.55932354,92.63376918711155,grouped_oof_cv
L260025,W05,90.83175666,91.02619287284796,grouped_oof_cv
L260025,W06,93.23212356,93.09761590983231,grouped_oof_cv
L260025,W07,92.92992879,92.66267278690272,grouped_oof_cv
L260025,W08,88.46277113,88.32172636529604,grouped_oof_cv
L260025,W09,90.89544968,91.09763595299796,grouped_oof_cv
L260025,W10,86.48996933,86.29837440389413,grouped_oof_cv
L260025,W11,94.36156574,94.47170629141188,grouped_oof_cv
L260025,W12,91.37396849,91.42125911104932,grouped_oof_cv
L260025,W13,93.22552431,92.96017158754792,grouped_oof_cv
L260025,W14,94.22103329,94.22740151055802,grouped_oof_cv
L260025,W15,89.69532164,89.36937404406511,grouped_oof_cv
L260030,W01,93.77542652,93.45108774567416,grouped_oof_cv
L260030,W02,88.94963237,89.98882420952708,grouped_oof_cv
L260030,W03,93.25232675,93.00529208747646,grouped_oof_cv
L260030,W04,92.42430345,91.9498860557172,grouped_oof_cv
L260030,W05,94.41144112,94.30295983368391,grouped_oof_cv
L260030,W06,94.73399859,94.24793097425272,grouped_oof_cv
L260030,W07,82.14342398,82.3630567236935,grouped_oof_cv
L260030,W08,93.56385561,93.58153453680232,grouped_oof_cv
L260030,W09,92.3350826,92.48908408715278,grouped_oof_cv
L260030,W10,94.90737006,94.25252342956496,grouped_oof_cv
L260030,W11,94.04281585,93.92289781987458,grouped_oof_cv
L260030,W12,92.8570132,92.93033929259614,grouped_oof_cv
L260030,W13,94.20828215,93.4364714927159,grouped_oof_cv
L260030,W14,95.33556544,95.18275045307077,grouped_oof_cv
L260030,W15,94.18434891,93.45771812327898,grouped_oof_cv
L260038,W01,93.77542652,93.77293211216406,grouped_oof_cv
L260038,W02,88.94963237,89.68357023906783,grouped_oof_cv
L260038,W03,93.25232675,93.02847776700504,grouped_oof_cv
L260038,W04,92.42430345,92.19641818181609,grouped_oof_cv
L260038,W05,94.41144112,94.1393698806975,grouped_oof_cv
L260038,W06,94.73399859,93.93967668775606,grouped_oof_cv
L260038,W07,82.14342398,82.24579379621396,grouped_oof_cv
L260038,W08,93.56385561,93.41643606648891,grouped_oof_cv
L260038,W09,92.3350826,93.01067901720369,grouped_oof_cv
L260038,W10,94.90737006,94.89350573440817,grouped_oof_cv
L260038,W11,94.04281585,93.55224176825269,grouped_oof_cv
L260038,W12,92.8570132,92.96355398237372,grouped_oof_cv
L260038,W13,94.20828215,93.47450849132368,grouped_oof_cv
L260038,W14,95.33556544,95.17634374342056,grouped_oof_cv
L260038,W15,94.18434891,93.47394908313412,grouped_oof_cv
L260044,W01,90.85585384,90.86274244046844,grouped_oof_cv
L260044,W02,95.75088829,95.75386519568532,grouped_oof_cv
L260044,W03,93.49344169,93.4494793419732,grouped_oof_cv
L260044,W04,93.94979039,93.9409089470347,grouped_oof_cv
L260044,W05,92.43067955,92.55026789575406,grouped_oof_cv
L260044,W06,91.73633423,92.0486490935956,grouped_oof_cv
L260044,W07,94.45936253,93.9749385905596,grouped_oof_cv
L260044,W08,85.55957719,85.41685835433577,grouped_oof_cv
L260044,W09,95.15211495,95.15839993143456,grouped_oof_cv
L260044,W10,88.61470143,89.31715235468037,grouped_oof_cv
L260044,W11,92.00937097,92.11069230676162,grouped_oof_cv
L260044,W12,92.67721692,92.42534950289756,grouped_oof_cv
L260044,W13,90.76984889,90.80143283467667,grouped_oof_cv
L260044,W14,92.046741,92.09450452258878,grouped_oof_cv
L260044,W15,90.04546597,90.2074875958846,grouped_oof_cv
L260051,W01,92.31760161,91.81388112667732,grouped_oof_cv
L260051,W02,87.48030521,87.32251441330561,grouped_oof_cv
L260051,W03,91.33019761,91.79978239650308,grouped_oof_cv
L260051,W04,92.52713931,92.6080273335187,grouped_oof_cv
L260051,W05,94.55253566,93.91906629357052,grouped_oof_cv
L260051,W06,92.40772941,92.09980820862772,grouped_oof_cv
L260051,W07,94.07618231,93.85779487333866,grouped_oof_cv
L260051,W08,93.0780781,93.26955263492243,grouped_oof_cv
L260051,W09,90.06417057,90.23814753500211,grouped_oof_cv
L260051,W10,93.84861746,93.40241262101613,grouped_oof_cv
L260051,W11,91.59450402,91.88114131656585,grouped_oof_cv
L260051,W12,92.44937564,92.71175996098492,grouped_oof_cv
L260051,W13,94.61562642,94.46200697705892,grouped_oof_cv
L260051,W14,93.08444301,93.3628359731956,grouped_oof_cv
L260051,W15,94.73107111,94.7865359575094,grouped_oof_cv
L260057,W01,88.95238128,89.234317599185,grouped_oof_cv
L260057,W02,90.3817846,90.79383820384464,grouped_oof_cv
L260057,W03,89.15220845,89.6287568296026,grouped_oof_cv
L260057,W04,92.55932354,92.92145894386324,grouped_oof_cv
L260057,W05,90.83175666,91.15842808829146,grouped_oof_cv
L260057,W06,93.23212356,93.08857022133758,grouped_oof_cv
L260057,W07,92.92992879,92.80308782278492,grouped_oof_cv
L260057,W08,88.46277113,88.5575413486007,grouped_oof_cv
L260057,W09,90.89544968,91.54534412985002,grouped_oof_cv
L260057,W10,86.48996933,86.74327367307698,grouped_oof_cv
L260057,W11,94.36156574,94.20979308152924,grouped_oof_cv
L260057,W12,91.37396849,91.47994510014044,grouped_oof_cv
L260057,W13,93.22552431,93.35547395606906,grouped_oof_cv
L260057,W14,94.22103329,94.24693626402464,grouped_oof_cv
L260057,W15,89.69532164,90.3083893207721,grouped_oof_cv
L260062,W01,93.77542652,93.93218334168144,grouped_oof_cv
L260062,W02,88.94963237,89.92844377101585,grouped_oof_cv
L260062,W03,93.25232675,93.15484184695632,grouped_oof_cv
L260062,W04,92.42430345,91.8575286378886,grouped_oof_cv
L260062,W05,94.41144112,93.93037080806974,grouped_oof_cv
L260062,W06,94.73399859,94.21429527465072,grouped_oof_cv
L260062,W07,82.14342398,82.22366868551735,grouped_oof_cv
L260062,W08,93.56385561,93.57132264915748,grouped_oof_cv
L260062,W09,92.3350826,92.1039668914189,grouped_oof_cv
L260062,W10,94.90737006,94.26137266015982,grouped_oof_cv
L260062,W11,94.04281585,93.79122864251909,grouped_oof_cv
L260062,W12,92.8570132,92.66580745001994,grouped_oof_cv
L260062,W13,94.20828215,93.22019095818672,grouped_oof_cv
L260062,W14,95.33556544,95.04366551354558,grouped_oof_cv
L260062,W15,94.18434891,93.57047956336396,grouped_oof_cv
L260067,W01,92.31760161,92.19251084592489,grouped_oof_cv
L260067,W02,87.48030521,88.03700121723014,grouped_oof_cv
L260067,W03,91.33019761,91.65433310984363,grouped_oof_cv
L260067,W04,92.52713931,92.27784436764355,grouped_oof_cv
L260067,W05,94.55253566,94.40984334496336,grouped_oof_cv
L260067,W06,92.40772941,92.6236699914304,grouped_oof_cv
L260067,W07,94.07618231,94.03248724051416,grouped_oof_cv
L260067,W08,93.0780781,93.29479392131503,grouped_oof_cv
L260067,W09,90.06417057,90.29707413052124,grouped_oof_cv
L260067,W10,93.84861746,93.36812523500107,grouped_oof_cv
L260067,W11,91.59450402,91.68417774834045,grouped_oof_cv
L260067,W12,92.44937564,92.6596189119124,grouped_oof_cv
L260067,W13,94.61562642,94.75491329068706,grouped_oof_cv
L260067,W14,93.08444301,93.12189223707996,grouped_oof_cv
L260067,W15,94.73107111,94.7120513370789,grouped_oof_cv
L260073,W01,88.95238128,89.12360558661112,grouped_oof_cv
L260073,W02,90.3817846,91.01852388690904,grouped_oof_cv
L260073,W03,89.15220845,89.90021081288596,grouped_oof_cv
L260073,W04,92.55932354,92.53628376012662,grouped_oof_cv
L260073,W05,90.83175666,91.13595955926516,grouped_oof_cv
L260073,W06,93.23212356,93.1712329292776,grouped_oof_cv
L260073,W07,92.92992879,92.66020289527944,grouped_oof_cv
L260073,W08,88.46277113,88.27448723799137,grouped_oof_cv
L260073,W09,90.89544968,91.26398301274078,grouped_oof_cv
L260073,W10,86.48996933,86.69269211436215,grouped_oof_cv
L260073,W11,94.36156574,94.11592465551472,grouped_oof_cv
L260073,W12,91.37396849,91.3009388857323,grouped_oof_cv
L260073,W13,93.22552431,93.48915200629176,grouped_oof_cv
L260073,W14,94.22103329,94.40212543257296,grouped_oof_cv
L260073,W15,89.69532164,89.53972091672333,grouped_oof_cv
L260082,W01,94.63155467,94.49988016633216,grouped_oof_cv
L260082,W02,92.07341818,91.92034634468348,grouped_oof_cv
L260082,W03,89.6811307,89.96046082530934,grouped_oof_cv
L260082,W04,92.15969466,92.00487569666323,grouped_oof_cv
L260082,W05,92.87866361,92.92894790796066,grouped_oof_cv
L260082,W06,87.6173113,87.24929363948627,grouped_oof_cv
L260082,W07,92.50974545,92.56155410690788,grouped_oof_cv
L260082,W08,93.69692158,93.5810092267832,grouped_oof_cv
L260082,W09,90.77735322,90.65647204657432,grouped_oof_cv
L260082,W10,92.97310415,92.9421053778268,grouped_oof_cv
L260082,W11,87.03589433,87.37280567354576,grouped_oof_cv
L260082,W12,94.54703115,94.21520989262724,grouped_oof_cv
L260082,W13,90.58299387,90.4467669759926,grouped_oof_cv
L260082,W14,91.85420023,92.12438709439044,grouped_oof_cv
L260082,W15,92.78379356,92.91473394416306,grouped_oof_cv
L260088,W01,89.75497617,90.29829244524524,grouped_oof_cv
L260088,W02,91.02894618,90.97931984536656,grouped_oof_cv
L260088,W03,92.06874187,91.9432897076106,grouped_oof_cv
L260088,W04,93.36808638,93.40011731376116,grouped_oof_cv
L260088,W05,92.21715746,92.25158788709996,grouped_oof_cv
L260088,W06,92.84598842,92.78154005158348,grouped_oof_cv
L260088,W07,89.43455109,89.48915989524852,grouped_oof_cv
L260088,W08,89.91655774,90.36826782996587,grouped_oof_cv
L260088,W09,93.25331077,93.06547956008276,grouped_oof_cv
L260088,W10,90.604361,90.29154534369974,grouped_oof_cv
L260088,W11,92.60486528,92.36402300294588,grouped_oof_cv
L260088,W12,95.07482227,94.83167740405273,grouped_oof_cv
L260088,W13,91.59937296,92.23822885545552,grouped_oof_cv
L260088,W14,90.10430765,90.52837560014125,grouped_oof_cv
L260088,W15,92.6809101,92.92038910604144,grouped_oof_cv
L260094,W01,93.77542652,93.79979380388924,grouped_oof_cv
L260094,W02,88.94963237,89.88534310415831,grouped_oof_cv
L260094,W03,93.25232675,93.28520735106666,grouped_oof_cv
L260094,W04,92.42430345,92.5756114306074,grouped_oof_cv
L260094,W05,94.41144112,94.13156451353288,grouped_oof_cv
L260094,W06,94.73399859,94.57678414284274,grouped_oof_cv
L260094,W07,82.14342398,82.35226737155739,grouped_oof_cv
L260094,W08,93.56385561,93.50540611774028,grouped_oof_cv
L260094,W09,92.3350826,92.56298523554746,grouped_oof_cv
L260094,W10,94.90737006,95.16786922312583,grouped_oof_cv
L260094,W11,94.04281585,93.68877750593836,grouped_oof_cv
L260094,W12,92.8570132,92.62582480142872,grouped_oof_cv
L260094,W13,94.20828215,94.00325557968335,grouped_oof_cv
L260094,W14,95.33556544,95.02905265686572,grouped_oof_cv
L260094,W15,94.18434891,94.09170538681796,grouped_oof_cv
L260099,W01,92.31760161,92.14750742882512,grouped_oof_cv
L260099,W02,87.48030521,87.85790356633598,grouped_oof_cv
L260099,W03,91.33019761,91.36092977315194,grouped_oof_cv
L260099,W04,92.52713931,92.8350001862739,grouped_oof_cv
L260099,W05,94.55253566,94.33662675377016,grouped_oof_cv
L260099,W06,92.40772941,92.35158002714698,grouped_oof_cv
L260099,W07,94.07618231,93.98955967088712,grouped_oof_cv
L260099,W08,93.0780781,92.95222190131108,grouped_oof_cv
L260099,W09,90.06417057,90.68306683116626,grouped_oof_cv
L260099,W10,93.84861746,93.38172784323407,grouped_oof_cv
L260099,W11,91.59450402,91.84315513192324,grouped_oof_cv
L260099,W12,92.44937564,92.46152721953456,grouped_oof_cv
L260099,W13,94.61562642,94.38172138890664,grouped_oof_cv
L260099,W14,93.08444301,93.11685429814638,grouped_oof_cv
L260099,W15,94.73107111,94.75980613908636,grouped_oof_cv
L260004,W01,90.85585384,90.98092990534364,grouped_oof_cv
L260004,W02,95.75088829,95.03348532902456,grouped_oof_cv
L260004,W03,93.49344169,93.60269296305762,grouped_oof_cv
L260004,W04,93.94979039,93.78002792270156,grouped_oof_cv
L260004,W05,92.43067955,92.45657790648704,grouped_oof_cv
L260004,W06,91.73633423,91.93554964181696,grouped_oof_cv
L260004,W07,94.45936253,94.52562211581724,grouped_oof_cv
L260004,W08,85.55957719,85.2806575285463,grouped_oof_cv
L260004,W09,95.15211495,95.040400445075,grouped_oof_cv
L260004,W10,88.61470143,88.4414295053446,grouped_oof_cv
L260004,W11,92.00937097,92.05427900103884,grouped_oof_cv
L260004,W12,92.67721692,92.46641412871266,grouped_oof_cv
L260004,W13,90.76984889,91.19823494082706,grouped_oof_cv
L260004,W14,92.046741,92.14512620949564,grouped_oof_cv
L260004,W15,90.04546597,90.6953237042766,grouped_oof_cv
L260010,W01,94.63155467,93.97181660751534,grouped_oof_cv
L260010,W02,92.07341818,92.19640776726564,grouped_oof_cv
L260010,W03,89.6811307,89.76697441107717,grouped_oof_cv
L260010,W04,92.15969466,91.92611420006898,grouped_oof_cv
L260010,W05,92.87866361,92.63718929063528,grouped_oof_cv
L260010,W06,87.6173113,87.80294198043323,grouped_oof_cv
L260010,W07,92.50974545,92.47372126751212,grouped_oof_cv
L260010,W08,93.69692158,92.83329207580827,grouped_oof_cv
L260010,W09,90.77735322,91.09743161484394,grouped_oof_cv
L260010,W10,92.97310415,93.0421672431323,grouped_oof_cv
L260010,W11,87.03589433,87.09471696229907,grouped_oof_cv
L260010,W12,94.54703115,94.41881588864948,grouped_oof_cv
L260010,W13,90.58299387,90.6994810519246,grouped_oof_cv
L260010,W14,91.85420023,91.36248599614892,grouped_oof_cv
L260010,W15,92.78379356,92.7093193218862,grouped_oof_cv
L260017,W01,88.95238128,88.88978023812153,grouped_oof_cv
L260017,W02,90.3817846,90.95690181691415,grouped_oof_cv
L260017,W03,89.15220845,89.67713336483337,grouped_oof_cv
L260017,W04,92.55932354,92.41029333411784,grouped_oof_cv
L260017,W05,90.83175666,90.89703543139184,grouped_oof_cv
L260017,W06,93.23212356,91.82040222919012,grouped_oof_cv
L260017,W07,92.92992879,92.9772658009021,grouped_oof_cv
L260017,W08,88.46277113,88.41935984347764,grouped_oof_cv
L260017,W09,90.89544968,90.70232253880688,grouped_oof_cv
L260017,W10,86.48996933,86.8658008486324,grouped_oof_cv
L260017,W11,94.36156574,93.99831988747586,grouped_oof_cv
L260017,W12,91.37396849,91.16414016818791,grouped_oof_cv
L260017,W13,93.22552431,93.33726117680924,grouped_oof_cv
L260017,W14,94.22103329,93.68612239635858,grouped_oof_cv
L260017,W15,89.69532164,89.87568484033487,grouped_oof_cv
L260024,W01,89.75497617,90.01145876899527,grouped_oof_cv
L260024,W02,91.02894618,91.0451368797525,grouped_oof_cv
L260024,W03,92.06874187,92.49568203090304,grouped_oof_cv
L260024,W04,93.36808638,93.04360030470556,grouped_oof_cv
L260024,W05,92.21715746,92.31736573662656,grouped_oof_cv
L260024,W06,92.84598842,92.7000919656435,grouped_oof_cv
L260024,W07,89.43455109,89.8809075469485,grouped_oof_cv
L260024,W08,89.91655774,90.5343707913484,grouped_oof_cv
L260024,W09,93.25331077,93.25748339517614,grouped_oof_cv
L260024,W10,90.604361,91.09467097047362,grouped_oof_cv
L260024,W11,92.60486528,92.83264967026044,grouped_oof_cv
L260024,W12,95.07482227,94.67342255302005,grouped_oof_cv
L260024,W13,91.59937296,91.52775455030508,grouped_oof_cv
L260024,W14,90.10430765,90.69868022790824,grouped_oof_cv
L260024,W15,92.6809101,92.6248262416791,grouped_oof_cv
L260029,W01,93.64584549,93.90299067369725,grouped_oof_cv
L260029,W02,92.7064931,92.88926753480938,grouped_oof_cv
L260029,W03,93.30464052,93.103917516919,grouped_oof_cv
L260029,W04,90.62093271,91.16001842126757,grouped_oof_cv
L260029,W05,87.99575786,88.25895664860374,grouped_oof_cv
L260029,W06,93.16313395,93.31936510302562,grouped_oof_cv
L260029,W07,90.33252665,91.37582909049756,grouped_oof_cv
L260029,W08,94.91936595,94.80242370356017,grouped_oof_cv
L260029,W09,95.00202958,95.14156787876117,grouped_oof_cv
L260029,W10,94.32104118,94.25370376729144,grouped_oof_cv
L260029,W11,92.22630908,92.2942826059912,grouped_oof_cv
L260029,W12,94.80321012,94.17585344165656,grouped_oof_cv
L260029,W13,92.25265087,92.09299039273466,grouped_oof_cv
L260029,W14,93.54579494,93.73649272023586,grouped_oof_cv
L260029,W15,91.19849548,91.5079242412324,grouped_oof_cv
L260037,W01,93.64584549,93.73839244146066,grouped_oof_cv
L260037,W02,92.7064931,92.81520778532705,grouped_oof_cv
L260037,W03,93.30464052,92.95050652318795,grouped_oof_cv
L260037,W04,90.62093271,90.86478413854353,grouped_oof_cv
L260037,W05,87.99575786,88.33439625733422,grouped_oof_cv
L260037,W06,93.16313395,93.23606407133887,grouped_oof_cv
L260037,W07,90.33252665,92.09358675110266,grouped_oof_cv
L260037,W08,94.91936595,94.82606631693857,grouped_oof_cv
L260037,W09,95.00202958,94.95297581588008,grouped_oof_cv
L260037,W10,94.32104118,94.37902479574277,grouped_oof_cv
L260037,W11,92.22630908,92.76345388837356,grouped_oof_cv
L260037,W12,94.80321012,94.22360795440042,grouped_oof_cv
L260037,W13,92.25265087,92.86993481012034,grouped_oof_cv
L260037,W14,93.54579494,93.58058660918569,grouped_oof_cv
L260037,W15,91.19849548,91.91510481945076,grouped_oof_cv
L260043,W01,92.31760161,92.33281540579924,grouped_oof_cv
L260043,W02,87.48030521,87.87044848808934,grouped_oof_cv
L260043,W03,91.33019761,91.43957488667026,grouped_oof_cv
L260043,W04,92.52713931,92.3128043037006,grouped_oof_cv
L260043,W05,94.55253566,94.43612682681712,grouped_oof_cv
L260043,W06,92.40772941,92.4436179215166,grouped_oof_cv
L260043,W07,94.07618231,93.8746365786744,grouped_oof_cv
L260043,W08,93.0780781,93.00925137699116,grouped_oof_cv
L260043,W09,90.06417057,89.82146021355636,grouped_oof_cv
L260043,W10,93.84861746,94.04247084619335,grouped_oof_cv
L260043,W11,91.59450402,92.00844423890128,grouped_oof_cv
L260043,W12,92.44937564,92.59207406377423,grouped_oof_cv
L260043,W13,94.61562642,94.60268859715153,grouped_oof_cv
L260043,W14,93.08444301,93.0915631571744,grouped_oof_cv
L260043,W15,94.73107111,94.44913202014436,grouped_oof_cv
L260050,W01,94.63155467,94.01507518827712,grouped_oof_cv
L260050,W02,92.07341818,91.89312615416635,grouped_oof_cv
L260050,W03,89.6811307,89.97198349241636,grouped_oof_cv
L260050,W04,92.15969466,92.42920162494164,grouped_oof_cv
L260050,W05,92.87866361,93.06141883380452,grouped_oof_cv
L260050,W06,87.6173113,87.89639256143633,grouped_oof_cv
L260050,W07,92.50974545,92.72189669907723,grouped_oof_cv
L260050,W08,93.69692158,93.67580168522272,grouped_oof_cv
L260050,W09,90.77735322,90.84107030946188,grouped_oof_cv
L260050,W10,92.97310415,92.83816163790198,grouped_oof_cv
L260050,W11,87.03589433,88.57026007963134,grouped_oof_cv
L260050,W12,94.54703115,94.32235075929108,grouped_oof_cv
L260050,W13,90.58299387,90.612889049221,grouped_oof_cv
L260050,W14,91.85420023,92.35919561736168,grouped_oof_cv
L260050,W15,92.78379356,92.78873804274843,grouped_oof_cv
L260056,W01,89.75497617,90.30550431350292,grouped_oof_cv
L260056,W02,91.02894618,90.82543456920554,grouped_oof_cv
L260056,W03,92.06874187,92.5200672747292,grouped_oof_cv
L260056,W04,93.36808638,93.11557787673836,grouped_oof_cv
L260056,W05,92.21715746,92.51318348939078,grouped_oof_cv
L260056,W06,92.84598842,93.02538453161708,grouped_oof_cv
L260056,W07,89.43455109,89.51850736926279,grouped_oof_cv
L260056,W08,89.91655774,90.2197887512569,grouped_oof_cv
L260056,W09,93.25331077,93.2020829263196,grouped_oof_cv
L260056,W10,90.604361,91.06384166815246,grouped_oof_cv
L260056,W11,92.60486528,92.35003719639111,grouped_oof_cv
L260056,W12,95.07482227,94.66411661395216,grouped_oof_cv
L260056,W13,91.59937296,91.39985791820123,grouped_oof_cv
L260056,W14,90.10430765,90.70905108631916,grouped_oof_cv
L260056,W15,92.6809101,92.70534788544003,grouped_oof_cv
L260061,W01,93.64584549,93.90093786801036,grouped_oof_cv
L260061,W02,92.7064931,92.8344366737706,grouped_oof_cv
L260061,W03,93.30464052,93.13580425543311,grouped_oof_cv
L260061,W04,90.62093271,90.8200739074324,grouped_oof_cv
L260061,W05,87.99575786,88.09308888484705,grouped_oof_cv
L260061,W06,93.16313395,93.24926991122877,grouped_oof_cv
L260061,W07,90.33252665,91.56945937691218,grouped_oof_cv
L260061,W08,94.91936595,94.9635019090334,grouped_oof_cv
L260061,W09,95.00202958,94.4595128456211,grouped_oof_cv
L260061,W10,94.32104118,94.2814621850688,grouped_oof_cv
L260061,W11,92.22630908,92.2087378143439,grouped_oof_cv
L260061,W12,94.80321012,94.36866030742756,grouped_oof_cv
L260061,W13,92.25265087,92.20362775269638,grouped_oof_cv
L260061,W14,93.54579494,90.03077475388771,grouped_oof_cv
L260061,W15,91.19849548,91.83321477994708,grouped_oof_cv
L260066,W01,94.63155467,94.40258416009198,grouped_oof_cv
L260066,W02,92.07341818,91.75686303381072,grouped_oof_cv
L260066,W03,89.6811307,89.5497150227719,grouped_oof_cv
L260066,W04,92.15969466,91.8405787762325,grouped_oof_cv
L260066,W05,92.87866361,92.86228798810716,grouped_oof_cv
L260066,W06,87.6173113,87.5898606524246,grouped_oof_cv
L260066,W07,92.50974545,92.61887945332526,grouped_oof_cv
L260066,W08,93.69692158,93.66363938499984,grouped_oof_cv
L260066,W09,90.77735322,91.42092062238532,grouped_oof_cv
L260066,W10,92.97310415,92.96929002638684,grouped_oof_cv
L260066,W11,87.03589433,87.26926804436435,grouped_oof_cv
L260066,W12,94.54703115,94.08180420670722,grouped_oof_cv
L260066,W13,90.58299387,90.34720999388846,grouped_oof_cv
L260066,W14,91.85420023,91.60025147113656,grouped_oof_cv
L260066,W15,92.78379356,92.66117666194155,grouped_oof_cv
L260072,W01,89.75497617,89.49910298840874,grouped_oof_cv
L260072,W02,91.02894618,90.89951105440858,grouped_oof_cv
L260072,W03,92.06874187,92.43887372490796,grouped_oof_cv
L260072,W04,93.36808638,93.34803838760584,grouped_oof_cv
L260072,W05,92.21715746,91.97357516325124,grouped_oof_cv
L260072,W06,92.84598842,93.08681683062312,grouped_oof_cv
L260072,W07,89.43455109,89.42839649951873,grouped_oof_cv
L260072,W08,89.91655774,90.3057751284066,grouped_oof_cv
L260072,W09,93.25331077,93.4778040914557,grouped_oof_cv
L260072,W10,90.604361,90.74469953410932,grouped_oof_cv
L260072,W11,92.60486528,92.56776226231165,grouped_oof_cv
L260072,W12,95.07482227,95.0183183312674,grouped_oof_cv
L260072,W13,91.59937296,91.78128104729498,grouped_oof_cv
L260072,W14,90.10430765,90.84079214726285,grouped_oof_cv
L260072,W15,92.6809101,92.5195357311696,grouped_oof_cv
L260080,W01,89.75497617,90.32897463832796,grouped_oof_cv
L260080,W02,91.02894618,91.03194666742483,grouped_oof_cv
L260080,W03,92.06874187,92.04656963323472,grouped_oof_cv
L260080,W04,93.36808638,93.43933395315868,grouped_oof_cv
L260080,W05,92.21715746,92.81045890687166,grouped_oof_cv
L260080,W06,92.84598842,92.67052545868312,grouped_oof_cv
L260080,W07,89.43455109,89.26011657037402,grouped_oof_cv
L260080,W08,89.91655774,89.93739022229924,grouped_oof_cv
L260080,W09,93.25331077,93.03179259937072,grouped_oof_cv
L260080,W10,90.604361,91.07476988560876,grouped_oof_cv
L260080,W11,92.60486528,92.53701635694848,grouped_oof_cv
L260080,W12,95.07482227,94.67290804558938,grouped_oof_cv
L260080,W13,91.59937296,91.74006235109998,grouped_oof_cv
L260080,W14,90.10430765,90.28034735838622,grouped_oof_cv
L260080,W15,92.6809101,92.5267039730193,grouped_oof_cv
L260087,W01,92.87623608,92.87007059475692,grouped_oof_cv
L260087,W02,90.20866974,90.22779205884196,grouped_oof_cv
L260087,W03,91.61854421,91.83481420556068,grouped_oof_cv
L260087,W04,94.53161223,94.42426088461328,grouped_oof_cv
L260087,W05,94.26849718,94.23139489595678,grouped_oof_cv
L260087,W06,90.9939596,90.84683306001894,grouped_oof_cv
L260087,W07,93.18486685,93.13395743820364,grouped_oof_cv
L260087,W08,91.84363366,91.90188028890095,grouped_oof_cv
L260087,W09,88.82018235,88.67591957366082,grouped_oof_cv
L260087,W10,90.06774965,90.2358966369863,grouped_oof_cv
L260087,W11,88.53319248,89.0761593990747,grouped_oof_cv
L260087,W12,92.11567853,92.22822884870116,grouped_oof_cv
L260087,W13,91.26767802,91.1854152294441,grouped_oof_cv
L260087,W14,92.28991155,92.31469714714204,grouped_oof_cv
L260087,W15,92.93633882,93.01639904439666,grouped_oof_cv
L260093,W01,93.64584549,93.13618005811009,grouped_oof_cv
L260093,W02,92.7064931,92.98670351574005,grouped_oof_cv
L260093,W03,93.30464052,93.31793263703872,grouped_oof_cv
L260093,W04,90.62093271,91.11666589210928,grouped_oof_cv
L260093,W05,87.99575786,88.81066331683623,grouped_oof_cv
L260093,W06,93.16313395,93.0032887763302,grouped_oof_cv
L260093,W07,90.33252665,90.92481585078232,grouped_oof_cv
L260093,W08,94.91936595,94.7406911030709,grouped_oof_cv
L260093,W09,95.00202958,94.87726620412477,grouped_oof_cv
L260093,W10,94.32104118,94.10945599444726,grouped_oof_cv
L260093,W11,92.22630908,92.22438826277788,grouped_oof_cv
L260093,W12,94.80321012,94.10106909016685,grouped_oof_cv
L260093,W13,92.25265087,92.12348936782844,grouped_oof_cv
L260093,W14,93.54579494,93.79584784473082,grouped_oof_cv
L260093,W15,91.19849548,91.61913743658204,grouped_oof_cv
L260098,W01,94.63155467,94.59036352428802,grouped_oof_cv
L260098,W02,92.07341818,91.61845170996044,grouped_oof_cv
L260098,W03,89.6811307,89.53200363040135,grouped_oof_cv
L260098,W04,92.15969466,92.35033036712191,grouped_oof_cv
L260098,W05,92.87866361,92.72670581921736,grouped_oof_cv
L260098,W06,87.6173113,87.18389975339068,grouped_oof_cv
L260098,W07,92.50974545,92.61547714574426,grouped_oof_cv
L260098,W08,93.69692158,92.95222632660057,grouped_oof_cv
L260098,W09,90.77735322,90.68665077202488,grouped_oof_cv
L260098,W10,92.97310415,92.98671572777464,grouped_oof_cv
L260098,W11,87.03589433,87.53270724466694,grouped_oof_cv
L260098,W12,94.54703115,93.87476031577737,grouped_oof_cv
L260098,W13,90.58299387,90.65243758140792,grouped_oof_cv
L260098,W14,91.85420023,91.81906487201408,grouped_oof_cv
L260098,W15,92.78379356,92.69198319057408,grouped_oof_cv
L260003,W01,92.31760161,92.01055066010052,grouped_oof_cv
L260003,W02,87.48030521,87.59387683066882,grouped_oof_cv
L260003,W03,91.33019761,91.3862682089571,grouped_oof_cv
L260003,W04,92.52713931,92.42270519722926,grouped_oof_cv
L260003,W05,94.55253566,94.54407224581192,grouped_oof_cv
L260003,W06,92.40772941,92.4668627920429,grouped_oof_cv
L260003,W07,94.07618231,94.132971246063,grouped_oof_cv
L260003,W08,93.0780781,93.2016723677794,grouped_oof_cv
L260003,W09,90.06417057,90.16702518237938,grouped_oof_cv
L260003,W10,93.84861746,93.81763760142586,grouped_oof_cv
L260003,W11,91.59450402,91.66303186758556,grouped_oof_cv
L260003,W12,92.44937564,92.91783501772608,grouped_oof_cv
L260003,W13,94.61562642,94.3262739901289,grouped_oof_cv
L260003,W14,93.08444301,93.01884807174092,grouped_oof_cv
L260003,W15,94.73107111,94.75203510450088,grouped_oof_cv
L260009,W01,88.95238128,89.25733360138604,grouped_oof_cv
L260009,W02,90.3817846,90.23288278295222,grouped_oof_cv
L260009,W03,89.15220845,89.88868221545657,grouped_oof_cv
L260009,W04,92.55932354,92.55027614338904,grouped_oof_cv
L260009,W05,90.83175666,91.02256343652049,grouped_oof_cv
L260009,W06,93.23212356,93.10604023675216,grouped_oof_cv
L260009,W07,92.92992879,92.3987241177793,grouped_oof_cv
L260009,W08,88.46277113,88.29480979857789,grouped_oof_cv
L260009,W09,90.89544968,91.11750152304715,grouped_oof_cv
L260009,W10,86.48996933,87.79538421211156,grouped_oof_cv
L260009,W11,94.36156574,93.91907699435616,grouped_oof_cv
L260009,W12,91.37396849,91.40744137685822,grouped_oof_cv
L260009,W13,93.22552431,93.05230249988291,grouped_oof_cv
L260009,W14,94.22103329,93.35810389507432,grouped_oof_cv
L260009,W15,89.69532164,89.69295266470988,grouped_oof_cv
L260016,W01,89.75497617,90.0630176741752,grouped_oof_cv
L260016,W02,91.02894618,90.4598561760004,grouped_oof_cv
L260016,W03,92.06874187,92.00107128356024,grouped_oof_cv
L260016,W04,93.36808638,93.3053640186718,grouped_oof_cv
L260016,W05,92.21715746,92.17097271330472,grouped_oof_cv
L260016,W06,92.84598842,92.83187955935108,grouped_oof_cv
L260016,W07,89.43455109,90.20824944761264,grouped_oof_cv
L260016,W08,89.91655774,89.78193377468489,grouped_oof_cv
L260016,W09,93.25331077,93.02882978990723,grouped_oof_cv
L260016,W10,90.604361,90.90646718331932,grouped_oof_cv
L260016,W11,92.60486528,92.94047915026964,grouped_oof_cv
L260016,W12,95.07482227,94.8879291007202,grouped_oof_cv
L260016,W13,91.59937296,91.33888344478268,grouped_oof_cv
L260016,W14,90.10430765,90.7516367983917,grouped_oof_cv
L260016,W15,92.6809101,92.68285705564524,grouped_oof_cv
L260022,W01,93.77542652,93.68906609851082,grouped_oof_cv
L260022,W02,88.94963237,89.65750763804685,grouped_oof_cv
L260022,W03,93.25232675,93.0422949654266,grouped_oof_cv
L260022,W04,92.42430345,92.5463726504512,grouped_oof_cv
L260022,W05,94.41144112,94.39031713520804,grouped_oof_cv
L260022,W06,94.73399859,94.59497491083228,grouped_oof_cv
L260022,W07,82.14342398,82.25802377571175,grouped_oof_cv
L260022,W08,93.56385561,93.51168137161716,grouped_oof_cv
L260022,W09,92.3350826,92.38242666577077,grouped_oof_cv
L260022,W10,94.90737006,94.86540383180194,grouped_oof_cv
L260022,W11,94.04281585,94.02430655725482,grouped_oof_cv
L260022,W12,92.8570132,92.55870139087844,grouped_oof_cv
L260022,W13,94.20828215,94.33317447236756,grouped_oof_cv
L260022,W14,95.33556544,94.67312183561046,grouped_oof_cv
L260022,W15,94.18434891,93.44073782503008,grouped_oof_cv
L260028,W01,90.85585384,90.81603143642737,grouped_oof_cv
L260028,W02,95.75088829,95.52605613338416,grouped_oof_cv
L260028,W03,93.49344169,93.29072054011574,grouped_oof_cv
L260028,W04,93.94979039,93.4612164784916,grouped_oof_cv
L260028,W05,92.43067955,92.42086241305456,grouped_oof_cv
L260028,W06,91.73633423,91.96009123174458,grouped_oof_cv
L260028,W07,94.45936253,94.49666973835404,grouped_oof_cv
L260028,W08,85.55957719,85.33171147350424,grouped_oof_cv
L260028,W09,95.15211495,95.10302657846732,grouped_oof_cv
L260028,W10,88.61470143,88.41362543558424,grouped_oof_cv
L260028,W11,92.00937097,92.29800223564672,grouped_oof_cv
L260028,W12,92.67721692,92.88570943441503,grouped_oof_cv
L260028,W13,90.76984889,91.32515966105888,grouped_oof_cv
L260028,W14,92.046741,92.18170156890126,grouped_oof_cv
L260028,W15,90.04546597,90.65073696671008,grouped_oof_cv
L260036,W01,90.85585384,90.62982954413916,grouped_oof_cv
L260036,W02,95.75088829,95.38679805287887,grouped_oof_cv
L260036,W03,93.49344169,93.3494913183744,grouped_oof_cv
L260036,W04,93.94979039,93.8669400622584,grouped_oof_cv
L260036,W05,92.43067955,92.25063302761598,grouped_oof_cv
L260036,W06,91.73633423,91.74675335506574,grouped_oof_cv
L260036,W07,94.45936253,94.23456695085912,grouped_oof_cv
L260036,W08,85.55957719,85.58769133527282,grouped_oof_cv
L260036,W09,95.15211495,94.983376733073,grouped_oof_cv
L260036,W10,88.61470143,88.8353613608163,grouped_oof_cv
L260036,W11,92.00937097,92.05755941156823,grouped_oof_cv
L260036,W12,92.67721692,92.37348539694644,grouped_oof_cv
L260036,W13,90.76984889,90.88978624861412,grouped_oof_cv
L260036,W14,92.046741,92.00292549845985,grouped_oof_cv
L260036,W15,90.04546597,90.16984053232272,grouped_oof_cv
L260042,W01,94.63155467,94.5545609926494,grouped_oof_cv
L260042,W02,92.07341818,91.95213109800513,grouped_oof_cv
L260042,W03,89.6811307,91.14232999991724,grouped_oof_cv
L260042,W04,92.15969466,91.36086575966246,grouped_oof_cv
L260042,W05,92.87866361,92.74491264066832,grouped_oof_cv
L260042,W06,87.6173113,88.03410966671544,grouped_oof_cv
L260042,W07,92.50974545,92.82135249240544,grouped_oof_cv
L260042,W08,93.69692158,93.8559665044268,grouped_oof_cv
L260042,W09,90.77735322,90.7814624430211,grouped_oof_cv
L260042,W10,92.97310415,93.03840059101388,grouped_oof_cv
L260042,W11,87.03589433,87.05821801819961,grouped_oof_cv
L260042,W12,94.54703115,94.74319054336652,grouped_oof_cv
L260042,W13,90.58299387,90.43598365148117,grouped_oof_cv
L260042,W14,91.85420023,91.95481140140936,grouped_oof_cv
L260042,W15,92.78379356,92.54578483293255,grouped_oof_cv
L260049,W01,88.95238128,89.9588995671705,grouped_oof_cv
L260049,W02,90.3817846,90.57973772863537,grouped_oof_cv
L260049,W03,89.15220845,89.31194138545833,grouped_oof_cv
L260049,W04,92.55932354,92.38616298123044,grouped_oof_cv
L260049,W05,90.83175666,91.3690148713178,grouped_oof_cv
L260049,W06,93.23212356,93.16575681451774,grouped_oof_cv
L260049,W07,92.92992879,92.87795828446578,grouped_oof_cv
L260049,W08,88.46277113,88.41964054759053,grouped_oof_cv
L260049,W09,90.89544968,91.0181268007708,grouped_oof_cv
L260049,W10,86.48996933,86.32185712194872,grouped_oof_cv
L260049,W11,94.36156574,94.08906913065935,grouped_oof_cv
L260049,W12,91.37396849,91.708132489175,grouped_oof_cv
L260049,W13,93.22552431,93.21685474445668,grouped_oof_cv
L260049,W14,94.22103329,94.19684777888163,grouped_oof_cv
L260049,W15,89.69532164,89.96308396690785,grouped_oof_cv
L260055,W01,92.87623608,92.35099185959668,grouped_oof_cv
L260055,W02,90.20866974,90.51872263240088,grouped_oof_cv
L260055,W03,91.61854421,92.13288804695324,grouped_oof_cv
L260055,W04,94.53161223,94.56733910830532,grouped_oof_cv
L260055,W05,94.26849718,94.3511280846325,grouped_oof_cv
L260055,W06,90.9939596,90.57017284241805,grouped_oof_cv
L260055,W07,93.18486685,93.19001262042416,grouped_oof_cv
L260055,W08,91.84363366,91.9655460605162,grouped_oof_cv
L260055,W09,88.82018235,88.74065538666409,grouped_oof_cv
L260055,W10,90.06774965,89.62344040949155,grouped_oof_cv
L260055,W11,88.53319248,88.835590771708,grouped_oof_cv
L260055,W12,92.11567853,91.55242724410093,grouped_oof_cv
L260055,W13,91.26767802,91.71896834780304,grouped_oof_cv
L260055,W14,92.28991155,92.54648341374802,grouped_oof_cv
L260055,W15,92.93633882,91.46121781790568,grouped_oof_cv
L260060,W01,90.85585384,90.90139636925278,grouped_oof_cv
L260060,W02,95.75088829,94.90424570452554,grouped_oof_cv
L260060,W03,93.49344169,93.50160007135996,grouped_oof_cv
L260060,W04,93.94979039,93.7469488749472,grouped_oof_cv
L260060,W05,92.43067955,91.94266052849144,grouped_oof_cv
L260060,W06,91.73633423,91.87614831944832,grouped_oof_cv
L260060,W07,94.45936253,94.45094701258556,grouped_oof_cv
L260060,W08,85.55957719,85.63954760540608,grouped_oof_cv
L260060,W09,95.15211495,95.1965173458334,grouped_oof_cv
L260060,W10,88.61470143,88.45816638280502,grouped_oof_cv
L260060,W11,92.00937097,91.34289401718752,grouped_oof_cv
L260060,W12,92.67721692,92.717571639148,grouped_oof_cv
L260060,W13,90.76984889,90.51671521995384,grouped_oof_cv
L260060,W14,92.046741,91.93860489155428,grouped_oof_cv
L260060,W15,90.04546597,90.49500313567432,grouped_oof_cv
L260065,W01,88.95238128,90.07759489878217,grouped_oof_cv
L260065,W02,90.3817846,90.51175159934049,grouped_oof_cv
L260065,W03,89.15220845,89.45369418147315,grouped_oof_cv
L260065,W04,92.55932354,92.5991022472122,grouped_oof_cv
L260065,W05,90.83175666,91.17719341414384,grouped_oof_cv
L260065,W06,93.23212356,93.41063573225946,grouped_oof_cv
L260065,W07,92.92992879,93.12711408794904,grouped_oof_cv
L260065,W08,88.46277113,88.64486042871283,grouped_oof_cv
L260065,W09,90.89544968,90.69080863819336,grouped_oof_cv
L260065,W10,86.48996933,86.64212805255593,grouped_oof_cv
L260065,W11,94.36156574,93.99224294803842,grouped_oof_cv
L260065,W12,91.37396849,91.372985349521,grouped_oof_cv
L260065,W13,93.22552431,93.06217346350849,grouped_oof_cv
L260065,W14,94.22103329,93.64138166188616,grouped_oof_cv
L260065,W15,89.69532164,89.85857988154424,grouped_oof_cv
L260070,W01,93.77542652,93.70586639492976,grouped_oof_cv
L260070,W02,88.94963237,89.32762284082614,grouped_oof_cv
L260070,W03,93.25232675,93.42569284889902,grouped_oof_cv
L260070,W04,92.42430345,92.61619000313928,grouped_oof_cv
L260070,W05,94.41144112,94.3614864043578,grouped_oof_cv
L260070,W06,94.73399859,93.71938278580302,grouped_oof_cv
L260070,W07,82.14342398,82.64728347872175,grouped_oof_cv
L260070,W08,93.56385561,93.6384015939459,grouped_oof_cv
L260070,W09,92.3350826,92.3327727970166,grouped_oof_cv
L260070,W10,94.90737006,94.1247664731276,grouped_oof_cv
L260070,W11,94.04281585,94.01743438998186,grouped_oof_cv
L260070,W12,92.8570132,92.49483441231098,grouped_oof_cv
L260070,W13,94.20828215,94.29251210604934,grouped_oof_cv
L260070,W14,95.33556544,95.15415804883374,grouped_oof_cv
L260070,W15,94.18434891,93.76402834609102,grouped_oof_cv
L260079,W01,92.87623608,92.36092353268944,grouped_oof_cv
L260079,W02,90.20866974,90.45958238627816,grouped_oof_cv
L260079,W03,91.61854421,91.90279733285196,grouped_oof_cv
L260079,W04,94.53161223,94.31175465998578,grouped_oof_cv
L260079,W05,94.26849718,94.29653434314602,grouped_oof_cv
L260079,W06,90.9939596,90.94050693273272,grouped_oof_cv
L260079,W07,93.18486685,93.03628067123138,grouped_oof_cv
L260079,W08,91.84363366,91.43670779306298,grouped_oof_cv
L260079,W09,88.82018235,88.99036300782493,grouped_oof_cv
L260079,W10,90.06774965,90.16208892735791,grouped_oof_cv
L260079,W11,88.53319248,88.73698418115357,grouped_oof_cv
L260079,W12,92.11567853,91.6074408838494,grouped_oof_cv
L260079,W13,91.26767802,91.19872690619114,grouped_oof_cv
L260079,W14,92.28991155,92.329685734094,grouped_oof_cv
L260079,W15,92.93633882,91.6095957459605,grouped_oof_cv
L260086,W01,93.77542652,93.64773283536968,grouped_oof_cv
L260086,W02,88.94963237,89.41490087895662,grouped_oof_cv
L260086,W03,93.25232675,93.20051860438136,grouped_oof_cv
L260086,W04,92.42430345,92.56952066097288,grouped_oof_cv
L260086,W05,94.41144112,93.97983829498162,grouped_oof_cv
L260086,W06,94.73399859,94.41997108310755,grouped_oof_cv
L260086,W07,82.14342398,82.70735815060347,grouped_oof_cv
L260086,W08,93.56385561,93.5024863198688,grouped_oof_cv
L260086,W09,92.3350826,92.39969118735516,grouped_oof_cv
L260086,W10,94.90737006,94.6370824642852,grouped_oof_cv
L260086,W11,94.04281585,93.7892322592322,grouped_oof_cv
L260086,W12,92.8570132,92.9302467185088,grouped_oof_cv
L260086,W13,94.20828215,94.267034923587,grouped_oof_cv
L260086,W14,95.33556544,94.982619260538,grouped_oof_cv
L260086,W15,94.18434891,94.01435122608837,grouped_oof_cv
L260092,W01,90.85585384,90.74337398247364,grouped_oof_cv
L260092,W02,95.75088829,95.65526546051392,grouped_oof_cv
L260092,W03,93.49344169,93.21113065000291,grouped_oof_cv
L260092,W04,93.94979039,93.71643375244552,grouped_oof_cv
L260092,W05,92.43067955,92.29438462044632,grouped_oof_cv
L260092,W06,91.73633423,91.91476086016333,grouped_oof_cv
L260092,W07,94.45936253,94.51785276081888,grouped_oof_cv
L260092,W08,85.55957719,85.79848040506864,grouped_oof_cv
L260092,W09,95.15211495,94.71795365193016,grouped_oof_cv
L260092,W10,88.61470143,89.00390063141131,grouped_oof_cv
L260092,W11,92.00937097,92.317365284919,grouped_oof_cv
L260092,W12,92.67721692,92.89999864490066,grouped_oof_cv
L260092,W13,90.76984889,90.50358193756662,grouped_oof_cv
L260092,W14,92.046741,92.16744322654206,grouped_oof_cv
L260092,W15,90.04546597,90.2476386703439,grouped_oof_cv
L260097,W01,88.95238128,89.98397225730537,grouped_oof_cv
L260097,W02,90.3817846,90.48458526370902,grouped_oof_cv
L260097,W03,89.15220845,89.32483806744631,grouped_oof_cv
L260097,W04,92.55932354,92.34195280103305,grouped_oof_cv
L260097,W05,90.83175666,91.06089059460128,grouped_oof_cv
L260097,W06,93.23212356,93.23952302613468,grouped_oof_cv
L260097,W07,92.92992879,92.66847524860604,grouped_oof_cv
L260097,W08,88.46277113,88.20680364188453,grouped_oof_cv
L260097,W09,90.89544968,91.39763743985552,grouped_oof_cv
L260097,W10,86.48996933,87.8561663357046,grouped_oof_cv
L260097,W11,94.36156574,93.99560271627053,grouped_oof_cv
L260097,W12,91.37396849,91.7491494970237,grouped_oof_cv
L260097,W13,93.22552431,93.14284525823422,grouped_oof_cv
L260097,W14,94.22103329,93.86480748698573,grouped_oof_cv
L260097,W15,89.69532164,89.83761940686948,grouped_oof_cv
L260002,W01,94.63155467,94.56285239191423,grouped_oof_cv
L260002,W02,92.07341818,91.84707827631402,grouped_oof_cv
L260002,W03,89.6811307,90.09186006961332,grouped_oof_cv
L260002,W04,92.15969466,92.27884738659208,grouped_oof_cv
L260002,W05,92.87866361,92.69567258444752,grouped_oof_cv
L260002,W06,87.6173113,87.63745469788992,grouped_oof_cv
L260002,W07,92.50974545,92.42010679359552,grouped_oof_cv
L260002,W08,93.69692158,93.88794149351835,grouped_oof_cv
L260002,W09,90.77735322,90.77680942975188,grouped_oof_cv
L260002,W10,92.97310415,92.95949478415947,grouped_oof_cv
L260002,W11,87.03589433,87.04802260166079,grouped_oof_cv
L260002,W12,94.54703115,94.21321277346516,grouped_oof_cv
L260002,W13,90.58299387,90.55392444988895,grouped_oof_cv
L260002,W14,91.85420023,91.40638713015092,grouped_oof_cv
L260002,W15,92.78379356,92.69713603045916,grouped_oof_cv
L260008,W01,89.75497617,90.3907411397347,grouped_oof_cv
L260008,W02,91.02894618,90.93209103277506,grouped_oof_cv
L260008,W03,92.06874187,92.1002569255978,grouped_oof_cv
L260008,W04,93.36808638,93.31529929616504,grouped_oof_cv
L260008,W05,92.21715746,91.99082794786048,grouped_oof_cv
L260008,W06,92.84598842,92.90000128842031,grouped_oof_cv
L260008,W07,89.43455109,89.49369590556591,grouped_oof_cv
L260008,W08,89.91655774,90.43210729662742,grouped_oof_cv
L260008,W09,93.25331077,93.3699768491597,grouped_oof_cv
L260008,W10,90.604361,91.00257325766373,grouped_oof_cv
L260008,W11,92.60486528,92.805937042113,grouped_oof_cv
L260008,W12,95.07482227,94.85809475535126,grouped_oof_cv
L260008,W13,91.59937296,91.77216619793316,grouped_oof_cv
L260008,W14,90.10430765,90.29117324834726,grouped_oof_cv
L260008,W15,92.6809101,92.3911920227888,grouped_oof_cv
L260015,W01,92.87623608,92.83671770598086,grouped_oof_cv
L260015,W02,90.20866974,90.41274847934504,grouped_oof_cv
L260015,W03,91.61854421,92.05870612700863,grouped_oof_cv
L260015,W04,94.53161223,94.25722144393347,grouped_oof_cv
L260015,W05,94.26849718,94.2515868725595,grouped_oof_cv
L260015,W06,90.9939596,90.74677335670006,grouped_oof_cv
L260015,W07,93.18486685,93.00455560420862,grouped_oof_cv
L260015,W08,91.84363366,92.34898461744068,grouped_oof_cv
L260015,W09,88.82018235,88.92813342050849,grouped_oof_cv
L260015,W10,90.06774965,90.30693598102646,grouped_oof_cv
L260015,W11,88.53319248,88.48041676525779,grouped_oof_cv
L260015,W12,92.11567853,92.29971874267376,grouped_oof_cv
L260015,W13,91.26767802,91.05458884888704,grouped_oof_cv
L260015,W14,92.28991155,92.71349191444055,grouped_oof_cv
L260015,W15,92.93633882,93.1067385680543,grouped_oof_cv
L260021,W01,93.64584549,93.63090930509428,grouped_oof_cv
L260021,W02,92.7064931,92.6368023231038,grouped_oof_cv
L260021,W03,93.30464052,93.26933404825934,grouped_oof_cv
L260021,W04,90.62093271,91.00391431919634,grouped_oof_cv
L260021,W05,87.99575786,88.50960242185796,grouped_oof_cv
L260021,W06,93.16313395,93.04096818718652,grouped_oof_cv
L260021,W07,90.33252665,90.6477375646051,grouped_oof_cv
L260021,W08,94.91936595,94.83103041996532,grouped_oof_cv
L260021,W09,95.00202958,94.88039651055676,grouped_oof_cv
L260021,W10,94.32104118,94.26836789540964,grouped_oof_cv
L260021,W11,92.22630908,92.54838530861326,grouped_oof_cv
L260021,W12,94.80321012,94.4699403544034,grouped_oof_cv
L260021,W13,92.25265087,92.58296156799048,grouped_oof_cv
L260021,W14,93.54579494,93.34685817449284,grouped_oof_cv
L260021,W15,91.19849548,91.50614172571991,grouped_oof_cv
L260027,W01,92.31760161,91.69840266263006,grouped_oof_cv
L260027,W02,87.48030521,87.92075519776299,grouped_oof_cv
L260027,W03,91.33019761,91.16972509090482,grouped_oof_cv
L260027,W04,92.52713931,92.45806924228134,grouped_oof_cv
L260027,W05,94.55253566,94.03316736446826,grouped_oof_cv
L260027,W06,92.40772941,92.57534357614878,grouped_oof_cv
L260027,W07,94.07618231,93.85810425104852,grouped_oof_cv
L260027,W08,93.0780781,92.98545737974102,grouped_oof_cv
L260027,W09,90.06417057,90.45332450107828,grouped_oof_cv
L260027,W10,93.84861746,93.7166254865583,grouped_oof_cv
L260027,W11,91.59450402,91.87677517112684,grouped_oof_cv
L260027,W12,92.44937564,92.5508358601903,grouped_oof_cv
L260027,W13,94.61562642,94.46416288383,grouped_oof_cv
L260027,W14,93.08444301,93.07986971757234,grouped_oof_cv
L260027,W15,94.73107111,94.8896426493664,grouped_oof_cv
L260035,W01,92.31760161,92.50741597191652,grouped_oof_cv
L260035,W02,87.48030521,87.9458891728908,grouped_oof_cv
L260035,W03,91.33019761,91.66349920580514,grouped_oof_cv
L260035,W04,92.52713931,92.41544758774722,grouped_oof_cv
L260035,W05,94.55253566,93.67795279352588,grouped_oof_cv
L260035,W06,92.40772941,92.48079639058145,grouped_oof_cv
L260035,W07,94.07618231,93.7781606561279,grouped_oof_cv
L260035,W08,93.0780781,92.86285289960388,grouped_oof_cv
L260035,W09,90.06417057,90.72616160141663,grouped_oof_cv
L260035,W10,93.84861746,93.59836791264902,grouped_oof_cv
L260035,W11,91.59450402,91.5864672306154,grouped_oof_cv
L260035,W12,92.44937564,91.98669930177851,grouped_oof_cv
L260035,W13,94.61562642,94.20944541055876,grouped_oof_cv
L260035,W14,93.08444301,93.02995670612418,grouped_oof_cv
L260035,W15,94.73107111,94.43608617056792,grouped_oof_cv
L260041,W01,88.95238128,89.46863879839688,grouped_oof_cv
L260041,W02,90.3817846,90.60430076294077,grouped_oof_cv
L260041,W03,89.15220845,89.47244621133034,grouped_oof_cv
L260041,W04,92.55932354,92.36830350257236,grouped_oof_cv
L260041,W05,90.83175666,90.80009482048445,grouped_oof_cv
L260041,W06,93.23212356,93.12165659256404,grouped_oof_cv
L260041,W07,92.92992879,92.9080741191704,grouped_oof_cv
L260041,W08,88.46277113,88.34210440533812,grouped_oof_cv
L260041,W09,90.89544968,91.0695904779936,grouped_oof_cv
L260041,W10,86.48996933,86.5572057920541,grouped_oof_cv
L260041,W11,94.36156574,94.42010588405132,grouped_oof_cv
L260041,W12,91.37396849,91.5485628316786,grouped_oof_cv
L260041,W13,93.22552431,93.09438086185678,grouped_oof_cv
L260041,W14,94.22103329,94.25787964497012,grouped_oof_cv
L260041,W15,89.69532164,89.71693418932769,grouped_oof_cv
L260048,W01,89.75497617,89.8815400008917,grouped_oof_cv
L260048,W02,91.02894618,90.95738204991494,grouped_oof_cv
L260048,W03,92.06874187,92.04007926061873,grouped_oof_cv
L260048,W04,93.36808638,93.42805599468262,grouped_oof_cv
L260048,W05,92.21715746,92.50855280133568,grouped_oof_cv
L260048,W06,92.84598842,92.7320678397028,grouped_oof_cv
L260048,W07,89.43455109,89.31766706987808,grouped_oof_cv
L260048,W08,89.91655774,89.82875189215014,grouped_oof_cv
L260048,W09,93.25331077,92.70559636178596,grouped_oof_cv
L260048,W10,90.604361,91.90433866716816,grouped_oof_cv
L260048,W11,92.60486528,92.59588762535624,grouped_oof_cv
L260048,W12,95.07482227,94.8978305880321,grouped_oof_cv
L260048,W13,91.59937296,91.66560214888229,grouped_oof_cv
L260048,W14,90.10430765,90.03393982705764,grouped_oof_cv
L260048,W15,92.6809101,92.19600935742464,grouped_oof_cv
L260053,W01,93.64584549,93.62497755795708,grouped_oof_cv
L260053,W02,92.7064931,92.753455973335,grouped_oof_cv
L260053,W03,93.30464052,93.09818264196268,grouped_oof_cv
L260053,W04,90.62093271,90.96816675148582,grouped_oof_cv
L260053,W05,87.99575786,89.41655284307338,grouped_oof_cv
L260053,W06,93.16313395,93.16957722267831,grouped_oof_cv
L260053,W07,90.33252665,90.75319782261292,grouped_oof_cv
L260053,W08,94.91936595,94.66805173773366,grouped_oof_cv
L260053,W09,95.00202958,94.55343057885824,grouped_oof_cv
L260053,W10,94.32104118,94.40720153445876,grouped_oof_cv
L260053,W11,92.22630908,92.44788442990416,grouped_oof_cv
L260053,W12,94.80321012,94.44776837739904,grouped_oof_cv
L260053,W13,92.25265087,92.72190495360896,grouped_oof_cv
L260053,W14,93.54579494,93.14314504903372,grouped_oof_cv
L260053,W15,91.19849548,91.3724686178658,grouped_oof_cv
L260059,W01,92.31760161,92.47528934925715,grouped_oof_cv
L260059,W02,87.48030521,88.3992689474446,grouped_oof_cv
L260059,W03,91.33019761,91.33628110195328,grouped_oof_cv
L260059,W04,92.52713931,92.03321792364058,grouped_oof_cv
L260059,W05,94.55253566,94.0045854533083,grouped_oof_cv
L260059,W06,92.40772941,92.45867428782628,grouped_oof_cv
L260059,W07,94.07618231,94.03444296765792,grouped_oof_cv
L260059,W08,93.0780781,92.77684218883208,grouped_oof_cv
L260059,W09,90.06417057,90.60394617759236,grouped_oof_cv
L260059,W10,93.84861746,93.93391948048526,grouped_oof_cv
L260059,W11,91.59450402,91.47858629335458,grouped_oof_cv
L260059,W12,92.44937564,92.37486693531164,grouped_oof_cv
L260059,W13,94.61562642,94.39187219548953,grouped_oof_cv
L260059,W14,93.08444301,93.026059535279,grouped_oof_cv
L260059,W15,94.73107111,94.73538823160118,grouped_oof_cv
L260064,W01,89.75497617,90.07805840972564,grouped_oof_cv
L260064,W02,91.02894618,90.88438744444096,grouped_oof_cv
L260064,W03,92.06874187,92.06833742113334,grouped_oof_cv
L260064,W04,93.36808638,92.96234574500886,grouped_oof_cv
L260064,W05,92.21715746,92.41353645088624,grouped_oof_cv
L260064,W06,92.84598842,91.4239812847726,grouped_oof_cv
L260064,W07,89.43455109,89.75318151983494,grouped_oof_cv
L260064,W08,89.91655774,89.65206345388717,grouped_oof_cv
L260064,W09,93.25331077,93.25100097646248,grouped_oof_cv
L260064,W10,90.604361,90.75523979363236,grouped_oof_cv
L260064,W11,92.60486528,92.28770118381092,grouped_oof_cv
L260064,W12,95.07482227,94.56210102780864,grouped_oof_cv
L260064,W13,91.59937296,91.6909649562245,grouped_oof_cv
L260064,W14,90.10430765,90.20979474408772,grouped_oof_cv
L260064,W15,92.6809101,92.6740010158417,grouped_oof_cv
L260069,W01,93.64584549,93.78607748616758,grouped_oof_cv
L260069,W02,92.7064931,92.66273301339729,grouped_oof_cv
L260069,W03,93.30464052,93.04313557570968,grouped_oof_cv
L260069,W04,90.62093271,90.8241195205979,grouped_oof_cv
L260069,W05,87.99575786,88.85363030272853,grouped_oof_cv
L260069,W06,93.16313395,93.2691004164761,grouped_oof_cv
L260069,W07,90.33252665,90.53705545951908,grouped_oof_cv
L260069,W08,94.91936595,94.8951288451726,grouped_oof_cv
L260069,W09,95.00202958,94.68584720237322,grouped_oof_cv
L260069,W10,94.32104118,94.31944762998872,grouped_oof_cv
L260069,W11,92.22630908,92.63203885672442,grouped_oof_cv
L260069,W12,94.80321012,94.55556976911856,grouped_oof_cv
L260069,W13,92.25265087,92.46052735515242,grouped_oof_cv
L260069,W14,93.54579494,93.13033329693884,grouped_oof_cv
L260069,W15,91.19849548,91.20595134164974,grouped_oof_cv
L260076,W01,90.85585384,90.89707906393627,grouped_oof_cv
L260076,W02,95.75088829,95.80846667968552,grouped_oof_cv
L260076,W03,93.49344169,93.26718856787956,grouped_oof_cv
L260076,W04,93.94979039,93.75694501165874,grouped_oof_cv
L260076,W05,92.43067955,92.3374411251657,grouped_oof_cv
L260076,W06,91.73633423,91.8621561817608,grouped_oof_cv
L260076,W07,94.45936253,94.46030839815752,grouped_oof_cv
L260076,W08,85.55957719,85.51762604387618,grouped_oof_cv
L260076,W09,95.15211495,94.555065626654,grouped_oof_cv
L260076,W10,88.61470143,89.71773456371803,grouped_oof_cv
L260076,W11,92.00937097,91.57246105609758,grouped_oof_cv
L260076,W12,92.67721692,92.67377131497447,grouped_oof_cv
L260076,W13,90.76984889,91.37892763578635,grouped_oof_cv
L260076,W14,92.046741,91.93594454273924,grouped_oof_cv
L260076,W15,90.04546597,90.22165516942124,grouped_oof_cv
L260085,W01,93.64584549,93.37316594458498,grouped_oof_cv
L260085,W02,92.7064931,92.62833116122144,grouped_oof_cv
L260085,W03,93.30464052,93.18958844815964,grouped_oof_cv
L260085,W04,90.62093271,91.13746236796824,grouped_oof_cv
L260085,W05,87.99575786,88.6617222170353,grouped_oof_cv
L260085,W06,93.16313395,93.01759567423773,grouped_oof_cv
L260085,W07,90.33252665,90.6091588289026,grouped_oof_cv
L260085,W08,94.91936595,94.73345974081664,grouped_oof_cv
L260085,W09,95.00202958,94.0777607265156,grouped_oof_cv
L260085,W10,94.32104118,94.28073691449836,grouped_oof_cv
L260085,W11,92.22630908,92.58982058427554,grouped_oof_cv
L260085,W12,94.80321012,94.46769995406916,grouped_oof_cv
L260085,W13,92.25265087,92.65443106189892,grouped_oof_cv
L260085,W14,93.54579494,93.4294219236738,grouped_oof_cv
L260085,W15,91.19849548,91.22733504676802,grouped_oof_cv
L260090,W01,94.63155467,94.40552396625652,grouped_oof_cv
L260090,W02,92.07341818,92.16969552910024,grouped_oof_cv
L260090,W03,89.6811307,89.56173113970493,grouped_oof_cv
L260090,W04,92.15969466,91.91634346407808,grouped_oof_cv
L260090,W05,92.87866361,92.84698081757904,grouped_oof_cv
L260090,W06,87.6173113,87.37724171376199,grouped_oof_cv
L260090,W07,92.50974545,92.561343769808,grouped_oof_cv
L260090,W08,93.69692158,93.66551511858968,grouped_oof_cv
L260090,W09,90.77735322,90.81002142561591,grouped_oof_cv
L260090,W10,92.97310415,92.90909200624952,grouped_oof_cv
L260090,W11,87.03589433,86.9008092319799,grouped_oof_cv
L260090,W12,94.54703115,93.12247648320805,grouped_oof_cv
L260090,W13,90.58299387,90.59711791557636,grouped_oof_cv
L260090,W14,91.85420023,92.18667271812431,grouped_oof_cv
L260090,W15,92.78379356,92.86757765407654,grouped_oof_cv
L260096,W01,89.75497617,89.61413287421558,grouped_oof_cv
L260096,W02,91.02894618,90.89759858589365,grouped_oof_cv
L260096,W03,92.06874187,91.93648819571789,grouped_oof_cv
L260096,W04,93.36808638,93.41830790314977,grouped_oof_cv
L260096,W05,92.21715746,92.1644223892378,grouped_oof_cv
L260096,W06,92.84598842,92.58598254254365,grouped_oof_cv
L260096,W07,89.43455109,89.65027330830108,grouped_oof_cv
L260096,W08,89.91655774,90.67552150129282,grouped_oof_cv
L260096,W09,93.25331077,93.25104727560372,grouped_oof_cv
L260096,W10,90.604361,90.92122777883452,grouped_oof_cv
L260096,W11,92.60486528,92.7747938270818,grouped_oof_cv
L260096,W12,95.07482227,94.92490078013245,grouped_oof_cv
L260096,W13,91.59937296,91.33318259466633,grouped_oof_cv
L260096,W14,90.10430765,90.46797731813464,grouped_oof_cv
L260096,W15,92.6809101,92.99090136061498,grouped_oof_cv
L260001,W01,88.95238128,88.87253916117973,holdout
L260001,W02,90.3817846,90.45620351576147,holdout
L260001,W03,89.15220845,89.238314586739,holdout
L260001,W04,92.55932354,92.84666049718184,holdout
L260001,W05,90.83175666,90.76236733465576,holdout
L260001,W06,93.23212356,92.89022278233884,holdout
L260001,W07,92.92992879,92.9372135865894,holdout
L260001,W08,88.46277113,88.43788682553011,holdout
L260001,W09,90.89544968,90.96679415006751,holdout
L260001,W10,86.48996933,86.43333111150692,holdout
L260001,W11,94.36156574,94.213209946309,holdout
L260001,W12,91.37396849,91.45625718480854,holdout
L260001,W13,93.22552431,93.23514583665089,holdout
L260001,W14,94.22103329,94.08721993159556,holdout
L260001,W15,89.69532164,89.39829376120545,holdout
L260005,W01,93.64584549,93.6234619674251,holdout
L260005,W02,92.7064931,92.4345171875687,holdout
L260005,W03,93.30464052,93.30996810088256,holdout
L260005,W04,90.62093271,91.84458926722388,holdout
L260005,W05,87.99575786,88.73093657787781,holdout
L260005,W06,93.16313395,92.93359831803495,holdout
L260005,W07,90.33252665,90.4002211292233,holdout
L260005,W08,94.91936595,94.59169548188278,holdout
L260005,W09,95.00202958,94.95753351387096,holdout
L260005,W10,94.32104118,94.27464828181604,holdout
L260005,W11,92.22630908,92.43216786768792,holdout
L260005,W12,94.80321012,94.46109140818156,holdout
L260005,W13,92.25265087,92.65370776638548,holdout
L260005,W14,93.54579494,93.21978461733076,holdout
L260005,W15,91.19849548,91.82250364080248,holdout
L260011,W01,92.31760161,91.60054484343048,holdout
L260011,W02,87.48030521,87.92509319356539,holdout
L260011,W03,91.33019761,91.17924391820507,holdout
L260011,W04,92.52713931,92.76399989954308,holdout
L260011,W05,94.55253566,94.1463951303248,holdout
L260011,W06,92.40772941,92.53858270530264,holdout
L260011,W07,94.07618231,94.03625509999604,holdout
L260011,W08,93.0780781,93.0261158734543,holdout
L260011,W09,90.06417057,89.80315966482057,holdout
L260011,W10,93.84861746,93.71551886436,holdout
L260011,W11,91.59450402,91.36424797518536,holdout
L260011,W12,92.44937564,92.51141803083064,holdout
L260011,W13,94.61562642,94.6364762843997,holdout
L260011,W14,93.08444301,93.21550167308068,holdout
L260011,W15,94.73107111,94.48396458320744,holdout
L260013,W01,93.64584549,93.66699854084608,holdout
L260013,W02,92.7064931,92.54565126451293,holdout
L260013,W03,93.30464052,93.29496076420844,holdout
L260013,W04,90.62093271,90.778518627205,holdout
L260013,W05,87.99575786,88.64705445561053,holdout
L260013,W06,93.16313395,93.08462320927774,holdout
L260013,W07,90.33252665,90.0175999172471,holdout
L260013,W08,94.91936595,94.91590086561028,holdout
L260013,W09,95.00202958,95.03094867317614,holdout
L260013,W10,94.32104118,94.21967490101773,holdout
L260013,W11,92.22630908,92.735484320271,holdout
L260013,W12,94.80321012,94.68476269962768,holdout
L260013,W13,92.25265087,92.6248355102897,holdout
L260013,W14,93.54579494,92.87940769297046,holdout
L260013,W15,91.19849548,91.8847274673487,holdout
L260019,W01,92.31760161,92.15878870471064,holdout
L260019,W02,87.48030521,87.38976582753557,holdout
L260019,W03,91.33019761,91.3025844810131,holdout
L260019,W04,92.52713931,92.43915053352003,holdout
L260019,W05,94.55253566,94.28420926082832,holdout
L260019,W06,92.40772941,92.43013425996376,holdout
L260019,W07,94.07618231,93.94180994441832,holdout
L260019,W08,93.0780781,92.99973238318316,holdout
L260019,W09,90.06417057,90.19402291021017,holdout
L260019,W10,93.84861746,93.88839085076496,holdout
L260019,W11,91.59450402,91.64920471694974,holdout
L260019,W12,92.44937564,92.52290025045608,holdout
L260019,W13,94.61562642,94.4397429983886,holdout
L260019,W14,93.08444301,93.0854388070931,holdout
L260019,W15,94.73107111,94.77968634259692,holdout
L260023,W01,92.87623608,92.93072464085162,holdout
L260023,W02,90.20866974,90.01651169687732,holdout
L260023,W03,91.61854421,91.527004454927,holdout
L260023,W04,94.53161223,94.52492634655488,holdout
L260023,W05,94.26849718,94.24365563158176,holdout
L260023,W06,90.9939596,90.75014460069154,holdout
L260023,W07,93.18486685,93.17060657610178,holdout
L260023,W08,91.84363366,92.05506123132024,holdout
L260023,W09,88.82018235,89.05509970841163,holdout
L260023,W10,90.06774965,89.97954683613405,holdout
L260023,W11,88.53319248,88.52026027638021,holdout
L260023,W12,92.11567853,92.0530272948535,holdout
L260023,W13,91.26767802,91.2067544612465,holdout
L260023,W14,92.28991155,92.3850667637705,holdout
L260023,W15,92.93633882,92.56643016762928,holdout
L260031,W01,92.87623608,92.91270477783183,holdout
L260031,W02,90.20866974,90.6355195807429,holdout
L260031,W03,91.61854421,91.87554054367452,holdout
L260031,W04,94.53161223,94.3294314376936,holdout
L260031,W05,94.26849718,93.91152079856032,holdout
L260031,W06,90.9939596,91.16128506530046,holdout
L260031,W07,93.18486685,93.27073642581703,holdout
L260031,W08,91.84363366,92.25863852646664,holdout
L260031,W09,88.82018235,88.84158122661646,holdout
L260031,W10,90.06774965,89.3263986721421,holdout
L260031,W11,88.53319248,88.67267259627734,holdout
L260031,W12,92.11567853,91.81115475061918,holdout
L260031,W13,91.26767802,91.21516502153636,holdout
L260031,W14,92.28991155,92.23909925659234,holdout
L260031,W15,92.93633882,92.76155038059316,holdout
L260032,W01,89.75497617,89.7704242162768,holdout
L260032,W02,91.02894618,91.06745474987038,holdout
L260032,W03,92.06874187,92.05771636337096,holdout
L260032,W04,93.36808638,93.11426543267496,holdout
L260032,W05,92.21715746,92.20211150674704,holdout
L260032,W06,92.84598842,92.75964056635723,holdout
L260032,W07,89.43455109,89.39689185482084,holdout
L260032,W08,89.91655774,89.80638769111764,holdout
L260032,W09,93.25331077,93.18359460411192,holdout
L260032,W10,90.604361,90.85755836813678,holdout
L260032,W11,92.60486528,92.70443669740972,holdout
L260032,W12,95.07482227,94.87156890981974,holdout
L260032,W13,91.59937296,91.54922829485804,holdout
L260032,W14,90.10430765,90.91941893141964,holdout
L260032,W15,92.6809101,92.8538263855346,holdout
L260034,W01,94.63155467,94.9321493079341,holdout
L260034,W02,92.07341818,92.15445093797112,holdout
L260034,W03,89.6811307,89.4302954459977,holdout
L260034,W04,92.15969466,91.62806631045191,holdout
L260034,W05,92.87866361,93.08380454090536,holdout
L260034,W06,87.6173113,87.71473149737335,holdout
L260034,W07,92.50974545,92.39042023353367,holdout
L260034,W08,93.69692158,93.78329715959109,holdout
L260034,W09,90.77735322,90.85590166287938,holdout
L260034,W10,92.97310415,93.23300988165796,holdout
L260034,W11,87.03589433,87.37836276108045,holdout
L260034,W12,94.54703115,94.11722470521302,holdout
L260034,W13,90.58299387,90.44017137415892,holdout
L260034,W14,91.85420023,91.67671450277312,holdout
L260034,W15,92.78379356,92.60436562906972,holdout
L260040,W01,89.75497617,89.93267514303889,holdout
L260040,W02,91.02894618,90.99102566607245,holdout
L260040,W03,92.06874187,91.91307981801504,holdout
L260040,W04,93.36808638,92.96383924843204,holdout
L260040,W05,92.21715746,92.35821805401088,holdout
L260040,W06,92.84598842,93.05004411608174,holdout
L260040,W07,89.43455109,89.54725312289395,holdout
L260040,W08,89.91655774,90.086013901616,holdout
L260040,W09,93.25331077,93.057079241113,holdout
L260040,W10,90.604361,90.85549444991052,holdout
L260040,W11,92.60486528,92.50619548411116,holdout
L260040,W12,95.07482227,95.05534045203012,holdout
L260040,W13,91.59937296,91.48429197168096,holdout
L260040,W14,90.10430765,90.19539940719072,holdout
L260040,W15,92.6809101,92.81172596800418,holdout
L260045,W01,93.64584549,93.3555297835028,holdout
L260045,W02,92.7064931,92.37381121219369,holdout
L260045,W03,93.30464052,93.37798420851098,holdout
L260045,W04,90.62093271,90.8798308924181,holdout
L260045,W05,87.99575786,88.64406625593504,holdout
L260045,W06,93.16313395,92.92452732280294,holdout
L260045,W07,90.33252665,90.45498631640176,holdout
L260045,W08,94.91936595,94.80450537658687,holdout
L260045,W09,95.00202958,95.002653242432,holdout
L260045,W10,94.32104118,94.09725003624165,holdout
L260045,W11,92.22630908,92.17033051891885,holdout
L260045,W12,94.80321012,94.50476316115396,holdout
L260045,W13,92.25265087,92.56550544323642,holdout
L260045,W14,93.54579494,93.27339862468492,holdout
L260045,W15,91.19849548,91.41028805984058,holdout
L260046,W01,93.77542652,93.77969309594494,holdout
L260046,W02,88.94963237,89.1816250205306,holdout
L260046,W03,93.25232675,93.46335352762948,holdout
L260046,W04,92.42430345,92.46251727219196,holdout
L260046,W05,94.41144112,94.36651826244582,holdout
L260046,W06,94.73399859,94.6195335949044,holdout
L260046,W07,82.14342398,82.12931091880476,holdout
L260046,W08,93.56385561,93.675532043679,holdout
L260046,W09,92.3350826,92.32494469249106,holdout
L260046,W10,94.90737006,94.97488572284314,holdout
L260046,W11,94.04281585,93.63079236777806,holdout
L260046,W12,92.8570132,92.61080980130264,holdout
L260046,W13,94.20828215,94.03178481371314,holdout
L260046,W14,95.33556544,95.12824271176866,holdout
L260046,W15,94.18434891,94.0617027165478,holdout
L260054,W01,93.77542652,93.78553010254328,holdout
L260054,W02,88.94963237,89.68887960418269,holdout
L260054,W03,93.25232675,92.187137109416,holdout
L260054,W04,92.42430345,92.1495626304065,holdout
L260054,W05,94.41144112,94.37649945930468,holdout
L260054,W06,94.73399859,94.57250742350467,holdout
L260054,W07,82.14342398,82.66164530308893,holdout
L260054,W08,93.56385561,93.20169730638509,holdout
L260054,W09,92.3350826,92.17956650371976,holdout
L260054,W10,94.90737006,94.1918283444336,holdout
L260054,W11,94.04281585,93.6301911087584,holdout
L260054,W12,92.8570132,92.74640837222724,holdout
L260054,W13,94.20828215,93.9525190492308,holdout
L260054,W14,95.33556544,95.182184812399,holdout
L260054,W15,94.18434891,94.23463982228049,holdout
L260071,W01,92.87623608,92.8515107831142,holdout
L260071,W02,90.20866974,90.15493667490618,holdout
L260071,W03,91.61854421,91.5403197339724,holdout
L260071,W04,94.53161223,94.55407183529672,holdout
L260071,W05,94.26849718,93.77148901271498,holdout
L260071,W06,90.9939596,91.19139302731284,holdout
L260071,W07,93.18486685,93.16153141198431,holdout
L260071,W08,91.84363366,91.9692184983338,holdout
L260071,W09,88.82018235,88.86110486759735,holdout
L260071,W10,90.06774965,90.04696803806895,holdout
L260071,W11,88.53319248,88.27363159605173,holdout
L260071,W12,92.11567853,92.29927859556749,holdout
L260071,W13,91.26767802,90.75100368640196,holdout
L260071,W14,92.28991155,92.162358872232,holdout
L260071,W15,92.93633882,90.3364819176036,holdout
L260074,W01,94.63155467,94.11383103457828,holdout
L260074,W02,92.07341818,92.21188486104842,holdout
L260074,W03,89.6811307,89.56179041998237,holdout
L260074,W04,92.15969466,91.57340759660823,holdout
L260074,W05,92.87866361,92.66856759879722,holdout
L260074,W06,87.6173113,87.61089779770745,holdout
L260074,W07,92.50974545,92.3844392626711,holdout
L260074,W08,93.69692158,93.82558019807244,holdout
L260074,W09,90.77735322,90.83513667705424,holdout
L260074,W10,92.97310415,93.04901902589884,holdout
L260074,W11,87.03589433,87.34099034031246,holdout
L260074,W12,94.54703115,93.3746554412048,holdout
L260074,W13,90.58299387,90.65460158852822,holdout
L260074,W14,91.85420023,92.08419410974392,holdout
L260074,W15,92.78379356,92.9157196734364,holdout
L260077,W01,93.64584549,93.32359023438111,holdout
L260077,W02,92.7064931,92.75670100396124,holdout
L260077,W03,93.30464052,93.33268704634185,holdout
L260077,W04,90.62093271,90.9471212287818,holdout
L260077,W05,87.99575786,89.09556606995788,holdout
L260077,W06,93.16313395,93.08445850118972,holdout
L260077,W07,90.33252665,90.32997915088244,holdout
L260077,W08,94.91936595,94.88160187318684,holdout
L260077,W09,95.00202958,95.03820375194805,holdout
L260077,W10,94.32104118,94.22083573419243,holdout
L260077,W11,92.22630908,92.25143186630744,holdout
L260077,W12,94.80321012,94.74385239311007,holdout
L260077,W13,92.25265087,92.68548282934304,holdout
L260077,W14,93.54579494,93.33256385378252,holdout
L260077,W15,91.19849548,91.40028043025752,holdout
L260078,W01,93.77542652,94.0508547664156,holdout
L260078,W02,88.94963237,89.02264134030055,holdout
L260078,W03,93.25232675,93.2682387936146,holdout
L260078,W04,92.42430345,92.4221815642136,holdout
L260078,W05,94.41144112,94.5084139120482,holdout
L260078,W06,94.73399859,94.28758313242736,holdout
L260078,W07,82.14342398,82.47892701581829,holdout
L260078,W08,93.56385561,93.33550108771033,holdout
L260078,W09,92.3350826,92.24030895795646,holdout
L260078,W10,94.90737006,94.56343562111934,holdout
L260078,W11,94.04281585,93.73232808206212,holdout
L260078,W12,92.8570132,92.68099796780932,holdout
L260078,W13,94.20828215,94.28105608632924,holdout
L260078,W14,95.33556544,95.01972552764666,holdout
L260078,W15,94.18434891,94.14295705086234,holdout
L260081,W01,88.95238128,88.80218515932819,holdout
L260081,W02,90.3817846,90.40163787896752,holdout
L260081,W03,89.15220845,89.57893131645366,holdout
L260081,W04,92.55932354,92.66644452856468,holdout
L260081,W05,90.83175666,90.70923427303023,holdout
L260081,W06,93.23212356,92.88715278836398,holdout
L260081,W07,92.92992879,92.88629164719384,holdout
L260081,W08,88.46277113,88.4295241050006,holdout
L260081,W09,90.89544968,91.2223101166447,holdout
L260081,W10,86.48996933,86.56354178635168,holdout
L260081,W11,94.36156574,94.18215553500912,holdout
L260081,W12,91.37396849,91.30267584872092,holdout
L260081,W13,93.22552431,93.29138462836934,holdout
L260081,W14,94.22103329,93.88637926686825,holdout
L260081,W15,89.69532164,89.84958284646638,holdout
L260084,W01,90.85585384,90.851860379192,holdout
L260084,W02,95.75088829,95.79283196188592,holdout
L260084,W03,93.49344169,93.41768935071552,holdout
L260084,W04,93.94979039,93.38744953641884,holdout
L260084,W05,92.43067955,92.31219341434884,holdout
L260084,W06,91.73633423,91.62075900666125,holdout
L260084,W07,94.45936253,94.43198121883432,holdout
L260084,W08,85.55957719,85.14833346632791,holdout
L260084,W09,95.15211495,95.18565758064678,holdout
L260084,W10,88.61470143,89.61523484022393,holdout
L260084,W11,92.00937097,91.9571118884319,holdout
L260084,W12,92.67721692,92.51630102432034,holdout
L260084,W13,90.76984889,90.84360444093652,holdout
L260084,W14,92.046741,92.12615047508729,holdout
L260084,W15,90.04546597,90.33899608373434,holdout
L260091,W01,92.31760161,91.59183624544694,holdout
L260091,W02,87.48030521,87.90307372782779,holdout
L260091,W03,91.33019761,91.127151600517,holdout
L260091,W04,92.52713931,92.55397585251268,holdout
L260091,W05,94.55253566,94.44225557864551,holdout
L260091,W06,92.40772941,92.35851411223292,holdout
L260091,W07,94.07618231,93.80049596231508,holdout
L260091,W08,93.0780781,93.06381299284963,holdout
L260091,W09,90.06417057,90.06588139187787,holdout
L260091,W10,93.84861746,93.80939050738168,holdout
L260091,W11,91.59450402,91.59389619016716,holdout
L260091,W12,92.44937564,92.52164214675972,holdout
L260091,W13,94.61562642,94.27469070461406,holdout
L260091,W14,93.08444301,93.2982298582215,holdout
L260091,W15,94.73107111,94.5921243508888,holdout
