LotName,WaferNum,SimulationDate,FIC_ET_Bad_Gates,FIC_ET_C100S1,FIC_ET_C200_0S1,FIC_ET_C200S1,FIC_ET_FC_lin_4,FIC_ET_G_per_15,FIC_ET_G_per_25,FIC_ET_G_per_2p75K,FIC_ET_G_per_6K,FIC_ET_G2_per_6K,FIC_ET_Gate_res,FIC_ET_Gm_m2,FIC_ET_Gm_max,FIC_ET_GT_lin25,FIC_ET_HIRS,FIC_ET_Id_mAmm_at_Vd_cond,FIC_ET_Ids_m2,FIC_ET_Ig_mAmm_at_Vd_cond,FIC_ET_lkg_5,FIC_ET_lkg_SY07_10,FIC_ET_lkg_SY8_80,FIC_ET_OHMC,FIC_ET_Probe_Number,FIC_ET_R_f_hr_1,FIC_ET_R_f_hr_2,FIC_ET_R_f_hr_3,FIC_ET_R_f_tn_1,FIC_ET_R_f_tn_2,FIC_ET_R_f_tn_3,FIC_ET_R114,FIC_ET_R214,FIC_ET_R314,FIC_ET_Rc_f_hr_23,FIC_ET_Rc_f_tn_23,FIC_ET_Rc_OG142,FIC_ET_sh_f_hr_23,FIC_ET_sh_f_tn_23,FIC_ET_sh_GA142,FIC_ET_TANR,FIC_ET_TR_1F,FIC_ET_Vd_at_Id_cut_cond,FIC_ET_Vdg_max,FIC_ET_Vds_max,FIC_ET_Vg_gm_max,FIC_ET_Vg_Vds_max,FIC_ET_Vp_1,FIC_ET_DC_PIV_Drain_Lag_0,FIC_ET_DC_PIV_Drain_Lag_1,FIC_ET_DC_PIV_Gate_Lag_0,FIC_ET_DC_PIV_Gate_Lag_1,FIC_ET_DC_PIV_Ids0_QP1,FIC_ET_DC_PIV_Ids0_QP2,FIC_ET_DC_PIV_Ids0_QP3,FIC_ET_DC_PIV_Ids1_QP1,FIC_ET_DC_PIV_Ids1_QP2,FIC_ET_DC_PIV_Ids1_QP3,FIC_ET_DC_RF_Gm_0,FIC_ET_DC_RF_Gm_m0p2,FIC_ET_DC_RF_Gm_max,FIC_ET_DC_RF_Id_gm_max,FIC_ET_DC_RF_Ids_m0p2,FIC_ET_DC_RF_Idss,FIC_ET_DC_RF_Imax,FIC_ET_DC_RF_n_gd,FIC_ET_DC_RF_n_gs,FIC_ET_DC_RF_Vbgd_0p01,FIC_ET_DC_RF_Vbgd_0p1,FIC_ET_DC_RF_Vbgd1,FIC_ET_DC_RF_Vbgs_0p01,FIC_ET_DC_RF_Vbgs_0p1,FIC_ET_DC_RF_Vbgs1,FIC_ET_DC_RF_Vbin_gd,FIC_ET_DC_RF_Vbin_gs,FIC_ET_DC_RF_Vboff,FIC_ET_DC_RF_Vdg_max,FIC_ET_DC_RF_Vdg_max_0p1,FIC_ET_DC_RF_Vdg_max_0p1mA,FIC_ET_DC_RF_Vds_max,FIC_ET_DC_RF_Vds_max_0p1,FIC_ET_DC_RF_Vds_max_0p1mA,FIC_ET_DC_RF_Vg_gm_max,FIC_ET_DC_RF_Vg_max_Vd,FIC_ET_DC_RF_Vg_max_Vd_0p1,FIC_ET_DC_RF_Vg_max_Vd_0p1mA,FIC_ET_DC_RF_Vg_optt,FIC_ET_DC_RF_Vg_optt1,FIC_ET_DC_RF_Vg_optt2,FIC_ET_DC_RF_Vg_optt3,FIC_ET_DC_RF_Vp_01,FIC_ET_DC_RF_Vp_1,FIC_ET_DC_RF_Vt_gd,FIC_ET_DC_RF_Vt_gs,OHMIC_ET_lkg_5,OHMIC_ET_OHMC,OHMIC_ET_OHMIC_conc,OHMIC_ET_Probe_Number,OHMIC_ET_R114,OHMIC_ET_R214,OHMIC_ET_R314,OHMIC_ET_Ran_con_1,OHMIC_ET_Ran_con_2,OHMIC_ET_Ran_con_3,OHMIC_ET_Rc_an_ct2,OHMIC_ET_Rc_OG142,OHMIC_ET_Rsh_an_ct2,OHMIC_ET_sh_GA142,FIC_Height_FIC_metal_thickness,OHMIC_CD_Ohmic_CD_litho,OHMIC_Thickness_SiN_Thickness
L260001,W01,2026-07-03,13.90976305,1.03897924,1.190073265,1.049971862,61.50722073,79.69156858,58.66707408,12.14438338,47.91718861,81.01689723,3.939012453,541.5135764,551.0469472,42.75076368,61.61842407,56.40923919,66.0125848,84.16527147,0.079585918,0.0443468,0.058377763,8.425438382,4.951886686,47.48461919,47.81094992,71.35029664,30.44848388,86.83617703,67.82715328,15.10312313,51.52758918,40.40323131,0.139666927,0.189924741,0.163474218,84.22085945,19.65088758,45.49074786,41.70330933,54.27625332,96.87081736,57.37153401,66.63668167,535.0933682,61.792626,-0.993713004,9.374734167,8.296706652,5.58587304,5.761114402,93.16247529,38.23609043,90.49225163,77.44944016,49.32446571,20.89548898,582.5644423,587.9584396,548.0446573,535.4281792,18.33684992,332.9879476,735.1118193,41.14109751,74.88381029,22.39406159,26.10797408,26.27730682,28.22173853,27.403833,31.1870037,28.21379434,26.24907457,71.52225899,64.01206122,52.00195477,4.902891232,22.1152258,33.64234587,90.34691717,537.8649004,2.908350228,68.31310281,16.15169236,94.19159818,24.05869138,35.88537922,65.25127705,-1.021464071,-1.055468153,70.90985464,92.16477059,0.047500989,13.48197565,50.64578999,5.038249255,9.414958716,80.13587393,33.92369017,102.5313967,49.09787968,84.49917164,0.165131787,0.151152191,105.3208977,82.66464339,1.963079795,0.983557924,0.175212788
L260001,W02,2026-07-04,14.14997082,0.70256682,0.817093942,0.899724924,61.13526263,84.1108962,56.59378841,10.00321215,49.43685082,81.29059336,0.269792976,526.4360697,549.8556225,39.35691812,57.4597551,51.09371611,65.0079128,78.28381911,0.04995192,0.055395611,0.060361588,10.22184262,2.001502583,50.07337482,47.72611834,69.79228817,32.80271804,90.74514743,73.41670393,13.03827841,52.30495123,39.22552266,0.197215148,0.212289743,0.201671843,89.94798476,19.04614083,48.10677208,46.29552533,57.38995017,93.52248104,50.84533782,63.8536735,533.876463,64.40540861,-0.914421887,0.924607228,2.466026611,3.02171432,1.068102561,93.39305599,35.753472,92.25372903,83.10773164,42.83834523,15.83511393,528.328522,554.7805734,556.2297388,574.2365197,16.13199348,366.7245875,681.6342976,40.79274595,66.2440059,28.55046668,25.08817002,32.23299565,30.46462267,28.71543492,31.73344256,27.83161396,27.67336711,74.89642472,55.55286706,53.20273608,8.240280053,18.00053069,28.34951495,93.71384931,519.7894911,-0.387013228,71.40261285,15.42402154,99.0270885,23.13718811,31.71519183,68.19527266,-1.060122577,-0.945594038,68.55261976,93.11532791,0.037545311,16.1955659,53.49940976,0.992528682,11.02399408,82.49868268,32.16230094,96.78667344,54.07724222,84.67352662,0.206174183,0.204454724,113.7432926,85.03464938,2.033206711,1.013170285,0.154762048
L260001,W03,2026-07-05,15.66510281,0.961809981,1.026347114,0.868457993,60.93660697,83.21322953,55.10366006,9.262114031,47.33853964,81.03623338,1.663956293,581.6753109,568.1172975,39.04893992,60.02715636,49.7159677,62.19385968,83.14305954,0.078449859,0.100874607,0.096755732,10.30593842,3.856617288,44.95079311,50.18635468,67.38513902,31.02388244,89.06018255,66.91609802,7.850738734,55.0226918,41.4210822,0.200645782,0.221711904,0.215488674,88.8633264,19.8131796,46.22864942,45.01037346,53.77577063,96.77785729,52.40804446,65.33308535,499.2488316,65.03245041,-0.963606572,8.488899257,8.418030778,8.091035109,5.562233654,95.82499357,38.41898164,87.6543691,79.52459031,47.36800781,18.66618818,554.4754116,573.2717282,543.2764251,537.8935095,15.53232145,354.2888854,686.8357101,41.71624732,69.44266944,25.29765046,24.2586081,24.64816052,26.23915965,25.62311513,26.93180664,26.68815056,22.36826291,75.48614677,58.71744017,49.71576278,3.864695056,19.54215595,32.78589674,88.70373529,527.299527,-2.037886381,66.00091987,13.79584924,91.10494202,23.82915859,33.80939846,63.48966129,-0.936156973,-0.923803701,64.26828917,92.76004278,0.097009604,13.18512929,51.80562288,4.993829147,4.939992089,81.18372299,29.41919541,95.76217516,47.75079441,80.93021107,0.199378695,0.204221317,111.5806958,86.63979931,2.138810602,0.999199876,0.150621399
L260001,W04,2026-07-06,11.36780045,0.866821061,0.785059164,0.829078664,60.34236004,84.30320313,57.43741323,9.065471485,51.29339919,82.81432384,4.164661429,517.4806967,544.4034532,41.84179949,56.36993855,49.70182507,66.98157676,80.81105442,0.038329735,0.04342725,0.047175404,7.750657163,2.968298902,48.31870238,44.34624912,70.06809372,35.84195414,84.84503837,67.18737403,11.68611039,55.2643356,39.47677321,0.127220996,0.176605743,0.154425906,87.53698739,21.56689921,46.97414848,44.45436013,54.23510022,99.63950585,58.17589325,65.92452061,558.1606333,60.08000503,-0.945781617,5.516760688,5.687180227,2.572734029,4.595255522,93.29442006,33.01715995,85.68449329,75.15446187,47.14448732,18.5795179,531.4417335,516.0091373,523.5520297,557.8991196,17.92204331,353.7638156,708.5053455,37.87845577,73.3576576,25.07988492,27.46552288,24.58630563,28.74539597,25.37174182,31.53708511,27.38908447,30.41408586,71.27204818,59.77940896,51.51839368,3.479184076,22.58055144,34.26948855,95.29950715,531.5622426,-1.85045867,67.80694874,15.05801653,91.91529659,22.62211565,28.86073833,63.49922593,-0.86713828,-0.938453001,70.74123794,87.6850383,0.046773312,15.76958327,51.9023375,2.04129651,6.499487691,82.50379441,34.34812583,92.8628559,50.27836515,81.67970518,0.139847721,0.145233552,113.05458,82.45500448,1.882290869,0.973869998,0.154928551
L260001,W05,2026-07-07,16.82774384,0.90471439,0.826318651,0.816292736,62.51290522,83.63023112,54.06212265,11.02410068,51.79432686,82.48117553,1.940236768,525.0735662,501.5221313,42.36123984,55.72996026,49.59478067,67.02232607,82.96398959,0.102452108,0.11466992,0.05923563,12.02187459,3.011760197,51.21535252,46.28566104,72.95213016,29.56665754,87.19448909,75.53710595,11.69846227,52.87028766,38.95094305,0.18132067,0.170427234,0.202748896,80.4064436,18.14154044,45.6288411,46.08392936,54.6737041,90.75553714,57.04435468,64.50825321,537.8757062,63.8861164,-0.906367221,7.999591201,7.296148358,5.352593849,6.102933122,99.52770123,38.64822938,84.92283743,76.77275807,54.02727416,21.18524519,538.3271435,534.3861257,526.9207618,513.0001073,17.4647077,344.1636521,617.2653893,39.70662682,70.76056338,29.17300555,28.13177151,29.66818669,31.0991656,28.11851299,24.50524491,26.78238165,25.08593076,74.06077034,61.03641799,48.32532655,6.278891298,20.71917898,33.8544555,91.87261519,531.3598805,-1.401173487,68.23533676,13.15613631,93.38109692,22.44126324,30.74068123,62.89765148,-0.970318727,-0.977610858,66.05997127,90.7221679,0.118064576,14.42207272,50.87855747,3.990066554,8.715347283,81.31568319,31.1315277,91.62950905,48.46189027,84.09447007,0.184023318,0.224218261,103.8097124,85.84543995,2.060929445,0.991776737,0.155229773
L260001,W06,2026-07-08,14.58454719,0.88473612,0.92305199,0.912915453,65.17950499,82.9766864,56.33571886,7.947697402,46.43321217,84.93846568,2.84636079,566.3026416,570.1512061,41.11375429,57.29543771,51.10221367,66.33961679,83.11986563,0.047262485,0.035333058,0.047164944,9.681714734,0.99785321,50.23416521,50.13053061,74.11299103,33.27290353,87.32056358,74.30730685,10.99368073,55.20660235,40.56518065,0.210444667,0.176046955,0.176045458,89.0995282,15.26033017,49.11085009,44.80938851,56.81944278,97.09716417,52.59257696,70.06480807,573.2227112,63.56979729,-0.910160281,5.092165222,6.380006691,3.494069961,4.396976258,92.94538211,41.3665198,88.44246628,79.66829456,51.54609916,19.01150427,536.3719334,557.7605132,616.3740465,579.3717321,15.27062271,380.9052418,744.6873734,41.08678849,69.79813771,28.41212402,33.56685206,28.79798445,27.02050965,29.51774259,28.19403881,30.83916278,27.74987102,72.74587329,59.91481553,52.55017914,4.339174315,20.6489308,30.05174452,94.83348348,563.884299,2.665743174,68.13014876,11.54723201,94.97052482,24.8069683,32.647511,67.89242941,-0.892018378,-0.999487316,71.33210062,94.59547101,0.040355161,14.80434698,53.46705806,1.005238283,5.892925247,86.59661446,33.57618538,101.2541934,51.46328478,80.80466171,0.213538235,0.21824575,117.9104869,84.38539727,2.150611733,1.008894568,0.15386885
L260001,W07,2026-07-09,12.67261968,0.944452994,0.893115544,0.836603176,60.88988208,81.90391474,54.38123475,7.365969046,47.4516557,83.25609433,3.058242176,525.3479245,550.7876334,42.582012,58.43812911,54.24167181,70.00239602,82.311617,0.135831609,0.178786586,0.157005048,8.012218046,4.10343991,48.84327407,48.318605,68.8149896,30.18775134,83.31172629,68.09096045,11.49074388,51.06539316,36.82236601,0.159342053,0.200904671,0.17777964,86.64211328,12.09142554,47.73509841,46.12056243,60.18286002,96.47212166,51.63798663,64.6955417,523.8777455,60.99822302,-0.900250631,8.545930531,7.260096264,5.380655311,7.683802014,101.3021866,36.91822326,88.80592357,77.99459423,49.82126308,18.907818,529.2600499,558.5275252,549.6387378,599.6154191,19.1415871,376.7513277,681.8410742,42.88590979,67.69213325,22.89299197,28.78746209,28.4983658,21.93029947,26.25902965,27.48086167,29.19123502,21.45129421,70.97847232,62.56884759,53.05689221,7.542084419,20.47122821,33.94293312,92.53947581,558.8002801,2.447340814,69.07284224,16.94690543,92.19368522,24.76860751,31.99920727,68.31808076,-0.839127837,-0.839676982,67.6107354,89.52217149,0.120976991,12.82002228,54.52693119,4.014198017,7.703625087,79.73155362,32.72241953,98.78262729,46.41224758,83.03270642,0.174568747,0.192607716,106.1357015,85.03661991,2.017855185,0.993070454,0.155176215
L260001,W08,2026-07-10,16.2062915,0.846272311,0.882506588,0.801015075,58.96961901,83.41139451,52.74973645,4.970194241,48.91065564,80.57819459,4.225855601,522.2600831,490.4669886,42.35438154,53.82094456,49.33393237,63.88559674,81.76532278,0.422873893,0.305455445,0.342170563,10.26680422,3.907518443,50.59328158,43.67917946,71.27791162,30.92866933,84.08486583,66.16308184,9.774227324,52.31909205,40.05559413,0.161581746,0.197374132,0.193208204,84.9234055,21.12426091,45.98434632,42.23707592,55.18770178,99.48420803,51.74154232,65.49065563,508.720227,60.36124004,-0.877619865,8.468936498,7.591447613,6.058330471,6.3926271,91.44012465,34.90706444,88.24018674,75.40082083,47.17598336,18.01236955,528.3025713,536.6292536,595.9044869,542.672684,15.80587222,365.7163762,695.5831336,39.28193225,65.88945777,26.29616918,26.77836526,25.74489549,23.05866729,24.98576156,25.33853175,26.53631816,24.13138048,70.67712202,59.44661321,52.17542265,7.805877601,18.79412469,34.29156376,94.27294638,548.6205482,3.271868892,66.13869994,14.16984191,94.47768643,27.20135624,31.63771772,65.90440584,-0.951711155,-0.927550582,68.01338923,90.7116688,0.380423064,13.47555878,55.80914153,1.997033422,7.524475142,81.2037441,33.32248905,93.45017105,47.9426052,82.99960423,0.191082016,0.19581976,108.0024852,82.47031222,2.114585327,1.017207432,0.147085411
L260001,W09,2026-07-11,16.67564143,0.94166932,0.984175993,0.939244185,60.49277181,79.80125047,59.2952477,11.15907458,50.01060079,84.20613085,3.356385639,526.4486244,558.0618485,39.68084682,58.03198981,52.14893992,72.18022644,80.06518036,0.078470363,0.058286296,0.045147942,8.547873174,3.973905173,51.07459214,47.00901631,71.0073683,33.49795035,85.25808447,69.97213208,14.29070093,54.57276269,40.33777046,0.166860822,0.176110049,0.172784326,82.11753715,17.06281019,48.56862595,43.88828799,57.60773933,98.47920836,53.4980537,64.61589376,545.6301236,65.58473587,-0.811310669,6.868414179,8.323392519,5.818558225,5.295276524,96.70644038,36.92070547,90.08378365,74.39359404,49.79524615,16.0752245,516.0088433,546.3888031,562.1514249,580.99882,16.07048921,366.9388355,666.4257026,45.36203967,67.45318106,25.13197583,28.9552842,30.3123844,25.2956071,26.30099451,29.41771019,23.68427452,27.57238529,70.82148647,58.25387168,50.95355295,3.517585528,24.30754809,31.21635281,94.20036977,565.5253243,3.287648451,65.30095143,12.27874779,91.3555398,25.84079632,37.50723436,66.23443295,-0.9100159,-0.878520245,73.67458643,92.2757668,0.065162605,11.55750205,49.18745131,3.942042932,7.221724925,84.65250114,29.38531283,97.36652678,48.94320813,85.77825446,0.17652644,0.183155356,104.7332551,85.22436006,2.160810815,1.024516972,0.161680587
L260001,W10,2026-07-12,17.27639772,0.947065893,0.916672083,0.989845461,59.61880149,85.0577684,56.18800654,8.476816707,48.50918992,80.92449322,3.257401828,530.2139822,529.4161537,43.81594447,56.37725753,55.63217158,65.12862433,73.32996299,0.100611212,0.173382318,0.158235936,7.79662372,4.918434709,49.8151038,44.57522103,68.95965922,30.82024585,85.10295534,71.2490329,10.35979621,49.84745796,35.70944891,0.163052531,0.166101734,0.180222425,87.81238375,15.47815122,49.48031586,43.07196827,57.76384326,93.8970556,51.70999464,65.39152852,534.4940705,63.18854956,-0.875736755,9.897512344,8.095573566,6.414924659,6.19252601,92.3573985,37.25939481,85.69353003,77.37883531,46.24437606,17.73987837,535.6462552,514.6920909,551.2349767,519.1610018,17.04726623,317.5607233,704.9041275,38.1190456,68.96115395,26.22332908,25.42060981,25.35169779,22.71987006,21.56843718,21.52806576,29.8061108,28.86728237,70.27286539,62.58321293,49.4195124,11.99976948,17.8043359,32.47577087,93.09329764,527.1490862,1.118852012,67.98667646,18.34807844,93.38047846,23.06737177,32.98375894,64.06862609,-0.948420602,-1.025945479,72.93364473,88.82364709,0.155425179,15.01733351,49.5085978,4.034813412,9.897927052,80.42007999,28.92024742,92.19949219,48.851374,87.65245425,0.17639197,0.174710953,111.9412495,83.26995107,2.095883688,0.988828031,0.159384022
L260001,W11,2026-07-13,15.87862662,0.877809112,0.80584989,0.806378607,58.46489129,82.26514369,57.75309651,14.14070535,50.08890281,86.02414469,5.376647341,597.0070915,551.0939769,43.64004228,60.79459343,55.46236518,66.50340691,78.63284325,0.083310811,0.098027627,0.09776724,11.22886919,3.976313746,48.03423539,43.89716318,72.90745638,32.36756879,88.85121584,73.76678502,10.60052129,54.99507139,38.01293764,0.191910851,0.187667449,0.194420057,86.38648694,21.22219338,50.32121162,45.70975937,56.89215156,101.481485,56.64051029,68.67830624,580.5622959,62.36699747,-0.927160757,8.247217546,6.63894003,5.494658818,4.544543935,98.79783886,37.27349991,91.16911693,79.59744281,51.14778155,17.21163054,573.1911466,564.2454636,570.0542416,565.2781075,20.69289912,391.6001694,732.0944646,42.86616644,69.24372864,27.43116513,25.97314116,28.66523133,28.75083088,25.88123101,30.9344133,27.46585393,24.31837524,78.92862178,58.47799798,47.91140599,4.873460702,21.38421486,33.27463592,93.33264516,562.24738,-0.867213839,66.96678805,16.33488006,96.80351451,23.80873666,30.84048119,65.09300489,-0.971660997,-0.866378498,70.78503086,88.00184192,0.11414788,13.99311554,48.85852533,4.044329865,9.709251876,80.67514777,30.74591533,97.72884807,49.86433518,84.15929853,0.190423379,0.163927679,111.7558031,86.14458013,2.208041728,0.998066693,0.147450747
L260001,W12,2026-07-14,13.69438991,0.673925758,0.886724105,0.854600492,60.80568851,81.59703266,53.91687047,9.598560076,48.72370929,82.05426967,4.64082821,568.4858617,542.8706098,42.75296822,60.25370956,53.15485168,64.56566254,79.59215707,0.0527883,0.073871024,0.056764856,9.984252854,1.970661547,46.51934583,43.18421415,71.88295954,30.3268645,84.90478385,71.63776274,11.56729589,52.85467008,35.62591466,0.133620011,0.159262099,0.150787089,84.08194362,18.93288221,47.17416494,42.81115167,53.98025365,93.58219681,56.28881271,62.66856593,543.0969021,61.30084383,-0.797645698,8.027940617,7.856069014,5.002787906,5.861775363,96.93509899,36.32379286,85.91189455,77.3412192,46.05989248,19.00896902,546.632947,540.5851963,574.5939901,540.4838419,16.09753441,378.1127168,723.4734366,39.79217062,70.13201975,24.90905084,23.50434361,26.19561372,25.5999022,25.08887971,27.00109873,25.03818698,24.38217502,74.12120036,61.11161827,46.32052741,4.558083848,21.6761364,30.73962187,95.2249471,520.2228963,0.931113254,65.82525217,13.19750044,96.19931832,26.82372283,33.76261706,67.92654941,-0.82262153,-0.755130605,72.34003089,91.30419929,0.040960516,11.18514868,54.13933498,1.009556542,8.182102765,82.97115689,35.4118401,95.13053633,50.54958274,84.86462429,0.136906411,0.165901588,101.3472473,82.47955272,1.831481465,0.986972397,0.148451784
L260001,W13,2026-07-15,13.07934429,0.780770247,0.830664227,0.757126572,61.43076331,84.87340215,59.57002108,8.797326351,47.68903688,86.19764424,4.695867857,518.8804716,517.7668582,43.34532474,59.5910735,50.1300464,67.16801336,82.40907144,0.104328822,0.109991769,0.077792227,10.4173825,4.983517352,52.57752486,45.72256417,69.89794517,31.60694695,89.3254792,70.35684445,12.81962644,56.43367758,44.199579,0.196131896,0.229667383,0.210407459,86.32172604,19.05282949,46.18813798,45.17152624,55.54889083,98.71862204,55.95852361,66.24990852,543.3365159,66.01449336,-1.012320174,6.155368448,5.835681756,3.776651963,3.64031019,95.68336801,41.14569374,86.86454638,78.27041649,51.77140636,16.44611044,498.1235408,534.4596814,518.1696793,500.0332489,13.74170862,353.2000437,666.3062322,41.42869924,74.49272276,28.45886099,26.92778896,25.35218959,28.71822093,29.77914986,28.92878058,30.75665459,23.69152949,74.8191035,60.74161246,50.61542876,6.061420875,19.9336784,32.53776737,91.70049178,495.4654803,-3.245833867,69.92627281,15.43674252,95.51355024,25.6495315,30.10428011,66.73442509,-0.974469083,-1.127270976,70.60684126,94.47586873,0.068881924,12.68924242,49.67554425,2.99552879,5.99548071,86.1004445,32.39979395,96.25694363,51.7829402,90.49344954,0.202704591,0.167879516,123.4284586,83.12759101,2.117520369,0.996454287,0.145705429
L260001,W14,2026-07-16,18.35786901,0.861674984,0.904124067,0.883051892,63.05874825,83.37585597,61.61657754,9.426745656,51.14565001,85.63644367,5.148428414,525.1186355,519.553395,42.13254897,60.21972034,59.14483218,65.78374093,83.51140433,0.065929846,0.049392188,0.031024036,7.658133151,5.034482701,46.12356109,45.05141001,67.75782707,33.3280556,87.74092069,71.29326794,13.49922383,54.82540252,38.2558857,0.247502301,0.26083649,0.262991918,89.66592373,17.94448082,48.56792876,49.77917765,57.55945912,104.331994,55.64458715,69.78860948,556.489826,62.46756255,-1.058466947,5.744177487,5.677040441,5.097345882,4.922179545,95.23484409,39.07514506,87.61478989,76.3615821,51.85360343,19.9539629,506.6178702,535.5898797,532.8813997,554.0619792,19.93332243,367.8276569,694.6553102,41.17013485,69.99656994,25.24539638,25.93439468,26.74244568,30.92136597,27.58330742,29.6592417,31.93837486,30.97775424,73.55679047,61.1984048,51.25836906,3.945367647,19.64733497,32.46436159,95.26110965,474.0541879,1.85074741,73.91073556,14.22139528,92.84022996,26.87774006,33.46957812,67.27715853,-1.089135981,-1.070355949,69.90532523,89.82789214,0.046697192,8.765582764,50.35436682,3.027538348,7.672295855,79.61569026,32.30497652,95.42791437,45.56486484,83.7414225,0.264202982,0.271129954,117.6696195,88.26613177,2.359554094,0.968087957,0.160012818
L260001,W15,2026-07-17,17.44160885,0.730111936,0.82136149,0.78711059,63.84472199,80.74367453,58.52489554,8.96576777,47.26590908,80.21444735,3.689640886,471.8431359,501.0632615,41.0743086,55.3784253,54.5504899,67.83218235,84.03097438,0.117387641,0.104996185,0.154917891,11.95331746,4.889880402,51.55071836,45.64094866,70.81876827,34.35182896,85.31624218,71.41233257,15.38232919,53.0222383,39.67668037,0.284560812,0.247442922,0.225263586,86.4304805,19.73539818,44.29109971,46.69480439,58.22349815,100.1242065,55.69310137,66.17518519,506.0988791,62.85809757,-1.040293477,8.977843013,9.90957402,6.777595488,7.029981279,96.75942173,40.42558585,91.79832736,78.49962682,50.08806976,18.41170239,484.1766637,529.1008939,499.4551585,506.7067994,18.14020464,372.0304386,624.1041047,41.31329683,69.18472781,28.28562419,28.97501105,25.06689586,22.38375406,25.26834777,22.96155666,32.26754431,31.33818854,70.44318008,60.24110656,50.54822771,6.876193131,17.94861494,31.39958704,95.03947243,501.3938727,3.555598724,66.31235552,13.89719796,95.69513206,28.49139495,30.8565331,65.96271109,-1.041138428,-1.073364814,68.05549768,92.16235462,0.12308245,12.11667053,51.2052259,0.993161549,9.2980271,83.95318767,32.61260483,100.329042,49.36340962,84.72960334,0.256966784,0.266177511,130.7071272,82.28105921,2.207830935,0.994951382,0.143851491
L260005,W01,2026-07-18,16.85138899,0.784782714,0.780949198,0.69982288,62.100574,86.63716157,55.70474121,9.808531059,51.13239476,83.11936538,7.333651586,506.8205188,444.861958,42.46469473,57.28495607,51.58454933,68.30322076,85.62739982,0.030757523,0.019703305,0.022883826,9.416188484,2.058014083,50.49324241,45.88497953,75.06792997,35.57406915,86.77001914,72.73152634,12.24772182,54.42525333,39.88125841,0.190776153,0.239087446,0.23990585,87.74155445,17.54925126,49.63673141,44.88138243,57.11560284,102.5915027,58.73216273,65.87226946,498.6087512,64.80429159,-1.185070593,3.381642626,3.257820945,3.269416681,2.268639334,97.2394516,39.15955979,92.76088284,75.97688499,51.00991501,19.39101533,453.1711565,449.961878,470.0284603,421.7817624,19.30298999,302.1560209,580.8269787,42.04039613,76.72158062,29.75709352,35.2605163,30.28994207,34.29336629,32.46157743,34.71917861,37.48184502,33.92234664,73.15108555,59.72462594,50.94598239,6.660272601,19.08744408,35.17773598,91.88814215,469.7172635,3.52210663,69.78301937,18.21518493,96.49090803,29.03407587,32.81255031,66.43135386,-1.240799577,-1.258097984,69.22091195,92.79022381,0.037018441,11.14464108,52.53927471,1.00216682,6.678162016,83.83666975,35.83832326,100.9348601,47.11676527,85.20259488,0.214587263,0.210285425,115.8673221,87.71969818,2.162787329,0.928714903,0.145438573
L260005,W02,2026-07-19,15.24532861,0.79889623,0.722132792,0.720361419,66.3140925,90.30690508,55.69168942,11.50057234,51.38931763,80.73022605,3.10798927,506.3113225,500.1862863,47.53252783,61.8333258,54.61115972,65.95322629,80.26704946,0.02744894,0.034985565,0.027534627,9.041965859,2.001029842,48.27352991,48.16443374,67.55287212,35.22659346,89.10570501,69.9645727,9.836006319,54.68653969,41.90259663,0.223865485,0.24620436,0.236091893,88.00537301,16.98605393,49.34682222,48.28812067,59.37737489,100.3976235,55.57671977,63.40884209,483.2195394,68.23764274,-1.198293883,2.170957177,2.51484,1.319156603,3.659268398,101.0061388,37.15214638,92.54974239,78.80483492,50.57247076,19.50208307,484.3784836,468.3455961,461.5164931,497.3841641,15.39801422,341.4182763,599.0973211,42.01747181,65.85659759,33.30893358,33.30158831,32.95350883,33.18807769,30.21997699,34.78780414,26.13202197,28.89510684,78.22731424,61.02323994,51.18009059,6.769438957,20.86759477,30.721566,95.48055235,487.900184,2.686370429,67.03470484,14.99091002,95.53878677,26.02379863,32.48061076,69.18224013,-1.220201524,-1.124352893,75.67190282,96.66996409,0.032234169,13.52057149,49.9704595,3.01212507,8.475104668,81.58908484,32.41701228,93.11448473,49.81096736,84.56563901,0.227778642,0.224077414,121.1854318,88.82521853,2.207974209,0.980163342,0.145909015
L260005,W03,2026-07-20,11.65129746,0.793826473,0.776331251,0.818875941,65.04380523,84.39416186,58.83204134,12.87281069,48.24920015,85.41058715,6.252910834,467.8537928,488.31651,44.2692363,64.14848011,54.28173588,66.91903517,83.36557647,0.026688297,0.029080989,0.024433796,11.94158741,4.068963264,48.28548677,50.75521748,70.64048607,34.38135899,87.76623298,71.72535027,8.582451849,49.31780496,38.58001649,0.257981729,0.23715954,0.225840278,87.74586738,14.81553695,49.28003038,45.62051096,56.52003334,98.21934051,54.61903311,61.96491074,477.0454862,62.21131573,-1.327136625,2.385405912,4.725922572,1.627904631,2.476943599,96.9857991,36.51514552,87.90986797,79.20527478,51.67904316,19.45264405,450.6274111,462.2272458,492.838986,469.1978792,17.71501467,327.91033,613.0804243,41.93025198,66.69133377,33.4932329,24.80442015,30.05680272,27.84224907,30.36823281,27.64875414,28.53188117,32.35870148,76.75037681,63.42762503,52.6438137,4.246332004,19.71123035,33.66046569,96.57201672,460.1865125,-1.491786065,71.23678638,16.035878,95.70253832,26.8412283,32.39629254,67.8660131,-1.242885232,-1.269287643,73.22216344,90.50715516,0.036946523,11.7933597,53.64224265,2.989312756,6.721746212,85.19981294,33.63021948,98.84753072,53.06408926,84.04004366,0.247407127,0.223684023,119.6313614,87.88799841,2.157382575,0.993425242,0.149591797
L260005,W04,2026-07-21,16.6967431,0.826304454,0.814076479,0.857035559,61.99256623,87.66425854,58.83760081,11.34505297,48.66629166,84.11544202,3.118711534,482.5188914,490.0286944,41.38703204,60.82157736,53.73829495,68.01213394,87.73533783,0.023508709,0.02479977,0.022244693,9.165883935,2.998206972,51.77062233,51.66605211,74.07776977,33.62903323,88.7523786,74.41200137,13.65269106,54.85163617,41.40837556,0.247316576,0.244765489,0.273315409,89.75182336,16.91179851,48.94547141,46.66883291,57.94941497,101.1996385,54.33351029,68.45961512,477.5250441,63.30831775,-1.121306297,0.498503922,2.203227464,0.499396081,0.503186855,101.6218671,36.20664617,95.98219263,80.13441867,50.56624816,17.46791113,482.7995659,472.2662206,496.2202699,515.294979,19.02707729,347.502285,654.1863193,40.08692407,73.86502509,36.48144887,33.23323364,32.55692884,35.66353674,33.78725727,31.58902784,32.5531343,34.48748744,74.88385098,63.15518441,53.33044725,4.931213312,22.25301822,27.47046944,94.91517047,530.0595911,1.510052561,70.22843956,14.09084845,98.61477427,26.63737978,32.46097117,65.95223156,-1.171558409,-1.195770189,73.71159134,92.56512912,0.01771288,14.89229765,54.88793355,2.99220085,7.881127437,87.22519511,33.31304414,96.70103525,51.5287993,88.48362253,0.239242175,0.245495527,127.1833206,91.07911995,2.053854555,0.965320673,0.15502348
L260005,W05,2026-07-22,14.16890716,0.979024897,0.969556403,0.85679821,57.90657081,78.78944608,54.52587143,8.652939635,45.45621601,81.01198375,1.853770443,421.1806461,445.8202171,41.48861453,56.75055572,51.82697285,70.73765529,80.07897255,0.05426218,0.046285262,0.03964767,10.15722018,2.004571897,50.89809377,46.58724451,72.68074202,32.79310551,82.87892617,69.10518271,15.28841747,55.01743753,39.4353993,0.223977949,0.239411382,0.238608739,84.73337366,18.81707795,46.83810526,44.66266458,53.633385,92.71413582,55.24922006,62.43492032,406.4249676,60.75018358,-1.234563262,7.657082694,8.951082443,5.957033864,5.514608156,99.80395764,35.66101981,86.17705205,80.54284513,46.98493944,18.77215403,412.6858876,391.01634,437.5894491,409.5231452,16.36818046,279.3069533,519.4794974,41.88262612,66.85862616,29.04160353,27.38760559,25.58065851,29.78472964,27.56957071,31.62485843,28.41753237,28.29629032,75.86315988,60.10813102,54.89478604,6.357613417,18.93956939,30.88361165,94.91258723,429.5554509,1.330555241,63.71250082,16.0397382,95.651585,25.36910795,32.56968845,65.85951455,-1.279659132,-1.249830594,68.4815041,88.8668586,0.051566466,13.82024062,50.85537156,3.946220695,10.8968779,77.70912486,34.27505892,94.85213483,49.40956972,82.27319327,0.231271793,0.235218666,122.0102414,81.17703697,2.272866186,0.9708454,0.166867568
