LotName,WaferNum,SortingYield,ResultDate
L260001,W01,88.95238128,2026-10-03
L260001,W02,90.3817846,2026-10-04
L260001,W03,89.15220845,2026-10-05
L260001,W04,92.55932354,2026-10-06
L260001,W05,90.83175666,2026-10-07
L260001,W06,93.23212356,2026-10-08
L260001,W07,92.92992879,2026-10-09
L260001,W08,88.46277113,2026-10-10
L260001,W09,90.89544968,2026-10-11
L260001,W10,86.48996933,2026-10-12
L260001,W11,94.36156574,2026-10-13
L260001,W12,91.37396849,2026-10-14
L260001,W13,93.22552431,2026-10-15
L260001,W14,94.22103329,2026-10-16
L260001,W15,89.69532164,2026-10-17
L260005,W01,93.64584549,2026-10-18
L260005,W02,92.7064931,2026-10-19
L260005,W03,93.30464052,2026-10-20
L260005,W04,90.62093271,2026-10-21
L260005,W05,87.99575786,2026-10-22
